BusinessYear,StateCode,IssuerId,IssuerMarketPlaceMarketingName,SourceName,ImportDate,MarketCoverage,DentalOnlyPlan,StandardComponentId,PlanMarketingName,HIOSProductId,NetworkId,ServiceAreaId,FormularyId,IsNewPlan,PlanType,MetalLevel,DesignType,UniquePlanDesign,QHPNonQHPTypeId,IsNoticeRequiredForPregnancy,IsReferralRequiredForSpecialist,SpecialistRequiringReferral,PlanLevelExclusions,IndianPlanVariationEstimatedAdvancedPaymentAmountPerEnrollee,CompositeRatingOffered,ChildOnlyOffering,ChildOnlyPlanId,WellnessProgramOffered,DiseaseManagementProgramsOffered,EHBPercentTotalPremium,EHBPediatricDentalApportionmentQuantity,IsGuaranteedRate,PlanEffectiveDate,PlanExpirationDate,OutOfCountryCoverage,OutOfCountryCoverageDescription,OutOfServiceAreaCoverage,OutOfServiceAreaCoverageDescription,NationalNetwork,URLForEnrollmentPayment,FormularyURL,PlanId,PlanVariantMarketingName,CSRVariationType,IssuerActuarialValue,AVCalculatorOutputNumber,MedicalDrugDeductiblesIntegrated,MedicalDrugMaximumOutofPocketIntegrated,MultipleInNetworkTiers,FirstTierUtilization,SecondTierUtilization,SBCHavingaBabyDeductible,SBCHavingaBabyCopayment,SBCHavingaBabyCoinsurance,SBCHavingaBabyLimit,SBCHavingDiabetesDeductible,SBCHavingDiabetesCopayment,SBCHavingDiabetesCoinsurance,SBCHavingDiabetesLimit,SBCHavingSimplefractureDeductible,SBCHavingSimplefractureCopayment,SBCHavingSimplefractureCoinsurance,SBCHavingSimplefractureLimit,SpecialtyDrugMaximumCoinsurance,InpatientCopaymentMaximumDays,BeginPrimaryCareCostSharingAfterNumberOfVisits,BeginPrimaryCareDeductibleCoinsuranceAfterNumberOfCopays,MEHBInnTier1IndividualMOOP,MEHBInnTier1FamilyPerPersonMOOP,MEHBInnTier1FamilyPerGroupMOOP,MEHBInnTier2IndividualMOOP,MEHBInnTier2FamilyPerPersonMOOP,MEHBInnTier2FamilyPerGroupMOOP,MEHBOutOfNetIndividualMOOP,MEHBOutOfNetFamilyPerPersonMOOP,MEHBOutOfNetFamilyPerGroupMOOP,MEHBCombInnOonIndividualMOOP,MEHBCombInnOonFamilyPerPersonMOOP,MEHBCombInnOonFamilyPerGroupMOOP,DEHBInnTier1IndividualMOOP,DEHBInnTier1FamilyPerPersonMOOP,DEHBInnTier1FamilyPerGroupMOOP,DEHBInnTier2IndividualMOOP,DEHBInnTier2FamilyPerPersonMOOP,DEHBInnTier2FamilyPerGroupMOOP,DEHBOutOfNetIndividualMOOP,DEHBOutOfNetFamilyPerPersonMOOP,DEHBOutOfNetFamilyPerGroupMOOP,DEHBCombInnOonIndividualMOOP,DEHBCombInnOonFamilyPerPersonMOOP,DEHBCombInnOonFamilyPerGroupMOOP,TEHBInnTier1IndividualMOOP,TEHBInnTier1FamilyPerPersonMOOP,TEHBInnTier1FamilyPerGroupMOOP,TEHBInnTier2IndividualMOOP,TEHBInnTier2FamilyPerPersonMOOP,TEHBInnTier2FamilyPerGroupMOOP,TEHBOutOfNetIndividualMOOP,TEHBOutOfNetFamilyPerPersonMOOP,TEHBOutOfNetFamilyPerGroupMOOP,TEHBCombInnOonIndividualMOOP,TEHBCombInnOonFamilyPerPersonMOOP,TEHBCombInnOonFamilyPerGroupMOOP,MEHBDedInnTier1Individual,MEHBDedInnTier1FamilyPerPerson,MEHBDedInnTier1FamilyPerGroup,MEHBDedInnTier1Coinsurance,MEHBDedInnTier2Individual,MEHBDedInnTier2FamilyPerPerson,MEHBDedInnTier2FamilyPerGroup,MEHBDedInnTier2Coinsurance,MEHBDedOutOfNetIndividual,MEHBDedOutOfNetFamilyPerPerson,MEHBDedOutOfNetFamilyPerGroup,MEHBDedCombInnOonIndividual,MEHBDedCombInnOonFamilyPerPerson,MEHBDedCombInnOonFamilyPerGroup,DEHBDedInnTier1Individual,DEHBDedInnTier1FamilyPerPerson,DEHBDedInnTier1FamilyPerGroup,DEHBDedInnTier1Coinsurance,DEHBDedInnTier2Individual,DEHBDedInnTier2FamilyPerPerson,DEHBDedInnTier2FamilyPerGroup,DEHBDedInnTier2Coinsurance,DEHBDedOutOfNetIndividual,DEHBDedOutOfNetFamilyPerPerson,DEHBDedOutOfNetFamilyPerGroup,DEHBDedCombInnOonIndividual,DEHBDedCombInnOonFamilyPerPerson,DEHBDedCombInnOonFamilyPerGroup,TEHBDedInnTier1Individual,TEHBDedInnTier1FamilyPerPerson,TEHBDedInnTier1FamilyPerGroup,TEHBDedInnTier1Coinsurance,TEHBDedInnTier2Individual,TEHBDedInnTier2FamilyPerPerson,TEHBDedInnTier2FamilyPerGroup,TEHBDedInnTier2Coinsurance,TEHBDedOutOfNetIndividual,TEHBDedOutOfNetFamilyPerPerson,TEHBDedOutOfNetFamilyPerGroup,TEHBDedCombInnOonIndividual,TEHBDedCombInnOonFamilyPerPerson,TEHBDedCombInnOonFamilyPerGroup,IsHSAEligible,HSAOrHRAEmployerContribution,HSAOrHRAEmployerContributionAmount,URLForSummaryofBenefitsCoverage,PlanBrochure
2026,AK,21989,Delta Dental of Alaska,HIOS,10/15/2025,Individual,Yes,21989AK0030001,Delta Dental Premier Plan,21989AK003,AKN003,AKS003,"",Existing,Indemnity,Low,"","",Both,"","","","","",No,Allows Adult and Child-Only,"","","","",1,Guaranteed Rate,1/1/2026,12/31/2026,Yes,Non-participating provider benefits,Yes,Non-participating provider benefits,Yes,https://www.deltadentalak.com/member/online-tools/member-dashboard,"",21989AK0030001-00,Delta Dental Premier Plan,Standard Low Off Exchange Plan,"","","","",No,100%,"","","","","","","","","","","","","","",0,0,0,Not Applicable,per person not applicable,per group not applicable,"","","",Not Applicable,per person not applicable,per group not applicable,$450 ,$450 per person,$900 per group,"","","","","","","","","","","","","","","","","","","","","","","","",Not Applicable,per person not applicable,per group not applicable,"","","","","",Not Applicable,per person not applicable,per group not applicable,$0 ,$0 per person,$0 per group,"","","","","","","","","","","","","","","","","","","","","","","","","","","","","","","","",https://www.deltadentalak.com/-/media/deltadental/downloads/alaska/shared/brochures/2026/Moda-IND-DEN-Brochure-2026-AK.pdf
2026,AK,21989,Delta Dental of Alaska,HIOS,10/15/2025,Individual,Yes,21989AK0030001,Delta Dental Premier Plan,21989AK003,AKN003,AKS003,"",Existing,Indemnity,Low,"","",Both,"","","","","",No,Allows Adult and Child-Only,"","","","",1,Guaranteed Rate,1/1/2026,12/31/2026,Yes,Non-participating provider benefits,Yes,Non-participating provider benefits,Yes,https://www.deltadentalak.com/member/online-tools/member-dashboard,"",21989AK0030001-01,Delta Dental Premier Plan,Standard Low On Exchange Plan,"","","","",No,100%,"","","","","","","","","","","","","","",0,0,0,Not Applicable,per person not applicable,per group not applicable,"","","",Not Applicable,per person not applicable,per group not applicable,$450 ,$450 per person,$900 per group,"","","","","","","","","","","","","","","","","","","","","","","","",Not Applicable,per person not applicable,per group not applicable,"","","","","",Not Applicable,per person not applicable,per group not applicable,$0 ,$0 per person,$0 per group,"","","","","","","","","","","","","","","","","","","","","","","","","","","","","","","","",https://www.deltadentalak.com/-/media/deltadental/downloads/alaska/shared/brochures/2026/Moda-IND-DEN-Brochure-2026-AK.pdf
2026,AK,21989,Delta Dental of Alaska,HIOS,10/15/2025,Individual,Yes,21989AK0050001,Delta Dental PPO 1000 Plan,21989AK005,AKN004,AKS004,"",Existing,PPO,High,"","",Both,"","","","","",No,Allows Adult and Child-Only,"","","","",1,Guaranteed Rate,1/1/2026,12/31/2026,Yes,Out-of-network benefits,Yes,Out-of-network benefits,Yes,https://www.deltadentalak.com/member/online-tools/member-dashboard,"",21989AK0050001-00,Delta Dental PPO 1000 Plan,Standard High Off Exchange Plan,"","","","",No,100%,"","","","","","","","","","","","","","",0,0,0,$450 ,$450 per person,$900 per group,"","","",Not Applicable,per person not applicable,per group not applicable,Not Applicable,per person not applicable,per group not applicable,"","","","","","","","","","","","","","","","","","","","","","","","",Not Applicable,per person not applicable,per group not applicable,"","","","","",Not Applicable,per person not applicable,per group not applicable,$50 ,$50 per person,$150 per group,"","","","","","","","","","","","","","","","","","","","","","","","","","","","","","","","",https://www.deltadentalak.com/-/media/deltadental/downloads/alaska/shared/brochures/2026/Moda-IND-DEN-Brochure-2026-AK.pdf
2026,AK,21989,Delta Dental of Alaska,HIOS,10/15/2025,Individual,Yes,21989AK0050001,Delta Dental PPO 1000 Plan,21989AK005,AKN004,AKS004,"",Existing,PPO,High,"","",Both,"","","","","",No,Allows Adult and Child-Only,"","","","",1,Guaranteed Rate,1/1/2026,12/31/2026,Yes,Out-of-network benefits,Yes,Out-of-network benefits,Yes,https://www.deltadentalak.com/member/online-tools/member-dashboard,"",21989AK0050001-01,Delta Dental PPO 1000 Plan,Standard High On Exchange Plan,"","","","",No,100%,"","","","","","","","","","","","","","",0,0,0,$450 ,$450 per person,$900 per group,"","","",Not Applicable,per person not applicable,per group not applicable,Not Applicable,per person not applicable,per group not applicable,"","","","","","","","","","","","","","","","","","","","","","","","",Not Applicable,per person not applicable,per group not applicable,"","","","","",Not Applicable,per person not applicable,per group not applicable,$50 ,$50 per person,$150 per group,"","","","","","","","","","","","","","","","","","","","","","","","","","","","","","","","",https://www.deltadentalak.com/-/media/deltadental/downloads/alaska/shared/brochures/2026/Moda-IND-DEN-Brochure-2026-AK.pdf
2026,AK,21989,Delta Dental of Alaska,HIOS,10/15/2025,Individual,Yes,21989AK0050002,Delta Dental PPO 1500 Plan,21989AK005,AKN004,AKS004,"",Existing,PPO,High,"","",Both,"","","","","",No,Allows Adult and Child-Only,"","","","",1,Guaranteed Rate,1/1/2026,12/31/2026,Yes,Out-of-network benefits,Yes,Out-of-network benefits,Yes,https://www.deltadentalak.com/member/online-tools/member-dashboard,"",21989AK0050002-00,Delta Dental PPO 1500 Plan,Standard High Off Exchange Plan,"","","","",No,100%,"","","","","","","","","","","","","","",0,0,0,$450 ,$450 per person,$900 per group,"","","",Not Applicable,per person not applicable,per group not applicable,Not Applicable,per person not applicable,per group not applicable,"","","","","","","","","","","","","","","","","","","","","","","","",Not Applicable,per person not applicable,per group not applicable,"","","","","",Not Applicable,per person not applicable,per group not applicable,$50 ,$50 per person,$150 per group,"","","","","","","","","","","","","","","","","","","","","","","","","","","","","","","","",https://www.deltadentalak.com/-/media/deltadental/downloads/alaska/shared/brochures/2026/Moda-IND-DEN-Brochure-2026-AK.pdf
2026,AK,21989,Delta Dental of Alaska,HIOS,10/15/2025,Individual,Yes,21989AK0050002,Delta Dental PPO 1500 Plan,21989AK005,AKN004,AKS004,"",Existing,PPO,High,"","",Both,"","","","","",No,Allows Adult and Child-Only,"","","","",1,Guaranteed Rate,1/1/2026,12/31/2026,Yes,Out-of-network benefits,Yes,Out-of-network benefits,Yes,https://www.deltadentalak.com/member/online-tools/member-dashboard,"",21989AK0050002-01,Delta Dental PPO 1500 Plan,Standard High On Exchange Plan,"","","","",No,100%,"","","","","","","","","","","","","","",0,0,0,$450 ,$450 per person,$900 per group,"","","",Not Applicable,per person not applicable,per group not applicable,Not Applicable,per person not applicable,per group not applicable,"","","","","","","","","","","","","","","","","","","","","","","","",Not Applicable,per person not applicable,per group not applicable,"","","","","",Not Applicable,per person not applicable,per group not applicable,$50 ,$50 per person,$150 per group,"","","","","","","","","","","","","","","","","","","","","","","","","","","","","","","","",https://www.deltadentalak.com/-/media/deltadental/downloads/alaska/shared/brochures/2026/Moda-IND-DEN-Brochure-2026-AK.pdf
2026,AK,21989,Delta Dental of Alaska,HIOS,10/15/2025,Individual,Yes,21989AK0070001,Delta Dental Premier Healthy Smiles,21989AK007,AKN003,AKS003,"",Existing,Indemnity,Low,"","",Off the Exchange,"","","","","",No,Allows Adult and Child-Only,"","","","",1,Guaranteed Rate,1/1/2026,12/31/2026,Yes,Non-participating provider benefits,Yes,Non-participating provider benefits,Yes,https://www.deltadentalak.com/member/online-tools/member-dashboard,"",21989AK0070001-00,Delta Dental Premier Healthy Smiles,Standard Low Off Exchange Plan,"","","","",No,100%,"","","","","","","","","","","","","","",0,0,0,Not Applicable,per person not applicable,per group not applicable,"","","",Not Applicable,per person not applicable,per group not applicable,$450 ,$450 per person,$900 per group,"","","","","","","","","","","","","","","","","","","","","","","","",Not Applicable,per person not applicable,per group not applicable,"","","","","",Not Applicable,per person not applicable,per group not applicable,$0 ,$0 per person,$0 per group,"","","","","","","","","","","","","","","","","","","","","","","","","","","","","","","","",https://www.deltadentalak.com/-/media/deltadental/downloads/alaska/shared/brochures/2026/Moda-IND-DEN-Brochure-2026-AK.pdf
2026,AK,21989,Delta Dental of Alaska,HIOS,10/15/2025,SHOP (Small Group),Yes,21989AK0080001,"Delta Dental Premier 1000, 100/80/50, 50",21989AK008,AKN001,AKS001,"",Existing,Indemnity,High,"","",Off the Exchange,"","","","","",No,Allows Adult and Child-Only,"","","","","",Guaranteed Rate,1/1/2026,12/31/2026,Yes,Providers treated as out-of-network.,Yes,National Network,Yes,"","",21989AK0080001-00,"Delta Dental Premier 1000, 100/80/50, 50",Standard High Off Exchange Plan,"","","","",No,100%,"","","","","","","","","","","","","","",0,0,0,Not Applicable,per person not applicable,per group not applicable,"","","",Not Applicable,per person not applicable,per group not applicable,$450 ,$450 per person,$900 per group,"","","","","","","","","","","","","","","","","","","","","","","","",Not Applicable,per person not applicable,per group not applicable,"","","","","",Not Applicable,per person not applicable,per group not applicable,$50 ,$50 per person,$150 per group,"","","","","","","","","","","","","","","","","","","","","","","","","","","","","","","","",""
2026,AK,21989,Delta Dental of Alaska,HIOS,10/15/2025,SHOP (Small Group),Yes,21989AK0080002,"Delta Dental Premier 1500, 100/80/50, 50",21989AK008,AKN001,AKS001,"",Existing,Indemnity,High,"","",Off the Exchange,"","","","","",No,Allows Adult and Child-Only,"","","","","",Guaranteed Rate,1/1/2026,12/31/2026,Yes,Providers treated as out-of-network.,Yes,National Network,Yes,"","",21989AK0080002-00,"Delta Dental Premier 1500, 100/80/50, 50",Standard High Off Exchange Plan,"","","","",No,100%,"","","","","","","","","","","","","","",0,0,0,Not Applicable,per person not applicable,per group not applicable,"","","",Not Applicable,per person not applicable,per group not applicable,$450 ,$450 per person,$900 per group,"","","","","","","","","","","","","","","","","","","","","","","","",Not Applicable,per person not applicable,per group not applicable,"","","","","",Not Applicable,per person not applicable,per group not applicable,$50 ,$50 per person,$150 per group,"","","","","","","","","","","","","","","","","","","","","","","","","","","","","","","","",""
2026,AK,21989,Delta Dental of Alaska,HIOS,10/15/2025,SHOP (Small Group),Yes,21989AK0080003,"Delta Dental Premier, 2000, 100/80/50, 50",21989AK008,AKN001,AKS001,"",Existing,Indemnity,High,"","",Off the Exchange,"","","","","",No,Allows Adult and Child-Only,"","","","","",Guaranteed Rate,1/1/2026,12/31/2026,Yes,Providers treated as out-of-network.,Yes,National Network,Yes,"","",21989AK0080003-00,"Delta Dental Premier, 2000, 100/80/50, 50",Standard High Off Exchange Plan,"","","","",No,100%,"","","","","","","","","","","","","","",0,0,0,Not Applicable,per person not applicable,per group not applicable,"","","",Not Applicable,per person not applicable,per group not applicable,$450 ,$450 per person,$900 per group,"","","","","","","","","","","","","","","","","","","","","","","","",Not Applicable,per person not applicable,per group not applicable,"","","","","",Not Applicable,per person not applicable,per group not applicable,$50 ,$50 per person,$150 per group,"","","","","","","","","","","","","","","","","","","","","","","","","","","","","","","","",""
2026,AK,21989,Delta Dental of Alaska,HIOS,10/15/2025,SHOP (Small Group),Yes,21989AK0100001,"Delta Dental PPO, PF, 1000, 100/90/50, 50",21989AK010,AKN002,AKS002,"",Existing,PPO,High,"","",Off the Exchange,"","","","","",No,Allows Adult and Child-Only,"","","","","",Guaranteed Rate,1/1/2026,12/31/2026,Yes,Out-of-network benefits,Yes,Out-of-network benefits,Yes,"","",21989AK0100001-00,"Delta Dental PPO, PF, 1000, 100/90/50, 50",Standard High Off Exchange Plan,"","","","",No,100%,"","","","","","","","","","","","","","",0,0,0,Not Applicable,per person not applicable,per group not applicable,"","","",Not Applicable,per person not applicable,per group not applicable,$450 ,$450 per person,$900 per group,"","","","","","","","","","","","","","","","","","","","","","","","",Not Applicable,per person not applicable,per group not applicable,"","","","","",Not Applicable,per person not applicable,per group not applicable,$50 ,$50 per person,$150 per group,"","","","","","","","","","","","","","","","","","","","","","","","","","","","","","","","",""
2026,AK,21989,Delta Dental of Alaska,HIOS,10/15/2025,SHOP (Small Group),Yes,21989AK0100002,"Delta Dental PPO, PF, 1500, 100/90/50, 50",21989AK010,AKN002,AKS002,"",Existing,PPO,High,"","",Off the Exchange,"","","","","",No,Allows Adult and Child-Only,"","","","","",Guaranteed Rate,1/1/2026,12/31/2026,Yes,Out-of-network benefits,Yes,Out-of-network benefits,Yes,"","",21989AK0100002-00,"Delta Dental PPO, PF, 1500, 100/90/50, 50",Standard High Off Exchange Plan,"","","","",No,100%,"","","","","","","","","","","","","","",0,0,0,Not Applicable,per person not applicable,per group not applicable,"","","",Not Applicable,per person not applicable,per group not applicable,$450 ,$450 per person,$900 per group,"","","","","","","","","","","","","","","","","","","","","","","","",Not Applicable,per person not applicable,per group not applicable,"","","","","",Not Applicable,per person not applicable,per group not applicable,$50 ,$50 per person,$150 per group,"","","","","","","","","","","","","","","","","","","","","","","","","","","","","","","","",""
2026,AK,21989,Delta Dental of Alaska,HIOS,10/15/2025,SHOP (Small Group),Yes,21989AK0100003,"Delta Dental PPO, PF, 2000, 100/90/50, 50",21989AK010,AKN002,AKS002,"",Existing,PPO,High,"","",Off the Exchange,"","","","","",No,Allows Adult and Child-Only,"","","","","",Guaranteed Rate,1/1/2026,12/31/2026,Yes,Out-of-network benefits,Yes,Out-of-network benefits,Yes,"","",21989AK0100003-00,"Delta Dental PPO, PF, 2000, 100/90/50, 50",Standard High Off Exchange Plan,"","","","",No,100%,"","","","","","","","","","","","","","",0,0,0,Not Applicable,per person not applicable,per group not applicable,"","","",Not Applicable,per person not applicable,per group not applicable,$450 ,$450 per person,$900 per group,"","","","","","","","","","","","","","","","","","","","","","","","",Not Applicable,per person not applicable,per group not applicable,"","","","","",Not Applicable,per person not applicable,per group not applicable,$50 ,$50 per person,$150 per group,"","","","","","","","","","","","","","","","","","","","","","","","","","","","","","","","",""
2026,AK,21989,Delta Dental of Alaska,HIOS,10/15/2025,SHOP (Small Group),Yes,21989AK0130001,"Delta Dental Premier, +2000, 100/80/50, 50, PF",21989AK013,AKN001,AKS001,"",Existing,Indemnity,High,"","",Off the Exchange,"","","","","",No,Allows Adult and Child-Only,"","","","","",Guaranteed Rate,1/1/2026,12/31/2026,Yes,Providers treated as out-of-network.,Yes,National Network,Yes,"","",21989AK0130001-00,"Delta Dental Premier, +2000, 100/80/50, 50, PF",Standard High Off Exchange Plan,"","","","",No,100%,"","","","","","","","","","","","","","",0,0,0,Not Applicable,per person not applicable,per group not applicable,"","","",Not Applicable,per person not applicable,per group not applicable,$450 ,$450 per person,$900 per group,"","","","","","","","","","","","","","","","","","","","","","","","",Not Applicable,per person not applicable,per group not applicable,"","","","","",Not Applicable,per person not applicable,per group not applicable,$50 ,$50 per person,$150 per group,"","","","","","","","","","","","","","","","","","","","","","","","","","","","","","","","",""
2026,AK,21989,Delta Dental of Alaska,HIOS,10/15/2025,SHOP (Small Group),Yes,21989AK0130002,"Delta Dental Premier, +2500, 100/80/50, 50, PF",21989AK013,AKN001,AKS001,"",Existing,Indemnity,High,"","",Off the Exchange,"","","","","",No,Allows Adult and Child-Only,"","","","","",Guaranteed Rate,1/1/2026,12/31/2026,Yes,Providers treated as out-of-network.,Yes,National Network,Yes,"","",21989AK0130002-00,"Delta Dental Premier, +2500, 100/80/50, 50, PF",Standard High Off Exchange Plan,"","","","",No,100%,"","","","","","","","","","","","","","",0,0,0,Not Applicable,per person not applicable,per group not applicable,"","","",Not Applicable,per person not applicable,per group not applicable,$450 ,$450 per person,$900 per group,"","","","","","","","","","","","","","","","","","","","","","","","",Not Applicable,per person not applicable,per group not applicable,"","","","","",Not Applicable,per person not applicable,per group not applicable,$50 ,$50 per person,$150 per group,"","","","","","","","","","","","","","","","","","","","","","","","","","","","","","","","",""
2026,AK,21989,Delta Dental of Alaska,HIOS,10/15/2025,SHOP (Small Group),Yes,21989AK0130003,"Delta Dental Premier, +1500, 100/80/50, 50, PF",21989AK013,AKN001,AKS001,"",Existing,Indemnity,High,"","",Off the Exchange,"","","","","",No,Allows Adult and Child-Only,"","","","","",Guaranteed Rate,1/1/2026,12/31/2026,Yes,Providers treated as out-of-network.,Yes,National Network,Yes,"","",21989AK0130003-00,"Delta Dental Premier, +1500, 100/80/50, 50, PF",Standard High Off Exchange Plan,"","","","",No,100%,"","","","","","","","","","","","","","",0,0,0,Not Applicable,per person not applicable,per group not applicable,"","","",Not Applicable,per person not applicable,per group not applicable,$450 ,$450 per person,$900 per group,"","","","","","","","","","","","","","","","","","","","","","","","",Not Applicable,per person not applicable,per group not applicable,"","","","","",Not Applicable,per person not applicable,per group not applicable,$50 ,$50 per person,$150 per group,"","","","","","","","","","","","","","","","","","","","","","","","","","","","","","","","",""
2026,AK,21989,Delta Dental of Alaska,HIOS,10/15/2025,SHOP (Small Group),Yes,21989AK0130004,"Delta Dental Premier, +1000, 100/80/50, 50, PF",21989AK013,AKN001,AKS001,"",Existing,Indemnity,High,"","",Off the Exchange,"","","","","",No,Allows Adult and Child-Only,"","","","","",Guaranteed Rate,1/1/2026,12/31/2026,Yes,Providers treated as out-of-network.,Yes,National Network,Yes,"","",21989AK0130004-00,"Delta Dental Premier, +1000, 100/80/50, 50, PF",Standard High Off Exchange Plan,"","","","",No,100%,"","","","","","","","","","","","","","",0,0,0,Not Applicable,per person not applicable,per group not applicable,"","","",Not Applicable,per person not applicable,per group not applicable,$450 ,$450 per person,$900 per group,"","","","","","","","","","","","","","","","","","","","","","","","",Not Applicable,per person not applicable,per group not applicable,"","","","","",Not Applicable,per person not applicable,per group not applicable,$50 ,$50 per person,$150 per group,"","","","","","","","","","","","","","","","","","","","","","","","","","","","","","","","",""
2026,AK,21989,Delta Dental of Alaska,HIOS,10/15/2025,SHOP (Small Group),Yes,21989AK0130024,"Delta Dental Premier, +3000, 100/80/50, 50, PF",21989AK013,AKN001,AKS001,"",Existing,Indemnity,High,"","",Off the Exchange,"","","","","",No,Allows Adult and Child-Only,"","","","","",Guaranteed Rate,1/1/2026,12/31/2026,Yes,Providers treated as out-of-network.,Yes,National Network,Yes,"","",21989AK0130024-00,"Delta Dental Premier, +3000, 100/80/50, 50, PF",Standard High Off Exchange Plan,"","","","",No,100%,"","","","","","","","","","","","","","",0,0,0,Not Applicable,per person not applicable,per group not applicable,"","","",Not Applicable,per person not applicable,per group not applicable,$450 ,$450 per person,$900 per group,"","","","","","","","","","","","","","","","","","","","","","","","",Not Applicable,per person not applicable,per group not applicable,"","","","","",Not Applicable,per person not applicable,per group not applicable,$50 ,$50 per person,$150 per group,"","","","","","","","","","","","","","","","","","","","","","","","","","","","","","","","",""
2026,AK,21989,Delta Dental of Alaska,HIOS,10/15/2025,SHOP (Small Group),Yes,21989AK0160001,"Delta Dental PPO, PF, Voluntary, 1000, 100/90/50, 50",21989AK016,AKN002,AKS002,"",Existing,PPO,High,"","",Off the Exchange,"","","","","",No,Allows Adult and Child-Only,"","","","","",Guaranteed Rate,1/1/2026,12/31/2026,Yes,Out-of-network benefits,Yes,Out-of-network benefits,Yes,"","",21989AK0160001-00,"Delta Dental PPO, PF, Voluntary, 1000, 100/90/50, 50",Standard High Off Exchange Plan,"","","","",No,100%,"","","","","","","","","","","","","","",0,0,0,Not Applicable,per person not applicable,per group not applicable,"","","",Not Applicable,per person not applicable,per group not applicable,$450 ,$450 per person,$900 per group,"","","","","","","","","","","","","","","","","","","","","","","","",Not Applicable,per person not applicable,per group not applicable,"","","","","",Not Applicable,per person not applicable,per group not applicable,$50 ,$50 per person,$150 per group,"","","","","","","","","","","","","","","","","","","","","","","","","","","","","","","","",""
2026,AK,21989,Delta Dental of Alaska,HIOS,10/15/2025,SHOP (Small Group),Yes,21989AK0160002,"Delta Dental PPO, PF, Voluntary, 1500, 100/90/50, 50",21989AK016,AKN002,AKS002,"",Existing,PPO,High,"","",Off the Exchange,"","","","","",No,Allows Adult and Child-Only,"","","","","",Guaranteed Rate,1/1/2026,12/31/2026,Yes,Out-of-network benefits,Yes,Out-of-network benefits,Yes,"","",21989AK0160002-00,"Delta Dental PPO, PF, Voluntary, 1500, 100/90/50, 50",Standard High Off Exchange Plan,"","","","",No,100%,"","","","","","","","","","","","","","",0,0,0,Not Applicable,per person not applicable,per group not applicable,"","","",Not Applicable,per person not applicable,per group not applicable,$450 ,$450 per person,$900 per group,"","","","","","","","","","","","","","","","","","","","","","","","",Not Applicable,per person not applicable,per group not applicable,"","","","","",Not Applicable,per person not applicable,per group not applicable,$50 ,$50 per person,$150 per group,"","","","","","","","","","","","","","","","","","","","","","","","","","","","","","","","",""
2026,AK,21989,Delta Dental of Alaska,HIOS,10/15/2025,SHOP (Small Group),Yes,21989AK0160061,"Delta Dental PPO, PF, Voluntary, 2000, 100/90/50, 50",21989AK016,AKN002,AKS002,"",Existing,PPO,High,"","",Off the Exchange,"","","","","",No,Allows Adult and Child-Only,"","","","","",Guaranteed Rate,1/1/2026,12/31/2026,Yes,Out-of-network benefits,Yes,Out-of-network benefits,Yes,"","",21989AK0160061-00,"Delta Dental PPO, PF, Voluntary, 2000, 100/90/50, 50",Standard High Off Exchange Plan,"","","","",No,100%,"","","","","","","","","","","","","","",0,0,0,Not Applicable,per person not applicable,per group not applicable,"","","",Not Applicable,per person not applicable,per group not applicable,$450 ,$450 per person,$900 per group,"","","","","","","","","","","","","","","","","","","","","","","","",Not Applicable,per person not applicable,per group not applicable,"","","","","",Not Applicable,per person not applicable,per group not applicable,$50 ,$50 per person,$150 per group,"","","","","","","","","","","","","","","","","","","","","","","","","","","","","","","","",""
2026,AK,21989,Delta Dental of Alaska,HIOS,10/15/2025,SHOP (Small Group),Yes,21989AK0180001,"Delta Dental PPO, PF,  +2500, 100/90/50, 50",21989AK018,AKN002,AKS002,"",Existing,PPO,High,"","",Off the Exchange,"","","","","",No,Allows Adult and Child-Only,"","","","","",Guaranteed Rate,1/1/2026,12/31/2026,Yes,Out-of-network benefits,Yes,Out-of-network benefits,Yes,"","",21989AK0180001-00,"Delta Dental PPO, PF,  +2500, 100/90/50, 50",Standard High Off Exchange Plan,"","","","",No,100%,"","","","","","","","","","","","","","",0,0,0,Not Applicable,per person not applicable,per group not applicable,"","","",Not Applicable,per person not applicable,per group not applicable,$450 ,$450 per person,$900 per group,"","","","","","","","","","","","","","","","","","","","","","","","",Not Applicable,per person not applicable,per group not applicable,"","","","","",Not Applicable,per person not applicable,per group not applicable,$50 ,$50 per person,$150 per group,"","","","","","","","","","","","","","","","","","","","","","","","","","","","","","","","",""
2026,AK,21989,Delta Dental of Alaska,HIOS,10/15/2025,SHOP (Small Group),Yes,21989AK0180002,"Delta Dental PPO, PF, +3000, 100/90/50, 50",21989AK018,AKN002,AKS002,"",Existing,PPO,High,"","",Off the Exchange,"","","","","",No,Allows Adult and Child-Only,"","","","","",Guaranteed Rate,1/1/2026,12/31/2026,Yes,Out-of-network benefits,Yes,Out-of-network benefits,Yes,"","",21989AK0180002-00,"Delta Dental PPO, PF, +3000, 100/90/50, 50",Standard High Off Exchange Plan,"","","","",No,100%,"","","","","","","","","","","","","","",0,0,0,Not Applicable,per person not applicable,per group not applicable,"","","",Not Applicable,per person not applicable,per group not applicable,$450 ,$450 per person,$900 per group,"","","","","","","","","","","","","","","","","","","","","","","","",Not Applicable,per person not applicable,per group not applicable,"","","","","",Not Applicable,per person not applicable,per group not applicable,$50 ,$50 per person,$150 per group,"","","","","","","","","","","","","","","","","","","","","","","","","","","","","","","","",""
2026,AK,38344,Premera Blue Cross Blue Shield of Alaska,HIOS,4/14/2026,Individual,No,38344AK1060001,Premera Blue Cross Preferred Gold 1500,38344AK106,AKN002,AKS001,AKF001,Existing,PPO,Gold,Not Applicable,Yes,On the Exchange,No,No,"","",$0.00 ,No,Allows Adult and Child-Only,"",No,"Asthma, Diabetes, Heart Disease",0.9991,"","",1/1/2026,12/31/2026,Yes,"Benefits for covered services received from providers located outside the United States, Puerto Rico and the U.S. Virgin Islands are provided at the highest level of benefits available under this plan.",Yes,"If you're outside Alaska and Washington (the service area), covered services received from any provider licensed to provide the service will be paid the out of network benefit level (except emergencies).",No,https://pay.instamed.com/Forms/SSO/ACS_SAML2.aspx?idP=FFM&accountID=PREMERA.BLUE.CROSS@INSTAMED.NET&ssoAlias=PREMERA_AK_FFM&id=PREMERA_AK_BINDER,https://www.premera.com/documents/062279_2026.pdf,38344AK1060001-01,Premera Blue Cross Preferred Gold 1500,Standard Gold On Exchange Plan,79.21%,"",Yes,Yes,No,100%,"","$1,500 ",$10 ,"$3,300 ",$60 ,$200 ,"$1,600 ",$0 ,$20 ,"$1,500 ",$300 ,$300 ,$0 ,"",0,2,0,"","","","","","","","","","","","","","","","","","","","","","","","","$6,300 ",$6300 per person,$12600 per group,"","","",Not Applicable,per person not applicable,per group not applicable,Not Applicable,per person not applicable,per group not applicable,"","","","","","","","","","","","","","","","","","","","","","","","","","","","","$1,500 ",$1500 per person,$3000 per group,30.00%,"","","","","$4,500 ",per person not applicable,per group not applicable,Not Applicable,per person not applicable,per group not applicable,No,"","",https://www.premera.com/documents/045632_2026.pdf,https://www.premera.com/documents/031112_2026.pdf
2026,AK,38344,Premera Blue Cross Blue Shield of Alaska,HIOS,4/14/2026,Individual,No,38344AK1060001,Premera Blue Cross Preferred Gold 1500,38344AK106,AKN002,AKS001,AKF001,Existing,PPO,Gold,Not Applicable,Yes,On the Exchange,No,No,"","",$0.00 ,No,Allows Adult and Child-Only,"",No,"Asthma, Diabetes, Heart Disease",0.9991,"","",1/1/2026,12/31/2026,Yes,"Benefits for covered services received from providers located outside the United States, Puerto Rico and the U.S. Virgin Islands are provided at the highest level of benefits available under this plan.",Yes,"If you're outside Alaska and Washington (the service area), covered services received from any provider licensed to provide the service will be paid the out of network benefit level (except emergencies).",No,https://pay.instamed.com/Forms/SSO/ACS_SAML2.aspx?idP=FFM&accountID=PREMERA.BLUE.CROSS@INSTAMED.NET&ssoAlias=PREMERA_AK_FFM&id=PREMERA_AK_BINDER,https://www.premera.com/documents/062279_2026.pdf,38344AK1060001-02,Premera Blue Cross Preferred Gold 1500,Zero Cost Sharing Plan Variation,100.00%,"",Yes,Yes,No,100%,"",$0 ,$0 ,$0 ,$0 ,$0 ,$0 ,$0 ,$0 ,$0 ,$0 ,$0 ,$0 ,"",0,0,0,"","","","","","","","","","","","","","","","","","","","","","","","",$0 ,$0 per person,$0 per group,"","","",$0 ,$0 per person,$0 per group,$0 ,$0 per person,$0 per group,"","","","","","","","","","","","","","","","","","","","","","","","","","","","",$0 ,$0 per person,$0 per group,0.00%,"","","","",$0 ,$0 per person,$0 per group,$0 ,$0 per person,$0 per group,No,"","",https://www.premera.com/documents/045633_2026.pdf,https://www.premera.com/documents/031040_2026.pdf
2026,AK,38344,Premera Blue Cross Blue Shield of Alaska,HIOS,4/14/2026,Individual,No,38344AK1060001,Premera Blue Cross Preferred Gold 1500,38344AK106,AKN002,AKS001,AKF001,Existing,PPO,Gold,Not Applicable,Yes,On the Exchange,No,No,"","",$0.00 ,No,Allows Adult and Child-Only,"",No,"Asthma, Diabetes, Heart Disease",0.9991,"","",1/1/2026,12/31/2026,Yes,"Benefits for covered services received from providers located outside the United States, Puerto Rico and the U.S. Virgin Islands are provided at the highest level of benefits available under this plan.",Yes,"If you're outside Alaska and Washington (the service area), covered services received from any provider licensed to provide the service will be paid the out of network benefit level (except emergencies).",No,https://pay.instamed.com/Forms/SSO/ACS_SAML2.aspx?idP=FFM&accountID=PREMERA.BLUE.CROSS@INSTAMED.NET&ssoAlias=PREMERA_AK_FFM&id=PREMERA_AK_BINDER,https://www.premera.com/documents/062279_2026.pdf,38344AK1060001-03,Premera Blue Cross Preferred Gold 1500,Limited Cost Sharing Plan Variation,79.21%,"",Yes,Yes,No,100%,"","$1,500 ",$10 ,"$3,300 ",$60 ,$200 ,"$1,600 ",$0 ,$20 ,"$1,500 ",$300 ,$300 ,$0 ,"",0,2,0,"","","","","","","","","","","","","","","","","","","","","","","","","$6,300 ",$6300 per person,$12600 per group,"","","",Not Applicable,per person not applicable,per group not applicable,Not Applicable,per person not applicable,per group not applicable,"","","","","","","","","","","","","","","","","","","","","","","","","","","","","$1,500 ",$1500 per person,$3000 per group,30.00%,"","","","","$4,500 ",per person not applicable,per group not applicable,Not Applicable,per person not applicable,per group not applicable,No,"","",https://www.premera.com/documents/045634_2026.pdf,https://www.premera.com/documents/031040_2026.pdf
2026,AK,38344,Premera Blue Cross Blue Shield of Alaska,HIOS,4/14/2026,Individual,No,38344AK1060002,Premera Blue Cross Preferred Silver 4500,38344AK106,AKN002,AKS001,AKF002,Existing,PPO,Silver,Not Applicable,Yes,On the Exchange,No,No,"","",$0.00 ,No,Allows Adult and Child-Only,"",No,"Asthma, Diabetes, Heart Disease",0.9992,"","",1/1/2026,12/31/2026,Yes,"Benefits for covered services received from providers located outside the United States, Puerto Rico and the U.S. Virgin Islands are provided at the highest level of benefits available under this plan.",Yes,"If you're outside Alaska and Washington (the service area), covered services received from any provider licensed to provide the service will be paid the out of network benefit level (except emergencies).",No,https://pay.instamed.com/Forms/SSO/ACS_SAML2.aspx?idP=FFM&accountID=PREMERA.BLUE.CROSS@INSTAMED.NET&ssoAlias=PREMERA_AK_FFM&id=PREMERA_AK_BINDER,https://www.premera.com/documents/062279_2026.pdf,38344AK1060002-01,Premera Blue Cross Preferred Silver 4500,Standard Silver On Exchange Plan,71.44%,"",Yes,Yes,No,100%,"","$4,500 ",$10 ,"$2,400 ",$60 ,$200 ,"$1,800 ",$0 ,$20 ,"$2,300 ",$300 ,$0 ,$0 ,"",0,2,0,"","","","","","","","","","","","","","","","","","","","","","","","","$8,100 ",$8100 per person,$16200 per group,"","","",Not Applicable,per person not applicable,per group not applicable,Not Applicable,per person not applicable,per group not applicable,"","","","","","","","","","","","","","","","","","","","","","","","","","","","","$4,500 ",$4500 per person,$9000 per group,30.00%,"","","","","$13,500 ",$13500 per person,per group not applicable,Not Applicable,per person not applicable,per group not applicable,No,"","",https://www.premera.com/documents/045635_2026.pdf,https://www.premera.com/documents/031112_2026.pdf
2026,AK,38344,Premera Blue Cross Blue Shield of Alaska,HIOS,4/14/2026,Individual,No,38344AK1060002,Premera Blue Cross Preferred Silver 4500,38344AK106,AKN002,AKS001,AKF002,Existing,PPO,Silver,Not Applicable,Yes,On the Exchange,No,No,"","",$0.00 ,No,Allows Adult and Child-Only,"",No,"Asthma, Diabetes, Heart Disease",0.9992,"","",1/1/2026,12/31/2026,Yes,"Benefits for covered services received from providers located outside the United States, Puerto Rico and the U.S. Virgin Islands are provided at the highest level of benefits available under this plan.",Yes,"If you're outside Alaska and Washington (the service area), covered services received from any provider licensed to provide the service will be paid the out of network benefit level (except emergencies).",No,https://pay.instamed.com/Forms/SSO/ACS_SAML2.aspx?idP=FFM&accountID=PREMERA.BLUE.CROSS@INSTAMED.NET&ssoAlias=PREMERA_AK_FFM&id=PREMERA_AK_BINDER,https://www.premera.com/documents/062279_2026.pdf,38344AK1060002-02,Premera Blue Cross Preferred Silver 4500,Zero Cost Sharing Plan Variation,100.00%,"",Yes,Yes,No,100%,"",$0 ,$0 ,$0 ,$0 ,$0 ,$0 ,$0 ,$0 ,$0 ,$0 ,$0 ,$0 ,"",0,0,0,"","","","","","","","","","","","","","","","","","","","","","","","",$0 ,$0 per person,$0 per group,"","","",$0 ,$0 per person,$0 per group,$0 ,$0 per person,$0 per group,"","","","","","","","","","","","","","","","","","","","","","","","","","","","",$0 ,$0 per person,$0 per group,0.00%,"","","","",$0 ,$0 per person,$0 per group,$0 ,$0 per person,$0 per group,No,"","",https://www.premera.com/documents/045636_2026.pdf,https://www.premera.com/documents/031040_2026.pdf
2026,AK,38344,Premera Blue Cross Blue Shield of Alaska,HIOS,4/14/2026,Individual,No,38344AK1060002,Premera Blue Cross Preferred Silver 4500,38344AK106,AKN002,AKS001,AKF002,Existing,PPO,Silver,Not Applicable,Yes,On the Exchange,No,No,"","",$0.00 ,No,Allows Adult and Child-Only,"",No,"Asthma, Diabetes, Heart Disease",0.9992,"","",1/1/2026,12/31/2026,Yes,"Benefits for covered services received from providers located outside the United States, Puerto Rico and the U.S. Virgin Islands are provided at the highest level of benefits available under this plan.",Yes,"If you're outside Alaska and Washington (the service area), covered services received from any provider licensed to provide the service will be paid the out of network benefit level (except emergencies).",No,https://pay.instamed.com/Forms/SSO/ACS_SAML2.aspx?idP=FFM&accountID=PREMERA.BLUE.CROSS@INSTAMED.NET&ssoAlias=PREMERA_AK_FFM&id=PREMERA_AK_BINDER,https://www.premera.com/documents/062279_2026.pdf,38344AK1060002-03,Premera Blue Cross Preferred Silver 4500,Limited Cost Sharing Plan Variation,71.44%,"",Yes,Yes,No,100%,"","$4,500 ",$10 ,"$2,400 ",$60 ,$200 ,"$1,800 ",$0 ,$20 ,"$2,300 ",$300 ,$0 ,$0 ,"",0,2,0,"","","","","","","","","","","","","","","","","","","","","","","","","$8,100 ",$8100 per person,$16200 per group,"","","",Not Applicable,per person not applicable,per group not applicable,Not Applicable,per person not applicable,per group not applicable,"","","","","","","","","","","","","","","","","","","","","","","","","","","","","$4,500 ",$4500 per person,$9000 per group,30.00%,"","","","","$13,500 ",$13500 per person,per group not applicable,Not Applicable,per person not applicable,per group not applicable,No,"","",https://www.premera.com/documents/045637_2026.pdf,https://www.premera.com/documents/031040_2026.pdf
2026,AK,38344,Premera Blue Cross Blue Shield of Alaska,HIOS,4/14/2026,Individual,No,38344AK1060002,Premera Blue Cross Preferred Silver 4500,38344AK106,AKN002,AKS001,AKF002,Existing,PPO,Silver,Not Applicable,Yes,On the Exchange,No,No,"","",$0.00 ,No,Allows Adult and Child-Only,"",No,"Asthma, Diabetes, Heart Disease",0.9992,"","",1/1/2026,12/31/2026,Yes,"Benefits for covered services received from providers located outside the United States, Puerto Rico and the U.S. Virgin Islands are provided at the highest level of benefits available under this plan.",Yes,"If you're outside Alaska and Washington (the service area), covered services received from any provider licensed to provide the service will be paid the out of network benefit level (except emergencies).",No,https://pay.instamed.com/Forms/SSO/ACS_SAML2.aspx?idP=FFM&accountID=PREMERA.BLUE.CROSS@INSTAMED.NET&ssoAlias=PREMERA_AK_FFM&id=PREMERA_AK_BINDER,https://www.premera.com/documents/062279_2026.pdf,38344AK1060002-04,Premera Blue Cross Preferred Silver 4500,73% AV Level Silver Plan,73.94%,"",Yes,Yes,No,100%,"","$4,000 ",$10 ,"$2,600 ",$60 ,$200 ,"$1,700 ",$0 ,$20 ,"$2,300 ",$300 ,$0 ,$0 ,"",0,2,0,"","","","","","","","","","","","","","","","","","","","","","","","","$7,100 ",$7100 per person,$14200 per group,"","","",Not Applicable,per person not applicable,per group not applicable,Not Applicable,per person not applicable,per group not applicable,"","","","","","","","","","","","","","","","","","","","","","","","","","","","","$4,000 ",$4000 per person,$8000 per group,30.00%,"","","","","$12,000 ",$12000 per person,per group not applicable,Not Applicable,per person not applicable,per group not applicable,No,"","",https://www.premera.com/documents/045638_2026.pdf,https://www.premera.com/documents/031112_2026.pdf
2026,AK,38344,Premera Blue Cross Blue Shield of Alaska,HIOS,4/14/2026,Individual,No,38344AK1060002,Premera Blue Cross Preferred Silver 4500,38344AK106,AKN002,AKS001,AKF002,Existing,PPO,Silver,Not Applicable,Yes,On the Exchange,No,No,"","",$0.00 ,No,Allows Adult and Child-Only,"",No,"Asthma, Diabetes, Heart Disease",0.9992,"","",1/1/2026,12/31/2026,Yes,"Benefits for covered services received from providers located outside the United States, Puerto Rico and the U.S. Virgin Islands are provided at the highest level of benefits available under this plan.",Yes,"If you're outside Alaska and Washington (the service area), covered services received from any provider licensed to provide the service will be paid the out of network benefit level (except emergencies).",No,https://pay.instamed.com/Forms/SSO/ACS_SAML2.aspx?idP=FFM&accountID=PREMERA.BLUE.CROSS@INSTAMED.NET&ssoAlias=PREMERA_AK_FFM&id=PREMERA_AK_BINDER,https://www.premera.com/documents/062279_2026.pdf,38344AK1060002-05,Premera Blue Cross Preferred Silver 4500,87% AV Level Silver Plan,87.69%,"",Yes,Yes,No,100%,"","$1,200 ",$0 ,"$1,000 ",$60 ,$200 ,"$1,400 ",$0 ,$20 ,"$1,200 ",$200 ,$300 ,$0 ,"",0,2,0,"","","","","","","","","","","","","","","","","","","","","","","","","$2,200 ",$2200 per person,$4400 per group,"","","",Not Applicable,per person not applicable,per group not applicable,Not Applicable,per person not applicable,per group not applicable,"","","","","","","","","","","","","","","","","","","","","","","","","","","","","$1,200 ",$1200 per person,$2400 per group,30.00%,"","","","","$3,600 ",$3600 per person,per group not applicable,Not Applicable,per person not applicable,per group not applicable,No,"","",https://www.premera.com/documents/045639_2026.pdf,https://www.premera.com/documents/031112_2026.pdf
2026,AK,38344,Premera Blue Cross Blue Shield of Alaska,HIOS,4/14/2026,Individual,No,38344AK1060002,Premera Blue Cross Preferred Silver 4500,38344AK106,AKN002,AKS001,AKF002,Existing,PPO,Silver,Not Applicable,Yes,On the Exchange,No,No,"","",$0.00 ,No,Allows Adult and Child-Only,"",No,"Asthma, Diabetes, Heart Disease",0.9992,"","",1/1/2026,12/31/2026,Yes,"Benefits for covered services received from providers located outside the United States, Puerto Rico and the U.S. Virgin Islands are provided at the highest level of benefits available under this plan.",Yes,"If you're outside Alaska and Washington (the service area), covered services received from any provider licensed to provide the service will be paid the out of network benefit level (except emergencies).",No,https://pay.instamed.com/Forms/SSO/ACS_SAML2.aspx?idP=FFM&accountID=PREMERA.BLUE.CROSS@INSTAMED.NET&ssoAlias=PREMERA_AK_FFM&id=PREMERA_AK_BINDER,https://www.premera.com/documents/062279_2026.pdf,38344AK1060002-06,Premera Blue Cross Preferred Silver 4500,94% AV Level Silver Plan,94.21%,"",Yes,Yes,No,100%,"",$400 ,$0 ,$300 ,$60 ,$100 ,$500 ,$0 ,$20 ,$400 ,$0 ,$300 ,$0 ,"",0,2,0,"","","","","","","","","","","","","","","","","","","","","","","","",$800 ,$800 per person,$1600 per group,"","","",Not Applicable,per person not applicable,per group not applicable,Not Applicable,per person not applicable,per group not applicable,"","","","","","","","","","","","","","","","","","","","","","","","","","","","",$400 ,$400 per person,$800 per group,30.00%,"","","","","$1,200 ",$1200 per person,per group not applicable,Not Applicable,per person not applicable,per group not applicable,No,"","",https://www.premera.com/documents/045640_2026.pdf,https://www.premera.com/documents/031112_2026.pdf
2026,AK,38344,Premera Blue Cross Blue Shield of Alaska,HIOS,4/14/2026,Individual,No,38344AK1060004,Premera Blue Cross Preferred Bronze 6350,38344AK106,AKN002,AKS001,AKF003,Existing,PPO,Expanded Bronze,Not Applicable,Yes,On the Exchange,No,No,"","",$0.00 ,No,Allows Adult and Child-Only,"",No,"Asthma, Diabetes, Heart Disease",0.9988,"","",1/1/2026,12/31/2026,Yes,"Benefits for covered services received from providers located outside the United States, Puerto Rico and the U.S. Virgin Islands are provided at the highest level of benefits available under this plan.",Yes,"If you're outside Alaska and Washington (the service area), covered services received from any provider licensed to provide the service will be paid the out of network benefit level (except emergencies).",No,https://pay.instamed.com/Forms/SSO/ACS_SAML2.aspx?idP=FFM&accountID=PREMERA.BLUE.CROSS@INSTAMED.NET&ssoAlias=PREMERA_AK_FFM&id=PREMERA_AK_BINDER,https://www.premera.com/documents/062279_2026.pdf,38344AK1060004-01,Premera Blue Cross Preferred Bronze 6350,Standard Bronze On Exchange Plan,64.41%,"",Yes,Yes,No,100%,"","$6,350 ",$10 ,"$1,900 ",$60 ,"$4,100 ",$700 ,$0 ,$20 ,"$2,400 ",$400 ,$0 ,$0 ,"",0,2,0,"","","","","","","","","","","","","","","","","","","","","","","","","$8,700 ",$8700 per person,$17400 per group,"","","",Not Applicable,per person not applicable,per group not applicable,Not Applicable,per person not applicable,per group not applicable,"","","","","","","","","","","","","","","","","","","","","","","","","","","","","$6,350 ",$6350 per person,$12700 per group,30.00%,"","","","","$19,050 ",$19050 per person,per group not applicable,Not Applicable,per person not applicable,per group not applicable,Yes,"","",https://www.premera.com/documents/045642_2026.pdf,https://www.premera.com/documents/031112_2026.pdf
2026,AK,38344,Premera Blue Cross Blue Shield of Alaska,HIOS,4/14/2026,Individual,No,38344AK1060004,Premera Blue Cross Preferred Bronze 6350,38344AK106,AKN002,AKS001,AKF003,Existing,PPO,Expanded Bronze,Not Applicable,Yes,On the Exchange,No,No,"","",$0.00 ,No,Allows Adult and Child-Only,"",No,"Asthma, Diabetes, Heart Disease",0.9988,"","",1/1/2026,12/31/2026,Yes,"Benefits for covered services received from providers located outside the United States, Puerto Rico and the U.S. Virgin Islands are provided at the highest level of benefits available under this plan.",Yes,"If you're outside Alaska and Washington (the service area), covered services received from any provider licensed to provide the service will be paid the out of network benefit level (except emergencies).",No,https://pay.instamed.com/Forms/SSO/ACS_SAML2.aspx?idP=FFM&accountID=PREMERA.BLUE.CROSS@INSTAMED.NET&ssoAlias=PREMERA_AK_FFM&id=PREMERA_AK_BINDER,https://www.premera.com/documents/062279_2026.pdf,38344AK1060004-02,Premera Blue Cross Preferred Bronze 6350,Zero Cost Sharing Plan Variation,100.00%,"",Yes,Yes,No,100%,"",$0 ,$0 ,$0 ,$0 ,$0 ,$0 ,$0 ,$0 ,$0 ,$0 ,$0 ,$0 ,"",0,2,0,"","","","","","","","","","","","","","","","","","","","","","","","",$0 ,$0 per person,$0 per group,"","","",$0 ,$0 per person,$0 per group,$0 ,$0 per person,$0 per group,"","","","","","","","","","","","","","","","","","","","","","","","","","","","",$0 ,$0 per person,$0 per group,0.00%,"","","","",$0 ,$0 per person,$0 per group,$0 ,$0 per person,$0 per group,Yes,"","",https://www.premera.com/documents/045643_2026.pdf,https://www.premera.com/documents/031040_2026.pdf
2026,AK,38344,Premera Blue Cross Blue Shield of Alaska,HIOS,4/14/2026,Individual,No,38344AK1060004,Premera Blue Cross Preferred Bronze 6350,38344AK106,AKN002,AKS001,AKF003,Existing,PPO,Expanded Bronze,Not Applicable,Yes,On the Exchange,No,No,"","",$0.00 ,No,Allows Adult and Child-Only,"",No,"Asthma, Diabetes, Heart Disease",0.9988,"","",1/1/2026,12/31/2026,Yes,"Benefits for covered services received from providers located outside the United States, Puerto Rico and the U.S. Virgin Islands are provided at the highest level of benefits available under this plan.",Yes,"If you're outside Alaska and Washington (the service area), covered services received from any provider licensed to provide the service will be paid the out of network benefit level (except emergencies).",No,https://pay.instamed.com/Forms/SSO/ACS_SAML2.aspx?idP=FFM&accountID=PREMERA.BLUE.CROSS@INSTAMED.NET&ssoAlias=PREMERA_AK_FFM&id=PREMERA_AK_BINDER,https://www.premera.com/documents/062279_2026.pdf,38344AK1060004-03,Premera Blue Cross Preferred Bronze 6350,Limited Cost Sharing Plan Variation,64.41%,"",Yes,Yes,No,100%,"","$6,350 ",$10 ,"$1,900 ",$60 ,"$4,100 ",$700 ,$0 ,$20 ,"$2,400 ",$400 ,$0 ,$0 ,"",0,2,0,"","","","","","","","","","","","","","","","","","","","","","","","","$8,700 ",$8700 per person,$17400 per group,"","","",Not Applicable,per person not applicable,per group not applicable,Not Applicable,per person not applicable,per group not applicable,"","","","","","","","","","","","","","","","","","","","","","","","","","","","","$6,350 ",$6350 per person,$12700 per group,30.00%,"","","","","$19,050 ",$19050 per person,per group not applicable,Not Applicable,per person not applicable,per group not applicable,Yes,"","",https://www.premera.com/documents/045644_2026.pdf,https://www.premera.com/documents/031040_2026.pdf
2026,AK,38344,Premera Blue Cross Blue Shield of Alaska,HIOS,4/14/2026,Individual,No,38344AK1070002,Premera Blue Cross Preferred Bronze 5800 HSA,38344AK107,AKN002,AKS001,AKF005,Existing,PPO,Expanded Bronze,Not Applicable,Yes,On the Exchange,No,No,"","",$0.00 ,No,Allows Adult and Child-Only,"",No,"Asthma, Diabetes, Heart Disease",0.9988,"","",1/1/2026,12/31/2026,Yes,"Benefits for covered services received from providers located outside the United States, Puerto Rico and the U.S. Virgin Islands are provided at the highest level of benefits available under this plan.",Yes,"If you're outside Alaska and Washington (the service area), covered services received from any provider licensed to provide the service will be paid the out of network benefit level (except emergencies).",No,https://pay.instamed.com/Forms/SSO/ACS_SAML2.aspx?idP=FFM&accountID=PREMERA.BLUE.CROSS@INSTAMED.NET&ssoAlias=PREMERA_AK_FFM&id=PREMERA_AK_BINDER,https://www.premera.com/documents/062279_2026.pdf,38344AK1070002-01,Premera Blue Cross Preferred Bronze 5800 HSA,Standard Bronze On Exchange Plan,64.06%,"",Yes,Yes,No,100%,"","$5,800 ",$0 ,"$2,200 ",$60 ,"$5,400 ",$0 ,$0 ,$20 ,"$2,800 ",$0 ,$0 ,$0 ,"",0,0,0,"","","","","","","","","","","","","","","","","","","","","","","","","$8,000 ",$8000 per person,$16000 per group,"","","",Not Applicable,per person not applicable,per group not applicable,Not Applicable,per person not applicable,per group not applicable,"","","","","","","","","","","","","","","","","","","","","","","","","","","","","$5,800 ",$5800 per person,$11600 per group,35.00%,"","","","","$17,400 ",$17400 per person,$34800 per group,Not Applicable,per person not applicable,per group not applicable,Yes,"","",https://www.premera.com/documents/045646_2026.pdf,https://www.premera.com/documents/031112_2026.pdf
2026,AK,38344,Premera Blue Cross Blue Shield of Alaska,HIOS,4/14/2026,Individual,No,38344AK1070002,Premera Blue Cross Preferred Bronze 5800 HSA,38344AK107,AKN002,AKS001,AKF005,Existing,PPO,Expanded Bronze,Not Applicable,Yes,On the Exchange,No,No,"","",$0.00 ,No,Allows Adult and Child-Only,"",No,"Asthma, Diabetes, Heart Disease",0.9988,"","",1/1/2026,12/31/2026,Yes,"Benefits for covered services received from providers located outside the United States, Puerto Rico and the U.S. Virgin Islands are provided at the highest level of benefits available under this plan.",Yes,"If you're outside Alaska and Washington (the service area), covered services received from any provider licensed to provide the service will be paid the out of network benefit level (except emergencies).",No,https://pay.instamed.com/Forms/SSO/ACS_SAML2.aspx?idP=FFM&accountID=PREMERA.BLUE.CROSS@INSTAMED.NET&ssoAlias=PREMERA_AK_FFM&id=PREMERA_AK_BINDER,https://www.premera.com/documents/062279_2026.pdf,38344AK1070002-02,Premera Blue Cross Preferred Bronze 5800 NQ,Zero Cost Sharing Plan Variation,100.00%,"",Yes,Yes,No,100%,"",$0 ,$0 ,$0 ,$0 ,$0 ,$0 ,$0 ,$0 ,$0 ,$0 ,$0 ,$0 ,"",0,0,0,"","","","","","","","","","","","","","","","","","","","","","","","",$0 ,$0 per person,$0 per group,"","","",$0 ,$0 per person,$0 per group,$0 ,$0 per person,$0 per group,"","","","","","","","","","","","","","","","","","","","","","","","","","","","",$0 ,$0 per person,$0 per group,0.00%,"","","","",$0 ,$0 per person,$0 per group,$0 ,$0 per person,$0 per group,Yes,"","",https://www.premera.com/documents/045647_2026.pdf,https://www.premera.com/documents/031040_2026.pdf
2026,AK,38344,Premera Blue Cross Blue Shield of Alaska,HIOS,4/14/2026,Individual,No,38344AK1070002,Premera Blue Cross Preferred Bronze 5800 HSA,38344AK107,AKN002,AKS001,AKF005,Existing,PPO,Expanded Bronze,Not Applicable,Yes,On the Exchange,No,No,"","",$0.00 ,No,Allows Adult and Child-Only,"",No,"Asthma, Diabetes, Heart Disease",0.9988,"","",1/1/2026,12/31/2026,Yes,"Benefits for covered services received from providers located outside the United States, Puerto Rico and the U.S. Virgin Islands are provided at the highest level of benefits available under this plan.",Yes,"If you're outside Alaska and Washington (the service area), covered services received from any provider licensed to provide the service will be paid the out of network benefit level (except emergencies).",No,https://pay.instamed.com/Forms/SSO/ACS_SAML2.aspx?idP=FFM&accountID=PREMERA.BLUE.CROSS@INSTAMED.NET&ssoAlias=PREMERA_AK_FFM&id=PREMERA_AK_BINDER,https://www.premera.com/documents/062279_2026.pdf,38344AK1070002-03,Premera Blue Cross Preferred Bronze 5800 NQ,Limited Cost Sharing Plan Variation,64.06%,"",Yes,Yes,No,100%,"","$5,800 ",$0 ,"$2,200 ",$60 ,"$5,400 ",$0 ,$0 ,$20 ,"$2,800 ",$0 ,$0 ,$0 ,"",0,0,0,"","","","","","","","","","","","","","","","","","","","","","","","","$8,000 ",$8000 per person,$16000 per group,"","","",Not Applicable,per person not applicable,per group not applicable,Not Applicable,per person not applicable,per group not applicable,"","","","","","","","","","","","","","","","","","","","","","","","","","","","","$5,800 ",$5800 per person,$11600 per group,35.00%,"","","","","$17,400 ",$17400 per person,$34800 per group,Not Applicable,per person not applicable,per group not applicable,Yes,"","",https://www.premera.com/documents/045648_2026.pdf,https://www.premera.com/documents/031040_2026.pdf
2026,AK,38344,Premera Blue Cross Blue Shield of Alaska,HIOS,4/14/2026,Individual,No,38344AK1080001,Premera Blue Cross Alaska One Gold,38344AK108,AKN002,AKS001,AKF001,Existing,PPO,Gold,Not Applicable,Yes,On the Exchange,No,No,"","",$0.00 ,No,Allows Adult and Child-Only,"",No,"Asthma, Diabetes, Heart Disease",0.9992,"","",1/1/2026,12/31/2026,Yes,"Benefits for covered services received from providers located outside the United States, Puerto Rico and the U.S. Virgin Islands are provided at the highest level of benefits available under the plan.",Yes,"If you're outside Alaska and Washington (the service area), covered services received from any provider licensed to provide the service will be paid the out of network benefit level (except emergences).",No,https://pay.instamed.com/Forms/SSO/ACS_SAML2.aspx?idP=FFM&accountID=PREMERA.BLUE.CROSS@INSTAMED.NET&ssoAlias=PREMERA_AK_FFM&id=PREMERA_AK_BINDER,https://www.premera.com/documents/062279_2026.pdf,38344AK1080001-01,Premera Blue Cross Alaska One Gold,Standard Gold On Exchange Plan,79.21%,"",Yes,Yes,No,100%,"","$1,500 ",$10 ,"$3,300 ",$60 ,$200 ,"$1,600 ",$0 ,$20 ,"$1,500 ",$300 ,$300 ,$0 ,"",0,2,0,"","","","","","","","","","","","","","","","","","","","","","","","","$6,300 ",$6300 per person,$12600 per group,"","","",Not Applicable,per person not applicable,per group not applicable,Not Applicable,per person not applicable,per group not applicable,"","","","","","","","","","","","","","","","","","","","","","","","","","","","","$1,500 ",$1500 per person,$3000 per group,30.00%,"","","","","$4,500 ",$4500 per person,per group not applicable,Not Applicable,per person not applicable,per group not applicable,No,"","",https://www.premera.com/documents/055214_2026.pdf,https://www.premera.com/documents/031112_2026.pdf
2026,AK,38344,Premera Blue Cross Blue Shield of Alaska,HIOS,4/14/2026,Individual,No,38344AK1080001,Premera Blue Cross Alaska One Gold,38344AK108,AKN002,AKS001,AKF001,Existing,PPO,Gold,Not Applicable,Yes,On the Exchange,No,No,"","",$0.00 ,No,Allows Adult and Child-Only,"",No,"Asthma, Diabetes, Heart Disease",0.9992,"","",1/1/2026,12/31/2026,Yes,"Benefits for covered services received from providers located outside the United States, Puerto Rico and the U.S. Virgin Islands are provided at the highest level of benefits available under the plan.",Yes,"If you're outside Alaska and Washington (the service area), covered services received from any provider licensed to provide the service will be paid the out of network benefit level (except emergences).",No,https://pay.instamed.com/Forms/SSO/ACS_SAML2.aspx?idP=FFM&accountID=PREMERA.BLUE.CROSS@INSTAMED.NET&ssoAlias=PREMERA_AK_FFM&id=PREMERA_AK_BINDER,https://www.premera.com/documents/062279_2026.pdf,38344AK1080001-02,Premera Blue Cross Alaska One Gold,Zero Cost Sharing Plan Variation,100.00%,"",Yes,Yes,No,100%,"",$0 ,$0 ,$0 ,$0 ,$0 ,$0 ,$0 ,$0 ,$0 ,$0 ,$0 ,$0 ,"",0,0,0,"","","","","","","","","","","","","","","","","","","","","","","","",$0 ,$0 per person,$0 per group,"","","",$0 ,$0 per person,$0 per group,$0 ,$0 per person,$0 per group,"","","","","","","","","","","","","","","","","","","","","","","","","","","","",$0 ,$0 per person,$0 per group,0.00%,"","","","",$0 ,$0 per person,$0 per group,$0 ,$0 per person,$0 per group,No,"","",https://www.premera.com/documents/055215_2026.pdf,https://www.premera.com/documents/031040_2026.pdf
2026,AK,38344,Premera Blue Cross Blue Shield of Alaska,HIOS,4/14/2026,Individual,No,38344AK1080001,Premera Blue Cross Alaska One Gold,38344AK108,AKN002,AKS001,AKF001,Existing,PPO,Gold,Not Applicable,Yes,On the Exchange,No,No,"","",$0.00 ,No,Allows Adult and Child-Only,"",No,"Asthma, Diabetes, Heart Disease",0.9992,"","",1/1/2026,12/31/2026,Yes,"Benefits for covered services received from providers located outside the United States, Puerto Rico and the U.S. Virgin Islands are provided at the highest level of benefits available under the plan.",Yes,"If you're outside Alaska and Washington (the service area), covered services received from any provider licensed to provide the service will be paid the out of network benefit level (except emergences).",No,https://pay.instamed.com/Forms/SSO/ACS_SAML2.aspx?idP=FFM&accountID=PREMERA.BLUE.CROSS@INSTAMED.NET&ssoAlias=PREMERA_AK_FFM&id=PREMERA_AK_BINDER,https://www.premera.com/documents/062279_2026.pdf,38344AK1080001-03,Premera Blue Cross Alaska One Gold,Limited Cost Sharing Plan Variation,79.21%,"",Yes,Yes,No,100%,"","$1,500 ",$10 ,"$3,300 ",$60 ,$200 ,"$1,600 ",$0 ,$20 ,"$1,500 ",$300 ,$300 ,$0 ,"",0,2,0,"","","","","","","","","","","","","","","","","","","","","","","","","$6,300 ",$6300 per person,$12600 per group,"","","",Not Applicable,per person not applicable,per group not applicable,Not Applicable,per person not applicable,per group not applicable,"","","","","","","","","","","","","","","","","","","","","","","","","","","","","$1,500 ",$1500 per person,$3000 per group,30.00%,"","","","","$4,500 ",$4500 per person,per group not applicable,Not Applicable,per person not applicable,per group not applicable,No,"","",https://www.premera.com/documents/055216_2026.pdf,https://www.premera.com/documents/031040_2026.pdf
2026,AK,38344,Premera Blue Cross Blue Shield of Alaska,HIOS,4/14/2026,Individual,No,38344AK1100001,Premera Blue Cross Standard Gold,38344AK110,AKN002,AKS001,AKF004,Existing,PPO,Gold,Design 1,No,On the Exchange,No,No,"","",$0.00 ,No,Allows Adult and Child-Only,"",No,"Asthma, Diabetes, Heart Disease",0.999,"","",1/1/2026,12/31/2026,Yes,"Benefits for covered services received from providers located outside the United States, Puerto Rico and the U.S. Virgin Islands are provided at the highest level of benefits available under the plan.",Yes,"If you're outside Alaska and Washington (the service area), covered services received from any provider licensed to provide the service will be paid the out of network benefit level (except emergences).",No,https://pay.instamed.com/Forms/SSO/ACS_SAML2.aspx?idP=FFM&accountID=PREMERA.BLUE.CROSS@INSTAMED.NET&ssoAlias=PREMERA_AK_FFM&id=PREMERA_AK_BINDER,https://www.premera.com/documents/062279_2026.pdf,38344AK1100001-01,Premera Blue Cross Standard Gold,Standard Gold On Exchange Plan,"",0.7803779227020161,Yes,Yes,No,100%,"","$2,000 ",$10 ,"$2,600 ",$60 ,$200 ,"$1,300 ",$0 ,$20 ,"$2,000 ",$200 ,$90 ,$0 ,"",0,0,0,"","","","","","","","","","","","","","","","","","","","","","","","","$8,200 ",$8200 per person,$16400 per group,"","","",Not Applicable,per person not applicable,per group not applicable,Not Applicable,per person not applicable,per group not applicable,"","","","","","","","","","","","","","","","","","","","","","","","","","","","","$2,000 ",$2000 per person,$4000 per group,25.00%,"","","","","$6,000 ",$6000 per person,per group not applicable,Not Applicable,per person not applicable,per group not applicable,No,"","",https://www.premera.com/documents/059174_2026.pdf,https://www.premera.com/documents/059782_2026.pdf
2026,AK,38344,Premera Blue Cross Blue Shield of Alaska,HIOS,4/14/2026,Individual,No,38344AK1100001,Premera Blue Cross Standard Gold,38344AK110,AKN002,AKS001,AKF004,Existing,PPO,Gold,Design 1,No,On the Exchange,No,No,"","",$0.00 ,No,Allows Adult and Child-Only,"",No,"Asthma, Diabetes, Heart Disease",0.999,"","",1/1/2026,12/31/2026,Yes,"Benefits for covered services received from providers located outside the United States, Puerto Rico and the U.S. Virgin Islands are provided at the highest level of benefits available under the plan.",Yes,"If you're outside Alaska and Washington (the service area), covered services received from any provider licensed to provide the service will be paid the out of network benefit level (except emergences).",No,https://pay.instamed.com/Forms/SSO/ACS_SAML2.aspx?idP=FFM&accountID=PREMERA.BLUE.CROSS@INSTAMED.NET&ssoAlias=PREMERA_AK_FFM&id=PREMERA_AK_BINDER,https://www.premera.com/documents/062279_2026.pdf,38344AK1100001-02,Premera Blue Cross Standard Gold,Zero Cost Sharing Plan Variation,"",1,Yes,Yes,No,100%,"",$0 ,$0 ,$0 ,$0 ,$0 ,$0 ,$0 ,$0 ,$0 ,$0 ,$0 ,$0 ,"",0,0,0,"","","","","","","","","","","","","","","","","","","","","","","","",$0 ,$0 per person,$0 per group,"","","",$0 ,$0 per person,$0 per group,$0 ,$0 per person,$0 per group,"","","","","","","","","","","","","","","","","","","","","","","","","","","","",$0 ,$0 per person,$0 per group,0.00%,"","","","",$0 ,$0 per person,$0 per group,$0 ,$0 per person,$0 per group,No,"","",https://www.premera.com/documents/059175_2026.pdf,https://www.premera.com/documents/031040_2026.pdf
2026,AK,38344,Premera Blue Cross Blue Shield of Alaska,HIOS,4/14/2026,Individual,No,38344AK1100001,Premera Blue Cross Standard Gold,38344AK110,AKN002,AKS001,AKF004,Existing,PPO,Gold,Design 1,No,On the Exchange,No,No,"","",$0.00 ,No,Allows Adult and Child-Only,"",No,"Asthma, Diabetes, Heart Disease",0.999,"","",1/1/2026,12/31/2026,Yes,"Benefits for covered services received from providers located outside the United States, Puerto Rico and the U.S. Virgin Islands are provided at the highest level of benefits available under the plan.",Yes,"If you're outside Alaska and Washington (the service area), covered services received from any provider licensed to provide the service will be paid the out of network benefit level (except emergences).",No,https://pay.instamed.com/Forms/SSO/ACS_SAML2.aspx?idP=FFM&accountID=PREMERA.BLUE.CROSS@INSTAMED.NET&ssoAlias=PREMERA_AK_FFM&id=PREMERA_AK_BINDER,https://www.premera.com/documents/062279_2026.pdf,38344AK1100001-03,Premera Blue Cross Standard Gold,Limited Cost Sharing Plan Variation,"",0.7803779227020161,Yes,Yes,No,100%,"","$2,000 ",$10 ,"$2,600 ",$60 ,$200 ,"$1,300 ",$0 ,$20 ,"$2,000 ",$200 ,$90 ,$0 ,"",0,0,0,"","","","","","","","","","","","","","","","","","","","","","","","","$8,200 ",$8200 per person,$16400 per group,"","","",Not Applicable,per person not applicable,per group not applicable,Not Applicable,per person not applicable,per group not applicable,"","","","","","","","","","","","","","","","","","","","","","","","","","","","","$2,000 ",$2000 per person,$4000 per group,25.00%,"","","","","$6,000 ",$6000 per person,per group not applicable,Not Applicable,per person not applicable,per group not applicable,No,"","",https://www.premera.com/documents/059176_2026.pdf,https://www.premera.com/documents/031040_2026.pdf
2026,AK,38344,Premera Blue Cross Blue Shield of Alaska,HIOS,4/14/2026,Individual,No,38344AK1100002,Premera Blue Cross Standard Silver,38344AK110,AKN002,AKS001,AKF006,Existing,PPO,Silver,Design 1,No,On the Exchange,No,No,"","",$0.00 ,No,Allows Adult and Child-Only,"",No,"Asthma, Diabetes, Heart Disease",0.9991,"","",1/1/2026,12/31/2026,Yes,"Benefits for covered services received from providers located outside the United States, Puerto Rico and the U.S. Virgin Islands are provided at the highest level of benefits available under the plan.",Yes,"If you're outside Alaska and Washington (the service area), covered services received from any provider licensed to provide the service will be paid the out of network benefit level (except emergences).",No,https://pay.instamed.com/Forms/SSO/ACS_SAML2.aspx?idP=FFM&accountID=PREMERA.BLUE.CROSS@INSTAMED.NET&ssoAlias=PREMERA_AK_FFM&id=PREMERA_AK_BINDER,https://www.premera.com/documents/062279_2026.pdf,38344AK1100002-01,Premera Blue Cross Standard Silver,Standard Silver On Exchange Plan,"",0.700079495,Yes,Yes,No,100%,"","$6,000 ",$10 ,"$2,600 ",$60 ,$200 ,"$1,600 ",$0 ,$20 ,"$2,300 ",$200 ,$0 ,$0 ,"",0,0,0,"","","","","","","","","","","","","","","","","","","","","","","","","$8,900 ",$8900 per person,$17800 per group,"","","",Not Applicable,per person not applicable,per group not applicable,Not Applicable,per person not applicable,per group not applicable,"","","","","","","","","","","","","","","","","","","","","","","","","","","","","$6,000 ",$6000 per person,$12000 per group,40.00%,"","","","","$18,000 ",$18000 per person,per group not applicable,Not Applicable,per person not applicable,per group not applicable,No,"","",https://www.premera.com/documents/059177_2026.pdf,https://www.premera.com/documents/059782_2026.pdf
2026,AK,38344,Premera Blue Cross Blue Shield of Alaska,HIOS,4/14/2026,Individual,No,38344AK1100002,Premera Blue Cross Standard Silver,38344AK110,AKN002,AKS001,AKF006,Existing,PPO,Silver,Design 1,No,On the Exchange,No,No,"","",$0.00 ,No,Allows Adult and Child-Only,"",No,"Asthma, Diabetes, Heart Disease",0.9991,"","",1/1/2026,12/31/2026,Yes,"Benefits for covered services received from providers located outside the United States, Puerto Rico and the U.S. Virgin Islands are provided at the highest level of benefits available under the plan.",Yes,"If you're outside Alaska and Washington (the service area), covered services received from any provider licensed to provide the service will be paid the out of network benefit level (except emergences).",No,https://pay.instamed.com/Forms/SSO/ACS_SAML2.aspx?idP=FFM&accountID=PREMERA.BLUE.CROSS@INSTAMED.NET&ssoAlias=PREMERA_AK_FFM&id=PREMERA_AK_BINDER,https://www.premera.com/documents/062279_2026.pdf,38344AK1100002-02,Premera Blue Cross Standard Silver,Zero Cost Sharing Plan Variation,"",1,Yes,Yes,No,100%,"",$0 ,$0 ,$0 ,$0 ,$0 ,$0 ,$0 ,$0 ,$0 ,$0 ,$0 ,$0 ,"",0,0,0,"","","","","","","","","","","","","","","","","","","","","","","","",$0 ,$0 per person,$0 per group,"","","",$0 ,$0 per person,$0 per group,$0 ,$0 per person,$0 per group,"","","","","","","","","","","","","","","","","","","","","","","","","","","","",$0 ,$0 per person,$0 per group,0.00%,"","","","",$0 ,$0 per person,$0 per group,$0 ,$0 per person,$0 per group,No,"","",https://www.premera.com/documents/059178_2026.pdf,https://www.premera.com/documents/031040_2026.pdf
2026,AK,38344,Premera Blue Cross Blue Shield of Alaska,HIOS,4/14/2026,Individual,No,38344AK1100002,Premera Blue Cross Standard Silver,38344AK110,AKN002,AKS001,AKF006,Existing,PPO,Silver,Design 1,No,On the Exchange,No,No,"","",$0.00 ,No,Allows Adult and Child-Only,"",No,"Asthma, Diabetes, Heart Disease",0.9991,"","",1/1/2026,12/31/2026,Yes,"Benefits for covered services received from providers located outside the United States, Puerto Rico and the U.S. Virgin Islands are provided at the highest level of benefits available under the plan.",Yes,"If you're outside Alaska and Washington (the service area), covered services received from any provider licensed to provide the service will be paid the out of network benefit level (except emergences).",No,https://pay.instamed.com/Forms/SSO/ACS_SAML2.aspx?idP=FFM&accountID=PREMERA.BLUE.CROSS@INSTAMED.NET&ssoAlias=PREMERA_AK_FFM&id=PREMERA_AK_BINDER,https://www.premera.com/documents/062279_2026.pdf,38344AK1100002-03,Premera Blue Cross Standard Silver,Limited Cost Sharing Plan Variation,"",0.700079495,Yes,Yes,No,100%,"","$6,000 ",$10 ,"$2,600 ",$60 ,$200 ,"$1,600 ",$0 ,$20 ,"$2,300 ",$200 ,$0 ,$0 ,"",0,0,0,"","","","","","","","","","","","","","","","","","","","","","","","","$8,900 ",$8900 per person,$17800 per group,"","","",Not Applicable,per person not applicable,per group not applicable,Not Applicable,per person not applicable,per group not applicable,"","","","","","","","","","","","","","","","","","","","","","","","","","","","","$6,000 ",$6000 per person,$12000 per group,40.00%,"","","","","$18,000 ",$18000 per person,per group not applicable,Not Applicable,per person not applicable,per group not applicable,No,"","",https://www.premera.com/documents/059179_2026.pdf,https://www.premera.com/documents/031040_2026.pdf
2026,AK,38344,Premera Blue Cross Blue Shield of Alaska,HIOS,4/14/2026,Individual,No,38344AK1100002,Premera Blue Cross Standard Silver,38344AK110,AKN002,AKS001,AKF006,Existing,PPO,Silver,Design 1,No,On the Exchange,No,No,"","",$0.00 ,No,Allows Adult and Child-Only,"",No,"Asthma, Diabetes, Heart Disease",0.9991,"","",1/1/2026,12/31/2026,Yes,"Benefits for covered services received from providers located outside the United States, Puerto Rico and the U.S. Virgin Islands are provided at the highest level of benefits available under the plan.",Yes,"If you're outside Alaska and Washington (the service area), covered services received from any provider licensed to provide the service will be paid the out of network benefit level (except emergences).",No,https://pay.instamed.com/Forms/SSO/ACS_SAML2.aspx?idP=FFM&accountID=PREMERA.BLUE.CROSS@INSTAMED.NET&ssoAlias=PREMERA_AK_FFM&id=PREMERA_AK_BINDER,https://www.premera.com/documents/062279_2026.pdf,38344AK1100002-04,Premera Blue Cross Standard Silver,73% AV Level Silver Plan,"",0.7307023609354409,Yes,Yes,No,100%,"","$3,000 ",$10 ,"$3,800 ",$60 ,$200 ,"$1,600 ",$0 ,$20 ,"$2,300 ",$200 ,$0 ,$0 ,"",0,0,0,"","","","","","","","","","","","","","","","","","","","","","","","","$7,400 ",$7400 per person,$14800 per group,"","","",Not Applicable,per person not applicable,per group not applicable,Not Applicable,per person not applicable,per group not applicable,"","","","","","","","","","","","","","","","","","","","","","","","","","","","","$3,000 ",$3000 per person,$6000 per group,40.00%,"","","","","$9,000 ",$9000 per person,per group not applicable,Not Applicable,per person not applicable,per group not applicable,No,"","",https://www.premera.com/documents/059180_2026.pdf,https://www.premera.com/documents/059782_2026.pdf
2026,AK,38344,Premera Blue Cross Blue Shield of Alaska,HIOS,4/14/2026,Individual,No,38344AK1100002,Premera Blue Cross Standard Silver,38344AK110,AKN002,AKS001,AKF006,Existing,PPO,Silver,Design 1,No,On the Exchange,No,No,"","",$0.00 ,No,Allows Adult and Child-Only,"",No,"Asthma, Diabetes, Heart Disease",0.9991,"","",1/1/2026,12/31/2026,Yes,"Benefits for covered services received from providers located outside the United States, Puerto Rico and the U.S. Virgin Islands are provided at the highest level of benefits available under the plan.",Yes,"If you're outside Alaska and Washington (the service area), covered services received from any provider licensed to provide the service will be paid the out of network benefit level (except emergences).",No,https://pay.instamed.com/Forms/SSO/ACS_SAML2.aspx?idP=FFM&accountID=PREMERA.BLUE.CROSS@INSTAMED.NET&ssoAlias=PREMERA_AK_FFM&id=PREMERA_AK_BINDER,https://www.premera.com/documents/062279_2026.pdf,38344AK1100002-05,Premera Blue Cross Standard Silver,87% AV Level Silver Plan,"",0.870442632,Yes,Yes,No,100%,"",$700 ,$0 ,"$2,600 ",$60 ,$200 ,"$1,000 ",$0 ,$20 ,$700 ,$100 ,$500 ,$0 ,"",0,0,0,"","","","","","","","","","","","","","","","","","","","","","","","","$3,300 ",$3300 per person,$6600 per group,"","","",Not Applicable,per person not applicable,per group not applicable,Not Applicable,per person not applicable,per group not applicable,"","","","","","","","","","","","","","","","","","","","","","","","","","","","",$700 ,$700 per person,$1400 per group,30.00%,"","","","","$2,100 ",$2100 per person,per group not applicable,Not Applicable,per person not applicable,per group not applicable,No,"","",https://www.premera.com/documents/059181_2026.pdf,https://www.premera.com/documents/059782_2026.pdf
2026,AK,38344,Premera Blue Cross Blue Shield of Alaska,HIOS,4/14/2026,Individual,No,38344AK1100002,Premera Blue Cross Standard Silver,38344AK110,AKN002,AKS001,AKF006,Existing,PPO,Silver,Design 1,No,On the Exchange,No,No,"","",$0.00 ,No,Allows Adult and Child-Only,"",No,"Asthma, Diabetes, Heart Disease",0.9991,"","",1/1/2026,12/31/2026,Yes,"Benefits for covered services received from providers located outside the United States, Puerto Rico and the U.S. Virgin Islands are provided at the highest level of benefits available under the plan.",Yes,"If you're outside Alaska and Washington (the service area), covered services received from any provider licensed to provide the service will be paid the out of network benefit level (except emergences).",No,https://pay.instamed.com/Forms/SSO/ACS_SAML2.aspx?idP=FFM&accountID=PREMERA.BLUE.CROSS@INSTAMED.NET&ssoAlias=PREMERA_AK_FFM&id=PREMERA_AK_BINDER,https://www.premera.com/documents/062279_2026.pdf,38344AK1100002-06,Premera Blue Cross Standard Silver,94% AV Level Silver Plan,"",0.9411075,Yes,Yes,No,100%,"",$0 ,$0 ,"$2,200 ",$60 ,$0 ,$500 ,$40 ,$20 ,$0 ,$10 ,$600 ,$0 ,"",0,0,0,"","","","","","","","","","","","","","","","","","","","","","","","","$2,200 ",$2200 per person,$4400 per group,"","","",Not Applicable,per person not applicable,per group not applicable,Not Applicable,per person not applicable,per group not applicable,"","","","","","","","","","","","","","","","","","","","","","","","","","","","",$0 ,$0 per person,$0 per group,25.00%,"","","","",$0 ,$0 per person,per group not applicable,Not Applicable,per person not applicable,per group not applicable,No,"","",https://www.premera.com/documents/059182_2026.pdf,https://www.premera.com/documents/059782_2026.pdf
2026,AK,38344,Premera Blue Cross Blue Shield of Alaska,HIOS,4/14/2026,Individual,No,38344AK1100004,Premera Blue Cross Standard Bronze II,38344AK110,AKN002,AKS001,AKF007,Existing,PPO,Expanded Bronze,Design 1,No,On the Exchange,No,No,"","",$0.00 ,No,Allows Adult and Child-Only,"",No,"Asthma, Diabetes, Heart Disease",0.9987,"","",1/1/2026,12/31/2026,Yes,"Benefits for covered services received from providers located outside the United States, Puerto Rico and the U.S. Virgin Islands are provided at the highest level of benefits available under the plan.",Yes,"If you're outside Alaska and Washington (the service area), covered services received from any provider licensed to provide the service will be paid the out of network benefit level (except emergences).",No,https://pay.instamed.com/Forms/SSO/ACS_SAML2.aspx?idP=FFM&accountID=PREMERA.BLUE.CROSS@INSTAMED.NET&ssoAlias=PREMERA_AK_FFM&id=PREMERA_AK_BINDER,https://www.premera.com/documents/062279_2026.pdf,38344AK1100004-01,Premera Blue Cross Standard Bronze II,Standard Bronze On Exchange Plan,"",0.641164683,Yes,Yes,No,100%,"","$7,500 ",$0 ,"$2,500 ",$60 ,"$2,900 ","$1,900 ",$0 ,$20 ,"$2,300 ",$300 ,$0 ,$0 ,"",0,0,0,"","","","","","","","","","","","","","","","","","","","","","","","","$10,000 ",$10000 per person,$20000 per group,"","","",Not Applicable,per person not applicable,per group not applicable,Not Applicable,per person not applicable,per group not applicable,"","","","","","","","","","","","","","","","","","","","","","","","","","","","","$7,500 ",$7500 per person,$15000 per group,50.00%,"","","","","$22,500 ",$22500 per person,per group not applicable,Not Applicable,per person not applicable,per group not applicable,Yes,"","",https://www.premera.com/documents/062588_2026.pdf,https://www.premera.com/documents/059782_2026.pdf
2026,AK,38344,Premera Blue Cross Blue Shield of Alaska,HIOS,4/14/2026,Individual,No,38344AK1100004,Premera Blue Cross Standard Bronze II,38344AK110,AKN002,AKS001,AKF007,Existing,PPO,Expanded Bronze,Design 1,No,On the Exchange,No,No,"","",$0.00 ,No,Allows Adult and Child-Only,"",No,"Asthma, Diabetes, Heart Disease",0.9987,"","",1/1/2026,12/31/2026,Yes,"Benefits for covered services received from providers located outside the United States, Puerto Rico and the U.S. Virgin Islands are provided at the highest level of benefits available under the plan.",Yes,"If you're outside Alaska and Washington (the service area), covered services received from any provider licensed to provide the service will be paid the out of network benefit level (except emergences).",No,https://pay.instamed.com/Forms/SSO/ACS_SAML2.aspx?idP=FFM&accountID=PREMERA.BLUE.CROSS@INSTAMED.NET&ssoAlias=PREMERA_AK_FFM&id=PREMERA_AK_BINDER,https://www.premera.com/documents/062279_2026.pdf,38344AK1100004-02,Premera Blue Cross Standard Bronze II,Zero Cost Sharing Plan Variation,"",1,Yes,Yes,No,100%,"",$0 ,$0 ,$0 ,$0 ,$0 ,$0 ,$0 ,$0 ,$0 ,$0 ,$0 ,$0 ,"",0,0,0,"","","","","","","","","","","","","","","","","","","","","","","","",$0 ,$0 per person,$0 per group,"","","",$0 ,$0 per person,$0 per group,$0 ,$0 per person,$0 per group,"","","","","","","","","","","","","","","","","","","","","","","","","","","","",$0 ,$0 per person,$0 per group,0.00%,"","","","",$0 ,$0 per person,$0 per group,$0 ,$0 per person,$0 per group,Yes,"","",https://www.premera.com/documents/062589_2026.pdf,https://www.premera.com/documents/031040_2026.pdf
2026,AK,38344,Premera Blue Cross Blue Shield of Alaska,HIOS,4/14/2026,Individual,No,38344AK1100004,Premera Blue Cross Standard Bronze II,38344AK110,AKN002,AKS001,AKF007,Existing,PPO,Expanded Bronze,Design 1,No,On the Exchange,No,No,"","",$0.00 ,No,Allows Adult and Child-Only,"",No,"Asthma, Diabetes, Heart Disease",0.9987,"","",1/1/2026,12/31/2026,Yes,"Benefits for covered services received from providers located outside the United States, Puerto Rico and the U.S. Virgin Islands are provided at the highest level of benefits available under the plan.",Yes,"If you're outside Alaska and Washington (the service area), covered services received from any provider licensed to provide the service will be paid the out of network benefit level (except emergences).",No,https://pay.instamed.com/Forms/SSO/ACS_SAML2.aspx?idP=FFM&accountID=PREMERA.BLUE.CROSS@INSTAMED.NET&ssoAlias=PREMERA_AK_FFM&id=PREMERA_AK_BINDER,https://www.premera.com/documents/062279_2026.pdf,38344AK1100004-03,Premera Blue Cross Standard Bronze II,Limited Cost Sharing Plan Variation,"",0.641164683,Yes,Yes,No,100%,"","$7,500 ",$0 ,"$2,500 ",$60 ,"$2,900 ","$1,900 ",$0 ,$20 ,"$2,300 ",$300 ,$0 ,$0 ,"",0,0,0,"","","","","","","","","","","","","","","","","","","","","","","","","$10,000 ",$10000 per person,$20000 per group,"","","",Not Applicable,per person not applicable,per group not applicable,Not Applicable,per person not applicable,per group not applicable,"","","","","","","","","","","","","","","","","","","","","","","","","","","","","$7,500 ",$7500 per person,$15000 per group,50.00%,"","","","","$22,500 ",$22500 per person,per group not applicable,Not Applicable,per person not applicable,per group not applicable,Yes,"","",https://www.premera.com/documents/062590_2026.pdf,https://www.premera.com/documents/031040_2026.pdf
2026,AK,38344,Premera Blue Cross Blue Shield of Alaska,HIOS,4/14/2026,Individual,Yes,38344AK1110001,Premera Blue Cross Family Dental,38344AK111,AKN003,AKS003,"",New,PPO,High,"","",On the Exchange,"","","","","",No,Allows Adult and Child-Only,"","","","",1,Guaranteed Rate,1/1/2026,12/31/2026,Yes,"The out of country provision applies if the member is outside of the US.  For all providers, the member has to pay the provider at the time of service, and send the claim to the insurer along with any other supporting documents.  The insurer provides benefits at the out-of-network benefit level.",Yes,"If the member is outside of Alaska, but still in the US, the insurer pays out of network.  Member has to pay the provider in full, and submit a claim for reimbursement.",No,https://pay.instamed.com/Forms/SSO/ACS_SAML2.aspx?idP=FFM&accountID=PREMERA.BLUE.CROSS@INSTAMED.NET&ssoAlias=PREMERA_AK_FFM&id=PREMERA_AK_BINDER,"",38344AK1110001-00,Premera Blue Cross Family Dental,Standard High Off Exchange Plan,87.69%,"","","",No,100%,"","","","","","","","","","","","","","",0,0,0,$450 ,$450 per person,$900 per group,"","","",Not Applicable,per person not applicable,per group not applicable,Not Applicable,per person not applicable,per group not applicable,"","","","","","","","","","","","","","","","","","","","","","","","",Not Applicable,per person not applicable,per group not applicable,"","","","","",Not Applicable,per person not applicable,per group not applicable,$65 ,per person not applicable,per group not applicable,"","","","","","","","","","","","","","","","","","","","","","","","","","","","","","","","",""
2026,AK,38344,Premera Blue Cross Blue Shield of Alaska,HIOS,4/14/2026,Individual,Yes,38344AK1110001,Premera Blue Cross Family Dental,38344AK111,AKN003,AKS003,"",New,PPO,High,"","",On the Exchange,"","","","","",No,Allows Adult and Child-Only,"","","","",1,Guaranteed Rate,1/1/2026,12/31/2026,Yes,"The out of country provision applies if the member is outside of the US.  For all providers, the member has to pay the provider at the time of service, and send the claim to the insurer along with any other supporting documents.  The insurer provides benefits at the out-of-network benefit level.",Yes,"If the member is outside of Alaska, but still in the US, the insurer pays out of network.  Member has to pay the provider in full, and submit a claim for reimbursement.",No,https://pay.instamed.com/Forms/SSO/ACS_SAML2.aspx?idP=FFM&accountID=PREMERA.BLUE.CROSS@INSTAMED.NET&ssoAlias=PREMERA_AK_FFM&id=PREMERA_AK_BINDER,"",38344AK1110001-01,Premera Blue Cross Family Dental,Standard High On Exchange Plan,87.69%,"","","",No,100%,"","","","","","","","","","","","","","",0,0,0,$450 ,$450 per person,$900 per group,"","","",Not Applicable,per person not applicable,per group not applicable,Not Applicable,per person not applicable,per group not applicable,"","","","","","","","","","","","","","","","","","","","","","","","",Not Applicable,per person not applicable,per group not applicable,"","","","","",Not Applicable,per person not applicable,per group not applicable,$65 ,per person not applicable,per group not applicable,"","","","","","","","","","","","","","","","","","","","","","","","","","","","","","","",https://www.premera.com/documents/069332_2026.pdf,https://www.premera.com/documents/069512_2026.pdf
2026,AK,38344,Premera Blue Cross Blue Shield of Alaska,HIOS,4/14/2026,Individual,Yes,38344AK1120001,Premera Blue Cross Pediatric Dental,38344AK112,AKN003,AKS003,"",New,PPO,High,"","",On the Exchange,"","","","","",No,Allows Child-Only,"","","","",1,Guaranteed Rate,1/1/2026,12/31/2026,Yes,"The out of country provision applies if the member is outside of the US.  For all providers, the member has to pay the provider at the time of service, and send the claim to the insurer along with any other supporting documents.  The insurer provides benefits at the out-of-network benefit level.",Yes,"If the member is outside of Alaska, but still in the US, the insurer pays out of network.  Member has to pay the provider in full, and submit a claim for reimburseement.",No,https://pay.instamed.com/Forms/SSO/ACS_SAML2.aspx?idP=FFM&accountID=PREMERA.BLUE.CROSS@INSTAMED.NET&ssoAlias=PREMERA_AK_FFM&id=PREMERA_AK_BINDER,"",38344AK1120001-01,Premera Blue Cross Pediatric Dental,Standard High On Exchange Plan,87.69%,"","","",No,100%,"","","","","","","","","","","","","","",0,0,0,$450 ,$450 per person,$900 per group,"","","",Not Applicable,per person not applicable,per group not applicable,Not Applicable,per person not applicable,per group not applicable,"","","","","","","","","","","","","","","","","","","","","","","","",Not Applicable,per person not applicable,per group not applicable,"","","","","",Not Applicable,per person not applicable,per group not applicable,$65 ,$65 per person,per group not applicable,"","","","","","","","","","","","","","","","","","","","","","","","","","","","","","","",https://www.premera.com/documents/069331_2026.pdf,https://www.premera.com/documents/069512_2026.pdf
2026,AK,73836,"Moda Health Plan, Inc.",HIOS,10/15/2025,Individual,No,73836AK0930001,Moda Select Alaska Gold 1500,73836AK093,AKN002,AKS002,AKF009,Existing,PPO,Gold,Not Applicable,Yes,Both,No,No,"","",$0.00 ,No,Allows Adult and Child-Only,"",No,"Asthma, Depression, Diabetes, Heart Disease, High Blood Pressure & High Cholesterol, Low Back Pain, Pain Management, Pregnancy",0.984,"","",1/1/2026,12/31/2026,Yes,Emergency care only,Yes,For out-of-area dependent children and for care outside of Alaska,Yes,https://modahealth.com/members/ebill.shtml,https://www.modahealth.com/pdl,73836AK0930001-00,Moda Select Alaska Gold 1500,Standard Gold Off Exchange Plan,78.99%,"",Yes,Yes,Yes,50%,50%,"$1,500 ",$10 ,"$3,300 ",$50 ,$400 ,"$1,400 ",$0 ,$20 ,"$1,500 ",$200 ,$300 ,$0 ,"",0,2,0,"","","","","","","","","","","","","","","","","","","","","","","","","$6,000 ",$6000 per person,$12000 per group,"$6,000 ",$6000 per person,$12000 per group,"$18,000 ",$18000 per person,$36000 per group,Not Applicable,per person not applicable,per group not applicable,"","","","","","","","","","","","","","","","","","","","","","","","","","","","","$1,500 ",$1500 per person,$3000 per group,30.00%,"$3,000 ",$3000 per person,$6000 per group,40.00%,"$9,000 ",$9000 per person,$18000 per group,Not Applicable,per person not applicable,per group not applicable,No,"","",http://www.modahealth.com/-/media/modahealth/shared/plans/AK/2026/individual/Moda-Select-Alaska-Gold-1500-SBC-2026-AK.pdf,http://www.modahealth.com/-/media/modahealth/shared/brochure/AK/2026/individual/Moda-IND-MED-DEN-Moda-Select-Brochure-2026-AK.pdf
2026,AK,73836,"Moda Health Plan, Inc.",HIOS,10/15/2025,Individual,No,73836AK0930001,Moda Select Alaska Gold 1500,73836AK093,AKN002,AKS002,AKF009,Existing,PPO,Gold,Not Applicable,Yes,Both,No,No,"","",$0.00 ,No,Allows Adult and Child-Only,"",No,"Asthma, Depression, Diabetes, Heart Disease, High Blood Pressure & High Cholesterol, Low Back Pain, Pain Management, Pregnancy",0.984,"","",1/1/2026,12/31/2026,Yes,Emergency care only,Yes,For out-of-area dependent children and for care outside of Alaska,Yes,https://modahealth.com/members/ebill.shtml,https://www.modahealth.com/pdl,73836AK0930001-01,Moda Select Alaska Gold 1500,Standard Gold On Exchange Plan,78.99%,"",Yes,Yes,Yes,50%,50%,"$1,500 ",$10 ,"$3,300 ",$50 ,$400 ,"$1,400 ",$0 ,$20 ,"$1,500 ",$200 ,$300 ,$0 ,"",0,2,0,"","","","","","","","","","","","","","","","","","","","","","","","","$6,000 ",$6000 per person,$12000 per group,"$6,000 ",$6000 per person,$12000 per group,"$18,000 ",$18000 per person,$36000 per group,Not Applicable,per person not applicable,per group not applicable,"","","","","","","","","","","","","","","","","","","","","","","","","","","","","$1,500 ",$1500 per person,$3000 per group,30.00%,"$3,000 ",$3000 per person,$6000 per group,40.00%,"$9,000 ",$9000 per person,$18000 per group,Not Applicable,per person not applicable,per group not applicable,No,"","",http://www.modahealth.com/-/media/modahealth/shared/plans/AK/2026/individual/Moda-Select-Alaska-Gold-1500-SBC-2026-AK.pdf,http://www.modahealth.com/-/media/modahealth/shared/brochure/AK/2026/individual/Moda-IND-MED-DEN-Moda-Select-Brochure-2026-AK.pdf
2026,AK,73836,"Moda Health Plan, Inc.",HIOS,10/15/2025,Individual,No,73836AK0930001,Moda Select Alaska Gold 1500,73836AK093,AKN002,AKS002,AKF009,Existing,PPO,Gold,Not Applicable,Yes,Both,No,No,"","",$0.00 ,No,Allows Adult and Child-Only,"",No,"Asthma, Depression, Diabetes, Heart Disease, High Blood Pressure & High Cholesterol, Low Back Pain, Pain Management, Pregnancy",0.984,"","",1/1/2026,12/31/2026,Yes,Emergency care only,Yes,For out-of-area dependent children and for care outside of Alaska,Yes,https://modahealth.com/members/ebill.shtml,https://www.modahealth.com/pdl,73836AK0930001-02,Moda Select Alaska Gold 1500 - AI/AN Zero,Zero Cost Sharing Plan Variation,100.00%,"",Yes,Yes,Yes,50%,50%,$0 ,$0 ,$0 ,$50 ,$0 ,$0 ,$0 ,$20 ,$0 ,$0 ,$0 ,$0 ,"",0,0,0,"","","","","","","","","","","","","","","","","","","","","","","","",$0 ,$0 per person,$0 per group,$0 ,$0 per person,$0 per group,$0 ,$0 per person,$0 per group,Not Applicable,per person not applicable,per group not applicable,"","","","","","","","","","","","","","","","","","","","","","","","","","","","",$0 ,$0 per person,$0 per group,0.00%,$0 ,$0 per person,$0 per group,0.00%,$0 ,$0 per person,$0 per group,Not Applicable,per person not applicable,per group not applicable,No,"","",http://www.modahealth.com/-/media/modahealth/shared/plans/AK/2026/individual/Moda-Select-Alaska-Gold-1500-AI-AN-Zero-SBC-2026-AK.pdf,http://www.modahealth.com/-/media/modahealth/shared/brochure/AK/2026/individual/Moda-IND-MED-DEN-Moda-Select-Brochure-2026-AK.pdf
2026,AK,73836,"Moda Health Plan, Inc.",HIOS,10/15/2025,Individual,No,73836AK0930001,Moda Select Alaska Gold 1500,73836AK093,AKN002,AKS002,AKF009,Existing,PPO,Gold,Not Applicable,Yes,Both,No,No,"","",$0.00 ,No,Allows Adult and Child-Only,"",No,"Asthma, Depression, Diabetes, Heart Disease, High Blood Pressure & High Cholesterol, Low Back Pain, Pain Management, Pregnancy",0.984,"","",1/1/2026,12/31/2026,Yes,Emergency care only,Yes,For out-of-area dependent children and for care outside of Alaska,Yes,https://modahealth.com/members/ebill.shtml,https://www.modahealth.com/pdl,73836AK0930001-03,Moda Select Alaska Gold 1500 - AI/AN Limited,Limited Cost Sharing Plan Variation,78.99%,"",Yes,Yes,Yes,50%,50%,$0 ,$0 ,$0 ,$50 ,$0 ,$0 ,$0 ,$20 ,$0 ,$0 ,$0 ,$0 ,"",0,2,0,"","","","","","","","","","","","","","","","","","","","","","","","","$6,000 ",$6000 per person,$12000 per group,"$6,000 ",$6000 per person,$12000 per group,"$18,000 ",$18000 per person,$36000 per group,Not Applicable,per person not applicable,per group not applicable,"","","","","","","","","","","","","","","","","","","","","","","","","","","","","$1,500 ",$1500 per person,$3000 per group,30.00%,"$3,000 ",$3000 per person,$6000 per group,40.00%,"$9,000 ",$9000 per person,$18000 per group,Not Applicable,per person not applicable,per group not applicable,No,"","",http://www.modahealth.com/-/media/modahealth/shared/plans/AK/2026/individual/Moda-Select-Alaska-Gold-1500-AI-AN-Limited-SBC-2026-AK.pdf,http://www.modahealth.com/-/media/modahealth/shared/brochure/AK/2026/individual/Moda-IND-MED-DEN-Moda-Select-Brochure-2026-AK.pdf
2026,AK,73836,"Moda Health Plan, Inc.",HIOS,10/15/2025,Individual,No,73836AK0930002,Moda Select Alaska Silver 4500,73836AK093,AKN002,AKS002,AKF014,Existing,PPO,Silver,Not Applicable,Yes,Both,No,No,"","",$0.00 ,No,Allows Adult and Child-Only,"",No,"Asthma, Depression, Diabetes, Heart Disease, High Blood Pressure & High Cholesterol, Low Back Pain, Pain Management, Pregnancy",0.984,"","",1/1/2026,12/31/2026,Yes,Emergency care only,Yes,For out-of-area dependent children and for care outside of Alaska,Yes,https://modahealth.com/members/ebill.shtml,https://www.modahealth.com/pdl,73836AK0930002-00,Moda Select Alaska Silver 4500,Standard Silver Off Exchange Plan,71.36%,"",Yes,Yes,Yes,50%,50%,"$4,500 ",$10 ,"$2,400 ",$50 ,$400 ,"$1,700 ",$0 ,$20 ,"$2,300 ",$200 ,$0 ,$0 ,"",0,2,0,"","","","","","","","","","","","","","","","","","","","","","","","","$7,750 ",$7750 per person,$15500 per group,"$8,500 ",$8500 per person,$17000 per group,"$25,500 ",$25500 per person,$51000 per group,Not Applicable,per person not applicable,per group not applicable,"","","","","","","","","","","","","","","","","","","","","","","","","","","","","$4,500 ",$4500 per person,$9000 per group,30.00%,"$6,000 ",$6000 per person,$12000 per group,40.00%,"$18,000 ",$18000 per person,$36000 per group,Not Applicable,per person not applicable,per group not applicable,No,"","",http://www.modahealth.com/-/media/modahealth/shared/plans/AK/2026/individual/Moda-Select-Alaska-Silver-4500-SBC-2026-AK.pdf,http://www.modahealth.com/-/media/modahealth/shared/brochure/AK/2026/individual/Moda-IND-MED-DEN-Moda-Select-Brochure-2026-AK.pdf
2026,AK,73836,"Moda Health Plan, Inc.",HIOS,10/15/2025,Individual,No,73836AK0930002,Moda Select Alaska Silver 4500,73836AK093,AKN002,AKS002,AKF014,Existing,PPO,Silver,Not Applicable,Yes,Both,No,No,"","",$0.00 ,No,Allows Adult and Child-Only,"",No,"Asthma, Depression, Diabetes, Heart Disease, High Blood Pressure & High Cholesterol, Low Back Pain, Pain Management, Pregnancy",0.984,"","",1/1/2026,12/31/2026,Yes,Emergency care only,Yes,For out-of-area dependent children and for care outside of Alaska,Yes,https://modahealth.com/members/ebill.shtml,https://www.modahealth.com/pdl,73836AK0930002-01,Moda Select Alaska Silver 4500,Standard Silver On Exchange Plan,71.36%,"",Yes,Yes,Yes,50%,50%,"$4,500 ",$10 ,"$2,400 ",$50 ,$400 ,"$1,700 ",$0 ,$20 ,"$2,300 ",$200 ,$0 ,$0 ,"",0,2,0,"","","","","","","","","","","","","","","","","","","","","","","","","$7,750 ",$7750 per person,$15500 per group,"$8,500 ",$8500 per person,$17000 per group,"$25,500 ",$25500 per person,$51000 per group,Not Applicable,per person not applicable,per group not applicable,"","","","","","","","","","","","","","","","","","","","","","","","","","","","","$4,500 ",$4500 per person,$9000 per group,30.00%,"$6,000 ",$6000 per person,$12000 per group,40.00%,"$18,000 ",$18000 per person,$36000 per group,Not Applicable,per person not applicable,per group not applicable,No,"","",http://www.modahealth.com/-/media/modahealth/shared/plans/AK/2026/individual/Moda-Select-Alaska-Silver-4500-SBC-2026-AK.pdf,http://www.modahealth.com/-/media/modahealth/shared/brochure/AK/2026/individual/Moda-IND-MED-DEN-Moda-Select-Brochure-2026-AK.pdf
2026,AK,73836,"Moda Health Plan, Inc.",HIOS,10/15/2025,Individual,No,73836AK0930002,Moda Select Alaska Silver 4500,73836AK093,AKN002,AKS002,AKF014,Existing,PPO,Silver,Not Applicable,Yes,Both,No,No,"","",$0.00 ,No,Allows Adult and Child-Only,"",No,"Asthma, Depression, Diabetes, Heart Disease, High Blood Pressure & High Cholesterol, Low Back Pain, Pain Management, Pregnancy",0.984,"","",1/1/2026,12/31/2026,Yes,Emergency care only,Yes,For out-of-area dependent children and for care outside of Alaska,Yes,https://modahealth.com/members/ebill.shtml,https://www.modahealth.com/pdl,73836AK0930002-02,Moda Select Alaska Silver 4500 - AI/AN Zero,Zero Cost Sharing Plan Variation,100.00%,"",Yes,Yes,Yes,50%,50%,$0 ,$0 ,$0 ,$50 ,$0 ,$0 ,$0 ,$20 ,$0 ,$0 ,$0 ,$0 ,"",0,0,0,"","","","","","","","","","","","","","","","","","","","","","","","",$0 ,$0 per person,$0 per group,$0 ,$0 per person,$0 per group,$0 ,$0 per person,$0 per group,Not Applicable,per person not applicable,per group not applicable,"","","","","","","","","","","","","","","","","","","","","","","","","","","","",$0 ,$0 per person,$0 per group,0.00%,$0 ,$0 per person,$0 per group,0.00%,$0 ,$0 per person,$0 per group,Not Applicable,per person not applicable,per group not applicable,No,"","",http://www.modahealth.com/-/media/modahealth/shared/plans/AK/2026/individual/Moda-Select-Alaska-Silver-4500-AI-AN-Zero-SBC-2026-AK.pdf,http://www.modahealth.com/-/media/modahealth/shared/brochure/AK/2026/individual/Moda-IND-MED-DEN-Moda-Select-Brochure-2026-AK.pdf
2026,AK,73836,"Moda Health Plan, Inc.",HIOS,10/15/2025,Individual,No,73836AK0930002,Moda Select Alaska Silver 4500,73836AK093,AKN002,AKS002,AKF014,Existing,PPO,Silver,Not Applicable,Yes,Both,No,No,"","",$0.00 ,No,Allows Adult and Child-Only,"",No,"Asthma, Depression, Diabetes, Heart Disease, High Blood Pressure & High Cholesterol, Low Back Pain, Pain Management, Pregnancy",0.984,"","",1/1/2026,12/31/2026,Yes,Emergency care only,Yes,For out-of-area dependent children and for care outside of Alaska,Yes,https://modahealth.com/members/ebill.shtml,https://www.modahealth.com/pdl,73836AK0930002-03,Moda Select Alaska Silver 4500 - AI/AN Limited,Limited Cost Sharing Plan Variation,71.36%,"",Yes,Yes,Yes,50%,50%,$0 ,$0 ,$0 ,$50 ,$0 ,$0 ,$0 ,$20 ,$0 ,$0 ,$0 ,$0 ,"",0,2,0,"","","","","","","","","","","","","","","","","","","","","","","","","$7,750 ",$7750 per person,$15500 per group,"$8,500 ",$8500 per person,$17000 per group,"$25,500 ",$25500 per person,$51000 per group,Not Applicable,per person not applicable,per group not applicable,"","","","","","","","","","","","","","","","","","","","","","","","","","","","","$4,500 ",$4500 per person,$9000 per group,30.00%,"$6,000 ",$6000 per person,$12000 per group,40.00%,"$18,000 ",$18000 per person,$36000 per group,Not Applicable,per person not applicable,per group not applicable,No,"","",http://www.modahealth.com/-/media/modahealth/shared/plans/AK/2026/individual/Moda-Select-Alaska-Silver-4500-AI-AN-Limited-SBC-2026-AK.pdf,http://www.modahealth.com/-/media/modahealth/shared/brochure/AK/2026/individual/Moda-IND-MED-DEN-Moda-Select-Brochure-2026-AK.pdf
2026,AK,73836,"Moda Health Plan, Inc.",HIOS,10/15/2025,Individual,No,73836AK0930002,Moda Select Alaska Silver 4500,73836AK093,AKN002,AKS002,AKF014,Existing,PPO,Silver,Not Applicable,Yes,Both,No,No,"","",$0.00 ,No,Allows Adult and Child-Only,"",No,"Asthma, Depression, Diabetes, Heart Disease, High Blood Pressure & High Cholesterol, Low Back Pain, Pain Management, Pregnancy",0.984,"","",1/1/2026,12/31/2026,Yes,Emergency care only,Yes,For out-of-area dependent children and for care outside of Alaska,Yes,https://modahealth.com/members/ebill.shtml,https://www.modahealth.com/pdl,73836AK0930002-04,Moda Select Alaska Silver 4500 - 73% CSR,73% AV Level Silver Plan,73.69%,"",Yes,Yes,Yes,50%,50%,"$4,500 ",$0 ,"$2,250 ",$50 ,$400 ,"$1,700 ",$0 ,$20 ,"$2,300 ",$200 ,$0 ,$0 ,"",0,2,0,"","","","","","","","","","","","","","","","","","","","","","","","","$6,750 ",$6750 per person,$13500 per group,"$6,750 ",$6750 per person,$13500 per group,"$20,250 ",$20250 per person,$40500 per group,Not Applicable,per person not applicable,per group not applicable,"","","","","","","","","","","","","","","","","","","","","","","","","","","","","$4,500 ",$4500 per person,$9000 per group,30.00%,"$6,000 ",$6000 per person,$12000 per group,40.00%,"$18,000 ",$18000 per person,$36000 per group,Not Applicable,per person not applicable,per group not applicable,No,"","",http://www.modahealth.com/-/media/modahealth/shared/plans/AK/2026/individual/Moda-Select-Alaska-Silver-4500-73-CSR-SBC-2026-AK.pdf,http://www.modahealth.com/-/media/modahealth/shared/brochure/AK/2026/individual/Moda-IND-MED-DEN-Moda-Select-Brochure-2026-AK.pdf
2026,AK,73836,"Moda Health Plan, Inc.",HIOS,10/15/2025,Individual,No,73836AK0930002,Moda Select Alaska Silver 4500,73836AK093,AKN002,AKS002,AKF014,Existing,PPO,Silver,Not Applicable,Yes,Both,No,No,"","",$0.00 ,No,Allows Adult and Child-Only,"",No,"Asthma, Depression, Diabetes, Heart Disease, High Blood Pressure & High Cholesterol, Low Back Pain, Pain Management, Pregnancy",0.984,"","",1/1/2026,12/31/2026,Yes,Emergency care only,Yes,For out-of-area dependent children and for care outside of Alaska,Yes,https://modahealth.com/members/ebill.shtml,https://www.modahealth.com/pdl,73836AK0930002-05,Moda Select Alaska Silver 4500 - 87% CSR,87% AV Level Silver Plan,87.82%,"",Yes,Yes,Yes,50%,50%,$500 ,$0 ,"$1,000 ",$50 ,$400 ,"$1,100 ",$0 ,$20 ,$500 ,$200 ,$600 ,$0 ,"",0,2,0,"","","","","","","","","","","","","","","","","","","","","","","","","$1,500 ",$1500 per person,$3000 per group,"$2,700 ",$2700 per person,$5400 per group,"$8,100 ",$8100 per person,$16200 per group,Not Applicable,per person not applicable,per group not applicable,"","","","","","","","","","","","","","","","","","","","","","","","","","","","",$500 ,$500 per person,$1000 per group,30.00%,"$1,500 ",$1500 per person,$3000 per group,40.00%,"$4,500 ",$4500 per person,$9000 per group,Not Applicable,per person not applicable,per group not applicable,No,"","",http://www.modahealth.com/-/media/modahealth/shared/plans/AK/2026/individual/Moda-Select-Alaska-Silver-4500-87-CSR-SBC-2026-AK.pdf,http://www.modahealth.com/-/media/modahealth/shared/brochure/AK/2026/individual/Moda-IND-MED-DEN-Moda-Select-Brochure-2026-AK.pdf
2026,AK,73836,"Moda Health Plan, Inc.",HIOS,10/15/2025,Individual,No,73836AK0930002,Moda Select Alaska Silver 4500,73836AK093,AKN002,AKS002,AKF014,Existing,PPO,Silver,Not Applicable,Yes,Both,No,No,"","",$0.00 ,No,Allows Adult and Child-Only,"",No,"Asthma, Depression, Diabetes, Heart Disease, High Blood Pressure & High Cholesterol, Low Back Pain, Pain Management, Pregnancy",0.984,"","",1/1/2026,12/31/2026,Yes,Emergency care only,Yes,For out-of-area dependent children and for care outside of Alaska,Yes,https://modahealth.com/members/ebill.shtml,https://www.modahealth.com/pdl,73836AK0930002-06,Moda Select Alaska Silver 4500 - 94% CSR,94% AV Level Silver Plan,94.29%,"",Yes,Yes,Yes,50%,50%,$500 ,$0 ,$250 ,$50 ,$200 ,$500 ,$0 ,$20 ,$500 ,$0 ,$250 ,$0 ,"",0,2,0,"","","","","","","","","","","","","","","","","","","","","","","","",$750 ,$750 per person,$1500 per group,$750 ,$750 per person,$1500 per group,"$4,500 ",$4500 per person,$9000 per group,Not Applicable,per person not applicable,per group not applicable,"","","","","","","","","","","","","","","","","","","","","","","","","","","","",$500 ,$500 per person,$1000 per group,30.00%,$500 ,$500 per person,$1000 per group,40.00%,"$3,000 ",$3000 per person,$6000 per group,Not Applicable,per person not applicable,per group not applicable,No,"","",http://www.modahealth.com/-/media/modahealth/shared/plans/AK/2026/individual/Moda-Select-Alaska-Silver-4500-94-CSR-SBC-2026-AK.pdf,http://www.modahealth.com/-/media/modahealth/shared/brochure/AK/2026/individual/Moda-IND-MED-DEN-Moda-Select-Brochure-2026-AK.pdf
2026,AK,73836,"Moda Health Plan, Inc.",HIOS,10/15/2025,Individual,No,73836AK0930003,Moda Select Alaska Bronze 6500,73836AK093,AKN002,AKS002,AKF017,Existing,PPO,Expanded Bronze,Not Applicable,Yes,Both,No,No,"","",$0.00 ,No,Allows Adult and Child-Only,"",No,"Asthma, Depression, Diabetes, Heart Disease, High Blood Pressure & High Cholesterol, Low Back Pain, Pain Management, Pregnancy",0.984,"","",1/1/2026,12/31/2026,Yes,Emergency care only,Yes,For out-of-area dependent children and for care outside of Alaska,Yes,https://modahealth.com/members/ebill.shtml,https://www.modahealth.com/pdl,73836AK0930003-00,Moda Select Alaska Bronze 6500,Standard Bronze Off Exchange Plan,64.22%,"",Yes,Yes,Yes,50%,50%,"$6,500 ",$0 ,"$1,800 ",$50 ,"$4,500 ",$400 ,$0 ,$20 ,"$2,400 ",$300 ,$0 ,$0 ,"",0,2,0,"","","","","","","","","","","","","","","","","","","","","","","","","$9,000 ",$9000 per person,$18000 per group,"$9,000 ",$9000 per person,$18000 per group,"$27,000 ",$27000 per person,$54000 per group,Not Applicable,per person not applicable,per group not applicable,"","","","","","","","","","","","","","","","","","","","","","","","","","","","","$6,500 ",$6500 per person,$13000 per group,30.00%,"$7,500 ",$7500 per person,$15000 per group,50.00%,"$22,500 ",$22500 per person,$45000 per group,Not Applicable,per person not applicable,per group not applicable,Yes,"","",http://www.modahealth.com/-/media/modahealth/shared/plans/AK/2026/individual/Moda-Select-Alaska-Bronze-6500-SBC-2026-AK.pdf,http://www.modahealth.com/-/media/modahealth/shared/brochure/AK/2026/individual/Moda-IND-MED-DEN-Moda-Select-Brochure-2026-AK.pdf
2026,AK,73836,"Moda Health Plan, Inc.",HIOS,10/15/2025,Individual,No,73836AK0930003,Moda Select Alaska Bronze 6500,73836AK093,AKN002,AKS002,AKF017,Existing,PPO,Expanded Bronze,Not Applicable,Yes,Both,No,No,"","",$0.00 ,No,Allows Adult and Child-Only,"",No,"Asthma, Depression, Diabetes, Heart Disease, High Blood Pressure & High Cholesterol, Low Back Pain, Pain Management, Pregnancy",0.984,"","",1/1/2026,12/31/2026,Yes,Emergency care only,Yes,For out-of-area dependent children and for care outside of Alaska,Yes,https://modahealth.com/members/ebill.shtml,https://www.modahealth.com/pdl,73836AK0930003-01,Moda Select Alaska Bronze 6500,Standard Bronze On Exchange Plan,64.22%,"",Yes,Yes,Yes,50%,50%,"$6,500 ",$0 ,"$1,800 ",$50 ,"$4,500 ",$400 ,$0 ,$20 ,"$2,400 ",$300 ,$0 ,$0 ,"",0,2,0,"","","","","","","","","","","","","","","","","","","","","","","","","$9,000 ",$9000 per person,$18000 per group,"$9,000 ",$9000 per person,$18000 per group,"$27,000 ",$27000 per person,$54000 per group,Not Applicable,per person not applicable,per group not applicable,"","","","","","","","","","","","","","","","","","","","","","","","","","","","","$6,500 ",$6500 per person,$13000 per group,30.00%,"$7,500 ",$7500 per person,$15000 per group,50.00%,"$22,500 ",$22500 per person,$45000 per group,Not Applicable,per person not applicable,per group not applicable,Yes,"","",http://www.modahealth.com/-/media/modahealth/shared/plans/AK/2026/individual/Moda-Select-Alaska-Bronze-6500-SBC-2026-AK.pdf,http://www.modahealth.com/-/media/modahealth/shared/brochure/AK/2026/individual/Moda-IND-MED-DEN-Moda-Select-Brochure-2026-AK.pdf
2026,AK,73836,"Moda Health Plan, Inc.",HIOS,10/15/2025,Individual,No,73836AK0930003,Moda Select Alaska Bronze 6500,73836AK093,AKN002,AKS002,AKF017,Existing,PPO,Expanded Bronze,Not Applicable,Yes,Both,No,No,"","",$0.00 ,No,Allows Adult and Child-Only,"",No,"Asthma, Depression, Diabetes, Heart Disease, High Blood Pressure & High Cholesterol, Low Back Pain, Pain Management, Pregnancy",0.984,"","",1/1/2026,12/31/2026,Yes,Emergency care only,Yes,For out-of-area dependent children and for care outside of Alaska,Yes,https://modahealth.com/members/ebill.shtml,https://www.modahealth.com/pdl,73836AK0930003-02,Moda Select Alaska Bronze 6500 - AI/AN Zero,Zero Cost Sharing Plan Variation,100.00%,"",Yes,Yes,Yes,50%,50%,$0 ,$0 ,$0 ,$50 ,$0 ,$0 ,$0 ,$20 ,$0 ,$0 ,$0 ,$0 ,"",0,0,0,"","","","","","","","","","","","","","","","","","","","","","","","",$0 ,$0 per person,$0 per group,$0 ,$0 per person,$0 per group,$0 ,$0 per person,$0 per group,Not Applicable,per person not applicable,per group not applicable,"","","","","","","","","","","","","","","","","","","","","","","","","","","","",$0 ,$0 per person,$0 per group,0.00%,$0 ,$0 per person,$0 per group,0.00%,$0 ,$0 per person,$0 per group,Not Applicable,per person not applicable,per group not applicable,Yes,"","",http://www.modahealth.com/-/media/modahealth/shared/plans/AK/2026/individual/Moda-Select-Alaska-Bronze-6500-AI-AN-Zero-SBC-2026-AK.pdf,http://www.modahealth.com/-/media/modahealth/shared/brochure/AK/2026/individual/Moda-IND-MED-DEN-Moda-Select-Brochure-2026-AK.pdf
2026,AK,73836,"Moda Health Plan, Inc.",HIOS,10/15/2025,Individual,No,73836AK0930003,Moda Select Alaska Bronze 6500,73836AK093,AKN002,AKS002,AKF017,Existing,PPO,Expanded Bronze,Not Applicable,Yes,Both,No,No,"","",$0.00 ,No,Allows Adult and Child-Only,"",No,"Asthma, Depression, Diabetes, Heart Disease, High Blood Pressure & High Cholesterol, Low Back Pain, Pain Management, Pregnancy",0.984,"","",1/1/2026,12/31/2026,Yes,Emergency care only,Yes,For out-of-area dependent children and for care outside of Alaska,Yes,https://modahealth.com/members/ebill.shtml,https://www.modahealth.com/pdl,73836AK0930003-03,Moda Select Alaska Bronze 6500 - AI/AN Limited,Limited Cost Sharing Plan Variation,64.22%,"",Yes,Yes,Yes,50%,50%,$0 ,$0 ,$0 ,$50 ,$0 ,$0 ,$0 ,$20 ,$0 ,$0 ,$0 ,$0 ,"",0,2,0,"","","","","","","","","","","","","","","","","","","","","","","","","$9,000 ",$9000 per person,$18000 per group,"$9,000 ",$9000 per person,$18000 per group,"$27,000 ",$27000 per person,$54000 per group,Not Applicable,per person not applicable,per group not applicable,"","","","","","","","","","","","","","","","","","","","","","","","","","","","","$6,500 ",$6500 per person,$13000 per group,30.00%,"$7,500 ",$7500 per person,$15000 per group,50.00%,"$22,500 ",$22500 per person,$45000 per group,Not Applicable,per person not applicable,per group not applicable,Yes,"","",http://www.modahealth.com/-/media/modahealth/shared/plans/AK/2026/individual/Moda-Select-Alaska-Bronze-6500-AI-AN-Limited-SBC-2026-AK.pdf,http://www.modahealth.com/-/media/modahealth/shared/brochure/AK/2026/individual/Moda-IND-MED-DEN-Moda-Select-Brochure-2026-AK.pdf
2026,AK,73836,"Moda Health Plan, Inc.",HIOS,10/15/2025,Individual,No,73836AK0940001,Moda Select Alaska Standard Gold,73836AK094,AKN002,AKS002,AKF008,Existing,PPO,Gold,Design 1,No,Both,No,No,"","",$0.00 ,No,Allows Adult and Child-Only,"",No,"Asthma, Depression, Diabetes, Heart Disease, High Blood Pressure & High Cholesterol, Low Back Pain, Pain Management, Pregnancy",0.984,"","",1/1/2026,12/31/2026,Yes,Emergency care only,Yes,For out-of-area dependent children and for care outside of Alaska,Yes,https://modahealth.com/members/ebill.shtml,https://www.modahealth.com/pdl,73836AK0940001-00,Moda Select Alaska Standard Gold,Standard Gold Off Exchange Plan,"",0.7803779227020161,Yes,Yes,No,100%,"","$2,000 ",$10 ,"$2,600 ",$50 ,$400 ,"$1,200 ",$0 ,$20 ,"$2,000 ",$200 ,$90 ,$0 ,"",0,0,0,"","","","","","","","","","","","","","","","","","","","","","","","","$8,200 ",$8200 per person,$16400 per group,"","","","$27,400 ",$27400 per person,$54800 per group,Not Applicable,per person not applicable,per group not applicable,"","","","","","","","","","","","","","","","","","","","","","","","","","","","","$2,000 ",$2000 per person,$4000 per group,25.00%,"","","","","$6,000 ",$6000 per person,$12000 per group,Not Applicable,per person not applicable,per group not applicable,No,"","",http://www.modahealth.com/-/media/modahealth/shared/plans/AK/2026/individual/Moda-Select-Alaska-Standard-Gold-SBC-2026-AK.pdf,http://www.modahealth.com/-/media/modahealth/shared/brochure/AK/2026/individual/Moda-IND-MED-DEN-Moda-Select-Brochure-2026-AK.pdf
2026,AK,73836,"Moda Health Plan, Inc.",HIOS,10/15/2025,Individual,No,73836AK0940001,Moda Select Alaska Standard Gold,73836AK094,AKN002,AKS002,AKF008,Existing,PPO,Gold,Design 1,No,Both,No,No,"","",$0.00 ,No,Allows Adult and Child-Only,"",No,"Asthma, Depression, Diabetes, Heart Disease, High Blood Pressure & High Cholesterol, Low Back Pain, Pain Management, Pregnancy",0.984,"","",1/1/2026,12/31/2026,Yes,Emergency care only,Yes,For out-of-area dependent children and for care outside of Alaska,Yes,https://modahealth.com/members/ebill.shtml,https://www.modahealth.com/pdl,73836AK0940001-01,Moda Select Alaska Standard Gold,Standard Gold On Exchange Plan,"",0.7803779227020161,Yes,Yes,No,100%,"","$2,000 ",$10 ,"$2,600 ",$50 ,$400 ,"$1,200 ",$0 ,$20 ,"$2,000 ",$200 ,$90 ,$0 ,"",0,0,0,"","","","","","","","","","","","","","","","","","","","","","","","","$8,200 ",$8200 per person,$16400 per group,"","","","$27,400 ",$27400 per person,$54800 per group,Not Applicable,per person not applicable,per group not applicable,"","","","","","","","","","","","","","","","","","","","","","","","","","","","","$2,000 ",$2000 per person,$4000 per group,25.00%,"","","","","$6,000 ",$6000 per person,$12000 per group,Not Applicable,per person not applicable,per group not applicable,No,"","",http://www.modahealth.com/-/media/modahealth/shared/plans/AK/2026/individual/Moda-Select-Alaska-Standard-Gold-SBC-2026-AK.pdf,http://www.modahealth.com/-/media/modahealth/shared/brochure/AK/2026/individual/Moda-IND-MED-DEN-Moda-Select-Brochure-2026-AK.pdf
2026,AK,73836,"Moda Health Plan, Inc.",HIOS,10/15/2025,Individual,No,73836AK0940001,Moda Select Alaska Standard Gold,73836AK094,AKN002,AKS002,AKF008,Existing,PPO,Gold,Design 1,No,Both,No,No,"","",$0.00 ,No,Allows Adult and Child-Only,"",No,"Asthma, Depression, Diabetes, Heart Disease, High Blood Pressure & High Cholesterol, Low Back Pain, Pain Management, Pregnancy",0.984,"","",1/1/2026,12/31/2026,Yes,Emergency care only,Yes,For out-of-area dependent children and for care outside of Alaska,Yes,https://modahealth.com/members/ebill.shtml,https://www.modahealth.com/pdl,73836AK0940001-02,Moda Select Alaska Standard Gold - AI/AN Zero,Zero Cost Sharing Plan Variation,"",1,Yes,Yes,No,100%,"",$0 ,$0 ,$0 ,$50 ,$0 ,$0 ,$0 ,$20 ,$0 ,$0 ,$0 ,$0 ,"",0,0,0,"","","","","","","","","","","","","","","","","","","","","","","","",$0 ,$0 per person,$0 per group,"","","",$0 ,$0 per person,$0 per group,Not Applicable,per person not applicable,per group not applicable,"","","","","","","","","","","","","","","","","","","","","","","","","","","","",$0 ,$0 per person,$0 per group,0.00%,"","","","",$0 ,$0 per person,$0 per group,Not Applicable,per person not applicable,per group not applicable,No,"","",http://www.modahealth.com/-/media/modahealth/shared/plans/AK/2026/individual/Moda-Select-Alaska-Standard-Gold-AI-AN-Zero-SBC-2026-AK.pdf,http://www.modahealth.com/-/media/modahealth/shared/brochure/AK/2026/individual/Moda-IND-MED-DEN-Moda-Select-Brochure-2026-AK.pdf
2026,AK,73836,"Moda Health Plan, Inc.",HIOS,10/15/2025,Individual,No,73836AK0940001,Moda Select Alaska Standard Gold,73836AK094,AKN002,AKS002,AKF008,Existing,PPO,Gold,Design 1,No,Both,No,No,"","",$0.00 ,No,Allows Adult and Child-Only,"",No,"Asthma, Depression, Diabetes, Heart Disease, High Blood Pressure & High Cholesterol, Low Back Pain, Pain Management, Pregnancy",0.984,"","",1/1/2026,12/31/2026,Yes,Emergency care only,Yes,For out-of-area dependent children and for care outside of Alaska,Yes,https://modahealth.com/members/ebill.shtml,https://www.modahealth.com/pdl,73836AK0940001-03,Moda Select Alaska Standard Gold - AI/AN Limited,Limited Cost Sharing Plan Variation,"",0.7803779227020161,Yes,Yes,No,100%,"",$0 ,$0 ,$0 ,$50 ,$0 ,$0 ,$0 ,$20 ,$0 ,$0 ,$0 ,$0 ,"",0,0,0,"","","","","","","","","","","","","","","","","","","","","","","","","$8,200 ",$8200 per person,$16400 per group,"","","","$27,400 ",$27400 per person,$54800 per group,Not Applicable,per person not applicable,per group not applicable,"","","","","","","","","","","","","","","","","","","","","","","","","","","","","$2,000 ",$2000 per person,$4000 per group,25.00%,"","","","","$6,000 ",$6000 per person,$12000 per group,Not Applicable,per person not applicable,per group not applicable,No,"","",http://www.modahealth.com/-/media/modahealth/shared/plans/AK/2026/individual/Moda-Select-Alaska-Standard-Gold-AI-AN-Limited-SBC-2026-AK.pdf,http://www.modahealth.com/-/media/modahealth/shared/brochure/AK/2026/individual/Moda-IND-MED-DEN-Moda-Select-Brochure-2026-AK.pdf
2026,AK,73836,"Moda Health Plan, Inc.",HIOS,10/15/2025,Individual,No,73836AK0950001,Moda Select Alaska Standard Silver,73836AK095,AKN002,AKS002,AKF010,Existing,PPO,Silver,Design 1,No,Both,No,No,"","",$0.00 ,No,Allows Adult and Child-Only,"",No,"Asthma, Depression, Diabetes, Heart Disease, High Blood Pressure & High Cholesterol, Low Back Pain, Pain Management, Pregnancy",0.984,"","",1/1/2026,12/31/2026,Yes,Emergency care only,Yes,For out-of-area dependent children and for care outside of Alaska,Yes,https://modahealth.com/members/ebill.shtml,https://www.modahealth.com/pdl,73836AK0950001-00,Moda Select Alaska Standard Silver,Standard Silver Off Exchange Plan,"",0.700079495,Yes,Yes,No,100%,"","$6,000 ",$10 ,"$2,600 ",$50 ,$400 ,"$1,500 ",$0 ,$20 ,"$2,300 ",$300 ,$0 ,$0 ,"",0,0,0,"","","","","","","","","","","","","","","","","","","","","","","","","$8,900 ",$8900 per person,$17800 per group,"","","","$26,700 ",$26700 per person,$53400 per group,Not Applicable,per person not applicable,per group not applicable,"","","","","","","","","","","","","","","","","","","","","","","","","","","","","$6,000 ",$6000 per person,$12000 per group,40.00%,"","","","","$18,000 ",$18000 per person,$36000 per group,Not Applicable,per person not applicable,per group not applicable,No,"","",http://www.modahealth.com/-/media/modahealth/shared/plans/AK/2026/individual/Moda-Select-Alaska-Standard-Silver-SBC-2026-AK.pdf,http://www.modahealth.com/-/media/modahealth/shared/brochure/AK/2026/individual/Moda-IND-MED-DEN-Moda-Select-Brochure-2026-AK.pdf
2026,AK,73836,"Moda Health Plan, Inc.",HIOS,10/15/2025,Individual,No,73836AK0950001,Moda Select Alaska Standard Silver,73836AK095,AKN002,AKS002,AKF010,Existing,PPO,Silver,Design 1,No,Both,No,No,"","",$0.00 ,No,Allows Adult and Child-Only,"",No,"Asthma, Depression, Diabetes, Heart Disease, High Blood Pressure & High Cholesterol, Low Back Pain, Pain Management, Pregnancy",0.984,"","",1/1/2026,12/31/2026,Yes,Emergency care only,Yes,For out-of-area dependent children and for care outside of Alaska,Yes,https://modahealth.com/members/ebill.shtml,https://www.modahealth.com/pdl,73836AK0950001-01,Moda Select Alaska Standard Silver,Standard Silver On Exchange Plan,"",0.700079495,Yes,Yes,No,100%,"","$6,000 ",$10 ,"$2,600 ",$50 ,$400 ,"$1,500 ",$0 ,$20 ,"$2,300 ",$300 ,$0 ,$0 ,"",0,0,0,"","","","","","","","","","","","","","","","","","","","","","","","","$8,900 ",$8900 per person,$17800 per group,"","","","$26,700 ",$26700 per person,$53400 per group,Not Applicable,per person not applicable,per group not applicable,"","","","","","","","","","","","","","","","","","","","","","","","","","","","","$6,000 ",$6000 per person,$12000 per group,40.00%,"","","","","$18,000 ",$18000 per person,$36000 per group,Not Applicable,per person not applicable,per group not applicable,No,"","",http://www.modahealth.com/-/media/modahealth/shared/plans/AK/2026/individual/Moda-Select-Alaska-Standard-Silver-SBC-2026-AK.pdf,http://www.modahealth.com/-/media/modahealth/shared/brochure/AK/2026/individual/Moda-IND-MED-DEN-Moda-Select-Brochure-2026-AK.pdf
2026,AK,73836,"Moda Health Plan, Inc.",HIOS,10/15/2025,Individual,No,73836AK0950001,Moda Select Alaska Standard Silver,73836AK095,AKN002,AKS002,AKF010,Existing,PPO,Silver,Design 1,No,Both,No,No,"","",$0.00 ,No,Allows Adult and Child-Only,"",No,"Asthma, Depression, Diabetes, Heart Disease, High Blood Pressure & High Cholesterol, Low Back Pain, Pain Management, Pregnancy",0.984,"","",1/1/2026,12/31/2026,Yes,Emergency care only,Yes,For out-of-area dependent children and for care outside of Alaska,Yes,https://modahealth.com/members/ebill.shtml,https://www.modahealth.com/pdl,73836AK0950001-02,Moda Select Alaska Standard Silver - AI/AN Zero,Zero Cost Sharing Plan Variation,"",1,Yes,Yes,No,100%,"",$0 ,$0 ,$0 ,$50 ,$0 ,$0 ,$0 ,$20 ,$0 ,$0 ,$0 ,$0 ,"",0,0,0,"","","","","","","","","","","","","","","","","","","","","","","","",$0 ,$0 per person,$0 per group,"","","",$0 ,$0 per person,$0 per group,Not Applicable,$0 per person,$0 per group,"","","","","","","","","","","","","","","","","","","","","","","","","","","","",$0 ,$0 per person,$0 per group,0.00%,"","","","",$0 ,$0 per person,$0 per group,Not Applicable,per person not applicable,per group not applicable,No,"","",http://www.modahealth.com/-/media/modahealth/shared/plans/AK/2026/individual/Moda-Select-Alaska-Standard-Silver-AI-AN-Zero-SBC-2026-AK.pdf,http://www.modahealth.com/-/media/modahealth/shared/brochure/AK/2026/individual/Moda-IND-MED-DEN-Moda-Select-Brochure-2026-AK.pdf
2026,AK,73836,"Moda Health Plan, Inc.",HIOS,10/15/2025,Individual,No,73836AK0950001,Moda Select Alaska Standard Silver,73836AK095,AKN002,AKS002,AKF010,Existing,PPO,Silver,Design 1,No,Both,No,No,"","",$0.00 ,No,Allows Adult and Child-Only,"",No,"Asthma, Depression, Diabetes, Heart Disease, High Blood Pressure & High Cholesterol, Low Back Pain, Pain Management, Pregnancy",0.984,"","",1/1/2026,12/31/2026,Yes,Emergency care only,Yes,For out-of-area dependent children and for care outside of Alaska,Yes,https://modahealth.com/members/ebill.shtml,https://www.modahealth.com/pdl,73836AK0950001-03,Moda Select Alaska Standard Silver - AI/AN Limited,Limited Cost Sharing Plan Variation,"",0.700079495,Yes,Yes,No,100%,"",$0 ,$0 ,$0 ,$50 ,$0 ,$0 ,$0 ,$20 ,$0 ,$0 ,$0 ,$0 ,"",0,0,0,"","","","","","","","","","","","","","","","","","","","","","","","","$8,900 ",$8900 per person,$17800 per group,"","","","$26,700 ",$26700 per person,$53400 per group,Not Applicable,per person not applicable,per group not applicable,"","","","","","","","","","","","","","","","","","","","","","","","","","","","","$6,000 ",$6000 per person,$12000 per group,40.00%,"","","","","$18,000 ",$18000 per person,$36000 per group,Not Applicable,per person not applicable,per group not applicable,No,"","",http://www.modahealth.com/-/media/modahealth/shared/plans/AK/2026/individual/Moda-Select-Alaska-Standard-Silver-AI-AN-Limited-SBC-2026-AK.pdf,http://www.modahealth.com/-/media/modahealth/shared/brochure/AK/2026/individual/Moda-IND-MED-DEN-Moda-Select-Brochure-2026-AK.pdf
2026,AK,73836,"Moda Health Plan, Inc.",HIOS,10/15/2025,Individual,No,73836AK0950001,Moda Select Alaska Standard Silver,73836AK095,AKN002,AKS002,AKF010,Existing,PPO,Silver,Design 1,No,Both,No,No,"","",$0.00 ,No,Allows Adult and Child-Only,"",No,"Asthma, Depression, Diabetes, Heart Disease, High Blood Pressure & High Cholesterol, Low Back Pain, Pain Management, Pregnancy",0.984,"","",1/1/2026,12/31/2026,Yes,Emergency care only,Yes,For out-of-area dependent children and for care outside of Alaska,Yes,https://modahealth.com/members/ebill.shtml,https://www.modahealth.com/pdl,73836AK0950001-04,Moda Select Alaska Standard Silver - 73% CSR,73% AV Level Silver Plan,"",0.7307023609354409,Yes,Yes,No,100%,"","$3,000 ",$10 ,"$3,800 ",$50 ,$400 ,"$1,500 ",$0 ,$20 ,"$2,300 ",$300 ,$0 ,$0 ,"",0,0,0,"","","","","","","","","","","","","","","","","","","","","","","","","$7,400 ",$7400 per person,$14800 per group,"","","","$22,200 ",$22200 per person,$44400 per group,Not Applicable,per person not applicable,per group not applicable,"","","","","","","","","","","","","","","","","","","","","","","","","","","","","$3,000 ",$3000 per person,$6000 per group,40.00%,"","","","","$17,100 ",$17100 per person,$34200 per group,Not Applicable,per person not applicable,per group not applicable,No,"","",http://www.modahealth.com/-/media/modahealth/shared/plans/AK/2026/individual/Moda-Select-Alaska-Standard-Silver-73-CSR-SBC-2026-AK.pdf,http://www.modahealth.com/-/media/modahealth/shared/brochure/AK/2026/individual/Moda-IND-MED-DEN-Moda-Select-Brochure-2026-AK.pdf
2026,AK,73836,"Moda Health Plan, Inc.",HIOS,10/15/2025,Individual,No,73836AK0950001,Moda Select Alaska Standard Silver,73836AK095,AKN002,AKS002,AKF010,Existing,PPO,Silver,Design 1,No,Both,No,No,"","",$0.00 ,No,Allows Adult and Child-Only,"",No,"Asthma, Depression, Diabetes, Heart Disease, High Blood Pressure & High Cholesterol, Low Back Pain, Pain Management, Pregnancy",0.984,"","",1/1/2026,12/31/2026,Yes,Emergency care only,Yes,For out-of-area dependent children and for care outside of Alaska,Yes,https://modahealth.com/members/ebill.shtml,https://www.modahealth.com/pdl,73836AK0950001-05,Moda Select Alaska Standard Silver - 87% CSR,87% AV Level Silver Plan,"",0.870442632,Yes,Yes,No,100%,"",$700 ,$0 ,"$2,600 ",$50 ,$400 ,"$1,000 ",$0 ,$20 ,$700 ,$100 ,$500 ,$0 ,"",0,0,0,"","","","","","","","","","","","","","","","","","","","","","","","","$3,300 ",$3300 per person,$6600 per group,"","","","$9,900 ",$9900 per person,$19800 per group,Not Applicable,per person not applicable,per group not applicable,"","","","","","","","","","","","","","","","","","","","","","","","","","","","",$700 ,$700 per person,$1400 per group,30.00%,"","","","","$2,100 ",$2100 per person,$4200 per group,Not Applicable,per person not applicable,per group not applicable,No,"","",http://www.modahealth.com/-/media/modahealth/shared/plans/AK/2026/individual/Moda-Select-Alaska-Standard-Silver-87-CSR-SBC-2026-AK.pdf,http://www.modahealth.com/-/media/modahealth/shared/brochure/AK/2026/individual/Moda-IND-MED-DEN-Moda-Select-Brochure-2026-AK.pdf
2026,AK,73836,"Moda Health Plan, Inc.",HIOS,10/15/2025,Individual,No,73836AK0950001,Moda Select Alaska Standard Silver,73836AK095,AKN002,AKS002,AKF010,Existing,PPO,Silver,Design 1,No,Both,No,No,"","",$0.00 ,No,Allows Adult and Child-Only,"",No,"Asthma, Depression, Diabetes, Heart Disease, High Blood Pressure & High Cholesterol, Low Back Pain, Pain Management, Pregnancy",0.984,"","",1/1/2026,12/31/2026,Yes,Emergency care only,Yes,For out-of-area dependent children and for care outside of Alaska,Yes,https://modahealth.com/members/ebill.shtml,https://www.modahealth.com/pdl,73836AK0950001-06,Moda Select Alaska Standard Silver - 94% CSR,94% AV Level Silver Plan,"",0.9411075,Yes,Yes,No,100%,"",$0 ,$0 ,"$2,200 ",$50 ,$0 ,$600 ,$90 ,$20 ,$0 ,$30 ,$600 ,$0 ,"",0,0,0,"","","","","","","","","","","","","","","","","","","","","","","","","$2,200 ",$2200 per person,$4400 per group,"","","","$6,600 ",$6600 per person,$13200 per group,Not Applicable,per person not applicable,per group not applicable,"","","","","","","","","","","","","","","","","","","","","","","","","","","","",$0 ,$0 per person,$0 per group,25.00%,"","","","",$0 ,$0 per person,$0 per group,Not Applicable,per person not applicable,per group not applicable,No,"","",http://www.modahealth.com/-/media/modahealth/shared/plans/AK/2026/individual/Moda-Select-Alaska-Standard-Silver-94-CSR-SBC-2026-AK.pdf,http://www.modahealth.com/-/media/modahealth/shared/brochure/AK/2026/individual/Moda-IND-MED-DEN-Moda-Select-Brochure-2026-AK.pdf
2026,AK,73836,"Moda Health Plan, Inc.",HIOS,10/15/2025,Individual,No,73836AK0960001,Moda Select Alaska Standard Bronze,73836AK096,AKN002,AKS002,AKF015,Existing,PPO,Expanded Bronze,Design 1,No,Both,No,No,"","",$0.00 ,No,Allows Adult and Child-Only,"",No,"Asthma, Depression, Diabetes, Heart Disease, High Blood Pressure & High Cholesterol, Low Back Pain, Pain Management, Pregnancy",0.984,"","",1/1/2026,12/31/2026,Yes,Emergency care only,Yes,For out-of-area dependent children and for care outside of Alaska,Yes,https://modahealth.com/members/ebill.shtml,https://www.modahealth.com/pdl,73836AK0960001-00,Moda Select Alaska Standard Bronze,Standard Bronze Off Exchange Plan,"",0.641164683,Yes,Yes,No,100%,"","$7,500 ",$0 ,"$2,500 ",$50 ,"$4,500 ",$500 ,$0 ,$20 ,"$2,300 ",$300 ,$0 ,$0 ,"",0,0,0,"","","","","","","","","","","","","","","","","","","","","","","","","$10,000 ",$10000 per person,$20000 per group,"","","","$30,000 ",$30000 per person,$60000 per group,Not Applicable,per person not applicable,per group not applicable,"","","","","","","","","","","","","","","","","","","","","","","","","","","","","$7,500 ",$7500 per person,$15000 per group,50.00%,"","","","","$22,500 ",$22500 per person,$45000 per group,Not Applicable,per person not applicable,per group not applicable,Yes,"","",http://www.modahealth.com/-/media/modahealth/shared/plans/AK/2026/individual/Moda-Select-Alaska-Standard-Bronze-SBC-2026-AK.pdf,http://www.modahealth.com/-/media/modahealth/shared/brochure/AK/2026/individual/Moda-IND-MED-DEN-Moda-Select-Brochure-2026-AK.pdf
2026,AK,73836,"Moda Health Plan, Inc.",HIOS,10/15/2025,Individual,No,73836AK0960001,Moda Select Alaska Standard Bronze,73836AK096,AKN002,AKS002,AKF015,Existing,PPO,Expanded Bronze,Design 1,No,Both,No,No,"","",$0.00 ,No,Allows Adult and Child-Only,"",No,"Asthma, Depression, Diabetes, Heart Disease, High Blood Pressure & High Cholesterol, Low Back Pain, Pain Management, Pregnancy",0.984,"","",1/1/2026,12/31/2026,Yes,Emergency care only,Yes,For out-of-area dependent children and for care outside of Alaska,Yes,https://modahealth.com/members/ebill.shtml,https://www.modahealth.com/pdl,73836AK0960001-01,Moda Select Alaska Standard Bronze,Standard Bronze On Exchange Plan,"",0.641164683,Yes,Yes,No,100%,"","$7,500 ",$0 ,"$2,500 ",$50 ,"$4,500 ",$500 ,$0 ,$20 ,"$2,300 ",$300 ,$0 ,$0 ,"",0,0,0,"","","","","","","","","","","","","","","","","","","","","","","","","$10,000 ",$10000 per person,$20000 per group,"","","","$30,000 ",$30000 per person,$60000 per group,Not Applicable,per person not applicable,per group not applicable,"","","","","","","","","","","","","","","","","","","","","","","","","","","","","$7,500 ",$7500 per person,$15000 per group,50.00%,"","","","","$22,500 ",$22500 per person,$45000 per group,Not Applicable,per person not applicable,per group not applicable,Yes,"","",http://www.modahealth.com/-/media/modahealth/shared/plans/AK/2026/individual/Moda-Select-Alaska-Standard-Bronze-SBC-2026-AK.pdf,http://www.modahealth.com/-/media/modahealth/shared/brochure/AK/2026/individual/Moda-IND-MED-DEN-Moda-Select-Brochure-2026-AK.pdf
2026,AK,73836,"Moda Health Plan, Inc.",HIOS,10/15/2025,Individual,No,73836AK0960001,Moda Select Alaska Standard Bronze,73836AK096,AKN002,AKS002,AKF015,Existing,PPO,Expanded Bronze,Design 1,No,Both,No,No,"","",$0.00 ,No,Allows Adult and Child-Only,"",No,"Asthma, Depression, Diabetes, Heart Disease, High Blood Pressure & High Cholesterol, Low Back Pain, Pain Management, Pregnancy",0.984,"","",1/1/2026,12/31/2026,Yes,Emergency care only,Yes,For out-of-area dependent children and for care outside of Alaska,Yes,https://modahealth.com/members/ebill.shtml,https://www.modahealth.com/pdl,73836AK0960001-02,Moda Select Alaska Standard Bronze - AI/AN Zero,Zero Cost Sharing Plan Variation,"",1,Yes,Yes,No,100%,"",$0 ,$0 ,$0 ,$50 ,$0 ,$0 ,$0 ,$20 ,$0 ,$0 ,$0 ,$0 ,"",0,0,0,"","","","","","","","","","","","","","","","","","","","","","","","",$0 ,$0 per person,$0 per group,"","","",$0 ,$0 per person,$0 per group,Not Applicable,per person not applicable,per group not applicable,"","","","","","","","","","","","","","","","","","","","","","","","","","","","",$0 ,$0 per person,$0 per group,0.00%,"","","","",$0 ,$0 per person,$0 per group,Not Applicable,per person not applicable,per group not applicable,Yes,"","",http://www.modahealth.com/-/media/modahealth/shared/plans/AK/2026/individual/Moda-Select-Alaska-Standard-Bronze-AI-AN-Zero-SBC-2026-AK.pdf,http://www.modahealth.com/-/media/modahealth/shared/brochure/AK/2026/individual/Moda-IND-MED-DEN-Moda-Select-Brochure-2026-AK.pdf
2026,AK,73836,"Moda Health Plan, Inc.",HIOS,10/15/2025,Individual,No,73836AK0960001,Moda Select Alaska Standard Bronze,73836AK096,AKN002,AKS002,AKF015,Existing,PPO,Expanded Bronze,Design 1,No,Both,No,No,"","",$0.00 ,No,Allows Adult and Child-Only,"",No,"Asthma, Depression, Diabetes, Heart Disease, High Blood Pressure & High Cholesterol, Low Back Pain, Pain Management, Pregnancy",0.984,"","",1/1/2026,12/31/2026,Yes,Emergency care only,Yes,For out-of-area dependent children and for care outside of Alaska,Yes,https://modahealth.com/members/ebill.shtml,https://www.modahealth.com/pdl,73836AK0960001-03,Moda Select Alaska Standard Bronze - AI/AN Limited,Limited Cost Sharing Plan Variation,"",0.641164683,Yes,Yes,No,100%,"",$0 ,$0 ,$0 ,$50 ,$0 ,$0 ,$0 ,$20 ,$0 ,$0 ,$0 ,$0 ,"",0,0,0,"","","","","","","","","","","","","","","","","","","","","","","","","$10,000 ",$10000 per person,$20000 per group,"","","","$30,000 ",$30000 per person,$60000 per group,Not Applicable,per person not applicable,per group not applicable,"","","","","","","","","","","","","","","","","","","","","","","","","","","","","$7,500 ",$7500 per person,$15000 per group,50.00%,"","","","","$22,500 ",$22500 per person,$45000 per group,Not Applicable,per person not applicable,per group not applicable,Yes,"","",http://www.modahealth.com/-/media/modahealth/shared/plans/AK/2026/individual/Moda-Select-Alaska-Standard-Bronze-AI-AN-Limited-SBC-2026-AK.pdf,http://www.modahealth.com/-/media/modahealth/shared/brochure/AK/2026/individual/Moda-IND-MED-DEN-Moda-Select-Brochure-2026-AK.pdf
2026,AK,73836,"Moda Health Plan, Inc.",HIOS,10/15/2025,Individual,No,73836AK0970002,Moda Select Alaska Bronze HDHP 5500,73836AK097,AKN002,AKS002,AKF016,Existing,PPO,Expanded Bronze,Not Applicable,No,Both,No,No,"","",$0.00 ,No,Allows Adult and Child-Only,"",No,"Asthma, Depression, Diabetes, Heart Disease, High Blood Pressure & High Cholesterol, Low Back Pain, Pain Management, Pregnancy",0.984,"","",1/1/2026,12/31/2026,Yes,Emergency care only,Yes,For out-of-area dependent children and for care outside of Alaska,Yes,https://modahealth.com/members/ebill.shtml,https://www.modahealth.com/pdl,73836AK0970002-00,Moda Select Alaska Bronze HDHP 5500,Standard Bronze Off Exchange Plan,"",0.638876737,Yes,Yes,Yes,50%,50%,"$5,500 ",$0 ,"$2,550 ",$50 ,"$5,300 ",$60 ,$0 ,$20 ,"$2,800 ",$0 ,$0 ,$0 ,"",0,0,0,"","","","","","","","","","","","","","","","","","","","","","","","","$8,050 ",$8050 per person,$16100 per group,"$8,050 ",$8050 per person,$16100 per group,"$27,750 ",$27750 per person,$55500 per group,Not Applicable,per person not applicable,per group not applicable,"","","","","","","","","","","","","","","","","","","","","","","","","","","","","$5,500 ",$5500 per person,$11000 per group,40.00%,"$6,000 ",$6000 per person,$12000 per group,50.00%,"$18,000 ",$18000 per person,$36000 per group,Not Applicable,per person not applicable,per group not applicable,Yes,"","",http://www.modahealth.com/-/media/modahealth/shared/plans/AK/2026/individual/Moda-Select-Alaska-Bronze-HDHP-5500-SBC-2026-AK.pdf,http://www.modahealth.com/-/media/modahealth/shared/brochure/AK/2026/individual/Moda-IND-MED-DEN-Moda-Select-Brochure-2026-AK.pdf
2026,AK,73836,"Moda Health Plan, Inc.",HIOS,10/15/2025,Individual,No,73836AK0970002,Moda Select Alaska Bronze HDHP 5500,73836AK097,AKN002,AKS002,AKF016,Existing,PPO,Expanded Bronze,Not Applicable,No,Both,No,No,"","",$0.00 ,No,Allows Adult and Child-Only,"",No,"Asthma, Depression, Diabetes, Heart Disease, High Blood Pressure & High Cholesterol, Low Back Pain, Pain Management, Pregnancy",0.984,"","",1/1/2026,12/31/2026,Yes,Emergency care only,Yes,For out-of-area dependent children and for care outside of Alaska,Yes,https://modahealth.com/members/ebill.shtml,https://www.modahealth.com/pdl,73836AK0970002-01,Moda Select Alaska Bronze HDHP 5500,Standard Bronze On Exchange Plan,"",0.638876737,Yes,Yes,Yes,50%,50%,"$5,500 ",$0 ,"$2,550 ",$50 ,"$5,300 ",$60 ,$0 ,$20 ,"$2,800 ",$0 ,$0 ,$0 ,"",0,0,0,"","","","","","","","","","","","","","","","","","","","","","","","","$8,050 ",$8050 per person,$16100 per group,"$8,050 ",$8050 per person,$16100 per group,"$27,750 ",$27750 per person,$55500 per group,Not Applicable,per person not applicable,per group not applicable,"","","","","","","","","","","","","","","","","","","","","","","","","","","","","$5,500 ",$5500 per person,$11000 per group,40.00%,"$6,000 ",$6000 per person,$12000 per group,50.00%,"$18,000 ",$18000 per person,$36000 per group,Not Applicable,per person not applicable,per group not applicable,Yes,"","",http://www.modahealth.com/-/media/modahealth/shared/plans/AK/2026/individual/Moda-Select-Alaska-Bronze-HDHP-5500-SBC-2026-AK.pdf,http://www.modahealth.com/-/media/modahealth/shared/brochure/AK/2026/individual/Moda-IND-MED-DEN-Moda-Select-Brochure-2026-AK.pdf
2026,AK,73836,"Moda Health Plan, Inc.",HIOS,10/15/2025,Individual,No,73836AK0970002,Moda Select Alaska Bronze HDHP 5500,73836AK097,AKN002,AKS002,AKF016,Existing,PPO,Expanded Bronze,Not Applicable,No,Both,No,No,"","",$0.00 ,No,Allows Adult and Child-Only,"",No,"Asthma, Depression, Diabetes, Heart Disease, High Blood Pressure & High Cholesterol, Low Back Pain, Pain Management, Pregnancy",0.984,"","",1/1/2026,12/31/2026,Yes,Emergency care only,Yes,For out-of-area dependent children and for care outside of Alaska,Yes,https://modahealth.com/members/ebill.shtml,https://www.modahealth.com/pdl,73836AK0970002-02,Moda Select Alaska Bronze 5500 - AI/AN Zero,Zero Cost Sharing Plan Variation,"",1,Yes,Yes,Yes,50%,50%,$0 ,$0 ,$0 ,$50 ,$0 ,$0 ,$0 ,$20 ,$0 ,$0 ,$0 ,$0 ,"",0,0,0,"","","","","","","","","","","","","","","","","","","","","","","","",$0 ,$0 per person,$0 per group,$0 ,$0 per person,$0 per group,$0 ,$0 per person,$0 per group,Not Applicable,per person not applicable,per group not applicable,"","","","","","","","","","","","","","","","","","","","","","","","","","","","",$0 ,$0 per person,$0 per group,0.00%,$0 ,$0 per person,$0 per group,0.00%,$0 ,$0 per person,$0 per group,Not Applicable,per person not applicable,per group not applicable,Yes,"","",http://www.modahealth.com/-/media/modahealth/shared/plans/AK/2026/individual/Moda-Select-Alaska-Bronze-5500-AI-AN-Zero-SBC-2026-AK.pdf,http://www.modahealth.com/-/media/modahealth/shared/brochure/AK/2026/individual/Moda-IND-MED-DEN-Moda-Select-Brochure-2026-AK.pdf
2026,AK,73836,"Moda Health Plan, Inc.",HIOS,10/15/2025,Individual,No,73836AK0970002,Moda Select Alaska Bronze HDHP 5500,73836AK097,AKN002,AKS002,AKF016,Existing,PPO,Expanded Bronze,Not Applicable,No,Both,No,No,"","",$0.00 ,No,Allows Adult and Child-Only,"",No,"Asthma, Depression, Diabetes, Heart Disease, High Blood Pressure & High Cholesterol, Low Back Pain, Pain Management, Pregnancy",0.984,"","",1/1/2026,12/31/2026,Yes,Emergency care only,Yes,For out-of-area dependent children and for care outside of Alaska,Yes,https://modahealth.com/members/ebill.shtml,https://www.modahealth.com/pdl,73836AK0970002-03,Moda Select Alaska Bronze 5500 - AI/AN Limited,Limited Cost Sharing Plan Variation,"",0.638876737,Yes,Yes,Yes,50%,50%,$0 ,$0 ,$0 ,$50 ,$0 ,$0 ,$0 ,$20 ,$0 ,$0 ,$0 ,$0 ,"",0,0,0,"","","","","","","","","","","","","","","","","","","","","","","","","$8,050 ",$8050 per person,$16100 per group,"$8,050 ",$8050 per person,$16100 per group,"$27,750 ",$27750 per person,$55500 per group,Not Applicable,per person not applicable,per group not applicable,"","","","","","","","","","","","","","","","","","","","","","","","","","","","","$5,500 ",$5500 per person,$11000 per group,40.00%,"$6,000 ",$6000 per person,$12000 per group,50.00%,"$18,000 ",$18000 per person,$36000 per group,Not Applicable,per person not applicable,per group not applicable,Yes,"","",http://www.modahealth.com/-/media/modahealth/shared/plans/AK/2026/individual/Moda-Select-Alaska-Bronze-5500-AI-AN-Limited-SBC-2026-AK.pdf,http://www.modahealth.com/-/media/modahealth/shared/brochure/AK/2026/individual/Moda-IND-MED-DEN-Moda-Select-Brochure-2026-AK.pdf
2026,AK,74819,BEST Life,HIOS,11/10/2025,Individual,Yes,74819AK0020007,BEST Life Superior Dental Plan,74819AK002,AKN001,AKS001,"",Existing,Indemnity,High,"","",Both,"","","","","",No,Allows Adult and Child-Only,"","","","",1,Guaranteed Rate,1/1/2026,12/31/2026,No,"",Yes,Full,Yes,https://www.bestlife.com/exchange/payment_option.html,"",74819AK0020007-00,BEST Life Superior Dental Plan,Standard High Off Exchange Plan,"","","","",No,100%,"","","","","","","","","","","","","","",0,0,0,Not Applicable,per person not applicable,per group not applicable,"","","",Not Applicable,per person not applicable,per group not applicable,$450 ,$450 per person,$900 per group,"","","","","","","","","","","","","","","","","","","","","","","","",Not Applicable,per person not applicable,per group not applicable,"","","","","",Not Applicable,per person not applicable,per group not applicable,$50 ,$50 per person,per group not applicable,"","","","","","","","","","","","","","","","","","","","","","","","","","","","","","","","",https://www.bestlife.com/AK/current/AK_bestlife_dental_superior_plan.pdf
2026,AK,74819,BEST Life,HIOS,11/10/2025,Individual,Yes,74819AK0020007,BEST Life Superior Dental Plan,74819AK002,AKN001,AKS001,"",Existing,Indemnity,High,"","",Both,"","","","","",No,Allows Adult and Child-Only,"","","","",1,Guaranteed Rate,1/1/2026,12/31/2026,No,"",Yes,Full,Yes,https://www.bestlife.com/exchange/payment_option.html,"",74819AK0020007-01,BEST Life Superior Dental Plan,Standard High On Exchange Plan,"","","","",No,100%,"","","","","","","","","","","","","","",0,0,0,Not Applicable,per person not applicable,per group not applicable,"","","",Not Applicable,per person not applicable,per group not applicable,$450 ,$450 per person,$900 per group,"","","","","","","","","","","","","","","","","","","","","","","","",Not Applicable,per person not applicable,per group not applicable,"","","","","",Not Applicable,per person not applicable,per group not applicable,$50 ,$50 per person,per group not applicable,"","","","","","","","","","","","","","","","","","","","","","","","","","","","","","","","",https://www.bestlife.com/AK/current/AK_bestlife_dental_superior_plan.pdf
2026,AK,74819,BEST Life,HIOS,11/10/2025,Individual,Yes,74819AK0020010,BEST Life Essential Value Dental Plan,74819AK002,AKN001,AKS001,"",Existing,Indemnity,Low,"","",Both,"","","","","",No,Allows Adult and Child-Only,"","","","",1,Guaranteed Rate,1/1/2026,12/31/2026,No,"",Yes,Full,No,https://www.bestlife.com/exchange/payment_option.html,"",74819AK0020010-00,BEST Life Essential Value Dental Plan,Standard Low Off Exchange Plan,"","","","",No,100%,"","","","","","","","","","","","","","",0,0,0,Not Applicable,per person not applicable,per group not applicable,"","","",Not Applicable,per person not applicable,per group not applicable,$450 ,$450 per person,$900 per group,"","","","","","","","","","","","","","","","","","","","","","","","",Not Applicable,per person not applicable,per group not applicable,"","","","","",Not Applicable,per person not applicable,per group not applicable,$75 ,$75 per person,per group not applicable,"","","","","","","","","","","","","","","","","","","","","","","","","","","","","","","","",https://www.bestlife.com/AK/current/AK_bestlife_dental_essential_value_plan.pdf
2026,AK,74819,BEST Life,HIOS,11/10/2025,Individual,Yes,74819AK0020010,BEST Life Essential Value Dental Plan,74819AK002,AKN001,AKS001,"",Existing,Indemnity,Low,"","",Both,"","","","","",No,Allows Adult and Child-Only,"","","","",1,Guaranteed Rate,1/1/2026,12/31/2026,No,"",Yes,Full,No,https://www.bestlife.com/exchange/payment_option.html,"",74819AK0020010-01,BEST Life Essential Value Dental Plan,Standard Low On Exchange Plan,"","","","",No,100%,"","","","","","","","","","","","","","",0,0,0,Not Applicable,per person not applicable,per group not applicable,"","","",Not Applicable,per person not applicable,per group not applicable,$450 ,$450 per person,$900 per group,"","","","","","","","","","","","","","","","","","","","","","","","",Not Applicable,per person not applicable,per group not applicable,"","","","","",Not Applicable,per person not applicable,per group not applicable,$75 ,$75 per person,per group not applicable,"","","","","","","","","","","","","","","","","","","","","","","","","","","","","","","","",https://www.bestlife.com/AK/current/AK_bestlife_dental_essential_value_plan.pdf
2026,AK,74819,BEST Life,HIOS,11/10/2025,Individual,Yes,74819AK0020011,BEST Life Preferred Dental Plan,74819AK002,AKN001,AKS001,"",Existing,Indemnity,High,"","",Both,"","","","","",No,Allows Adult and Child-Only,"","","","",1,Guaranteed Rate,1/1/2026,12/31/2026,No,"",Yes,Full,Yes,https://www.bestlife.com/exchange/payment_option.html,"",74819AK0020011-00,BEST Life Preferred Dental Plan,Standard High Off Exchange Plan,"","","","",No,100%,"","","","","","","","","","","","","","",0,0,0,Not Applicable,per person not applicable,per group not applicable,"","","",Not Applicable,per person not applicable,per group not applicable,$450 ,$450 per person,$900 per group,"","","","","","","","","","","","","","","","","","","","","","","","",Not Applicable,per person not applicable,per group not applicable,"","","","","",Not Applicable,per person not applicable,per group not applicable,$50 ,$50 per person,per group not applicable,"","","","","","","","","","","","","","","","","","","","","","","","","","","","","","","","",https://www.bestlife.com/AK/current/AK_bestlife_dental_preferred_plan.pdf
2026,AK,74819,BEST Life,HIOS,11/10/2025,Individual,Yes,74819AK0020011,BEST Life Preferred Dental Plan,74819AK002,AKN001,AKS001,"",Existing,Indemnity,High,"","",Both,"","","","","",No,Allows Adult and Child-Only,"","","","",1,Guaranteed Rate,1/1/2026,12/31/2026,No,"",Yes,Full,Yes,https://www.bestlife.com/exchange/payment_option.html,"",74819AK0020011-01,BEST Life Preferred Dental Plan,Standard High On Exchange Plan,"","","","",No,100%,"","","","","","","","","","","","","","",0,0,0,Not Applicable,per person not applicable,per group not applicable,"","","",Not Applicable,per person not applicable,per group not applicable,$450 ,$450 per person,$900 per group,"","","","","","","","","","","","","","","","","","","","","","","","",Not Applicable,per person not applicable,per group not applicable,"","","","","",Not Applicable,per person not applicable,per group not applicable,$50 ,$50 per person,per group not applicable,"","","","","","","","","","","","","","","","","","","","","","","","","","","","","","","","",https://www.bestlife.com/AK/current/AK_bestlife_dental_preferred_plan.pdf
2026,AK,74819,BEST Life,HIOS,11/10/2025,Individual,Yes,74819AK0020012,BEST Life Essential Basic Dental Plan,74819AK002,AKN001,AKS001,"",Existing,Indemnity,Low,"","",Both,"","","","","",No,Allows Adult and Child-Only,"","","","",1,Guaranteed Rate,1/1/2026,12/31/2026,No,"",Yes,Full,No,https://www.bestlife.com/exchange/payment_option.html,"",74819AK0020012-00,BEST Life Essential Basic Dental Plan,Standard Low Off Exchange Plan,"","","","",No,100%,"","","","","","","","","","","","","","",0,0,0,Not Applicable,per person not applicable,per group not applicable,"","","",Not Applicable,per person not applicable,per group not applicable,$450 ,$450 per person,$900 per group,"","","","","","","","","","","","","","","","","","","","","","","","",Not Applicable,per person not applicable,per group not applicable,"","","","","",Not Applicable,per person not applicable,per group not applicable,$75 ,$75 per person,per group not applicable,"","","","","","","","","","","","","","","","","","","","","","","","","","","","","","","","",https://www.bestlife.com/AK/current/AK_bestlife_dental_essential_basic_plan.pdf
2026,AK,74819,BEST Life,HIOS,11/10/2025,Individual,Yes,74819AK0020012,BEST Life Essential Basic Dental Plan,74819AK002,AKN001,AKS001,"",Existing,Indemnity,Low,"","",Both,"","","","","",No,Allows Adult and Child-Only,"","","","",1,Guaranteed Rate,1/1/2026,12/31/2026,No,"",Yes,Full,No,https://www.bestlife.com/exchange/payment_option.html,"",74819AK0020012-01,BEST Life Essential Basic Dental Plan,Standard Low On Exchange Plan,"","","","",No,100%,"","","","","","","","","","","","","","",0,0,0,Not Applicable,per person not applicable,per group not applicable,"","","",Not Applicable,per person not applicable,per group not applicable,$450 ,$450 per person,$900 per group,"","","","","","","","","","","","","","","","","","","","","","","","",Not Applicable,per person not applicable,per group not applicable,"","","","","",Not Applicable,per person not applicable,per group not applicable,$75 ,$75 per person,per group not applicable,"","","","","","","","","","","","","","","","","","","","","","","","","","","","","","","","",https://www.bestlife.com/AK/current/AK_bestlife_dental_essential_basic_plan.pdf
