FORMULARY_ID,FORMULARY_VERSION,CONTRACT_YEAR,RXCUI,NDC,TIER_LEVEL_VALUE,QUANTITY_LIMIT_YN,QUANTITY_LIMIT_AMOUNT,QUANTITY_LIMIT_DAYS,PRIOR_AUTHORIZATION_YN,STEP_THERAPY_YN,SELECTED_DRUG_YN
00026248,13,2026,1551300,00002143380,3,Y,2,28,Y,N,N
00026248,13,2026,1551306,00002143480,3,Y,2,28,Y,N,N
00026248,13,2026,2058877,00002143611,3,Y,2,30,Y,N,N
00026248,13,2026,2601758,00002145780,3,Y,2,28,Y,N,N
00026248,13,2026,2601776,00002146080,3,Y,2,28,Y,N,N
00026248,13,2026,2601770,00002147180,3,Y,2,28,Y,N,N
00026248,13,2026,2601785,00002148480,3,Y,2,28,Y,N,N
00026248,13,2026,2601746,00002149580,3,Y,2,28,Y,N,N
00026248,13,2026,2601764,00002150680,3,Y,2,28,Y,N,N
00026248,13,2026,2725923,00002171756,5,Y,60,30,Y,N,N
00026248,13,2026,2395779,00002223680,3,Y,2,28,Y,N,N
00026248,13,2026,2058887,00002237711,3,Y,2,30,Y,N,N
00026248,13,2026,2170613,00002311509,3,Y,3,30,Y,N,N
00026248,13,2026,2395785,00002318280,3,Y,2,28,Y,N,N
00026248,13,2026,1946836,00002448354,5,Y,60,30,Y,N,N
00026248,13,2026,1946840,00002481554,5,Y,60,30,Y,N,N
00026248,13,2026,1946844,00002533754,5,Y,60,30,Y,N,N
00026248,13,2026,2679814,00002534060,5,Y,90,30,Y,N,N
00026248,13,2026,2679812,00002556260,5,Y,60,30,Y,N,N
00026248,13,2026,2679816,00002608260,5,Y,60,30,Y,N,N
00026248,13,2026,2679808,00002612060,5,Y,60,30,Y,N,N
00026248,13,2026,1946848,00002621654,5,Y,60,30,Y,N,N
00026248,13,2026,2629353,00002690230,5,Y,30,30,Y,N,N
00026248,13,2026,2629349,00002702660,5,Y,60,30,Y,N,N
00026248,13,2026,865098,00002751001,3,Y,60,30,N,N,N
00026248,13,2026,752388,00002751101,3,Y,60,30,N,N,N
00026248,13,2026,1652646,00002751659,3,Y,60,30,N,N,N
00026248,13,2026,1652242,00002771227,3,Y,60,30,N,N,N
00026248,13,2026,1926332,00002771459,3,Y,60,30,N,N,N
00026248,13,2026,2380236,00002772801,3,Y,60,30,N,N,N
00026248,13,2026,2380260,00002820705,3,Y,60,30,N,N,N
00026248,13,2026,311036,00002821501,3,Y,60,30,N,N,N
00026248,13,2026,2380256,00002822827,3,Y,60,30,N,N,N
00026248,13,2026,311026,00002831501,3,Y,60,30,N,N,N
00026248,13,2026,351859,00002850101,3,N, , ,Y,N,N
00026248,13,2026,106892,00002871501,3,Y,60,30,N,N,N
00026248,13,2026,847254,00002879759,3,Y,60,30,N,N,N
00026248,13,2026,847213,00002879859,3,Y,60,30,N,N,N
00026248,13,2026,1652640,00002879959,3,Y,60,30,N,N,N
00026248,13,2026,847189,00002880359,3,Y,60,30,N,N,N
00026248,13,2026,847199,00002880559,3,Y,60,30,N,N,N
00026248,13,2026,1731317,00002882427,3,Y,60,30,N,N,N
00026248,13,2026,2694850,00003005060,5,Y,60,30,Y,N,N
00026248,13,2026,2694855,00003012560,5,Y,60,30,Y,N,N
00026248,13,2026,1364441,00003089321,3,Y,60,30,N,N,Y
00026248,13,2026,1364447,00003089421,3,Y,74,30,N,N,Y
00026248,13,2026,2694991,00003110060,5,Y,60,30,Y,N,N
00026248,13,2026,607579,00003161412,4,N, , ,N,N,N
00026248,13,2026,1598989,00003363810,5,Y,240,30,N,N,N
00026248,13,2026,1601660,00003364111,5,Y,30,30,N,N,N
00026248,13,2026,1992428,00003376474,3,Y,74,30,N,N,Y
00026248,13,2026,2670655,00003404060,5,Y,180,30,Y,N,N
00026248,13,2026,2696878,00003416060,5,Y,60,30,Y,N,N
00026248,13,2026,2694993,00003520056,5,Y,56,28,Y,N,N
00026248,13,2026,1593140,00005010005,1,N, , ,N,N,N
00026248,13,2026,1243848,00006007861,3,Y,30,30,N,N,N
00026248,13,2026,1243843,00006008061,3,Y,60,30,N,N,N
00026248,13,2026,1243833,00006008131,3,Y,30,30,N,N,N
00026248,13,2026,665044,00006011231,3,Y,30,30,N,N,Y
00026248,13,2026,665040,00006022131,3,Y,30,30,N,N,Y
00026248,13,2026,744846,00006022761,5,Y,60,30,N,N,N
00026248,13,2026,665036,00006027731,3,Y,30,30,N,N,Y
00026248,13,2026,1235595,00006047361,4,Y,180,30,N,N,N
00026248,13,2026,1235591,00006047761,4,Y,180,30,N,N,N
00026248,13,2026,668606,00006056840,5,Y,120,30,Y,N,N
00026248,13,2026,861821,00006057561,3,Y,60,30,N,N,N
00026248,13,2026,861771,00006057761,3,Y,60,30,N,N,N
00026248,13,2026,2055766,00006306901,5,Y,30,30,N,N,N
00026248,13,2026,1988671,00006307502,5,Y,30,30,N,N,N
00026248,13,2026,1988675,00006307602,5,Y,30,30,N,N,N
00026248,13,2026,1924315,00006308001,5,Y,60,30,N,N,N
00026248,13,2026,1486841,00006360361,5,Y,60,30,N,N,N
00026248,13,2026,798300,00006404741,1,N, , ,N,N,N
00026248,13,2026,830253,00006409302,1,N, , ,Y,N,N
00026248,13,2026,830245,00006409402,1,N, , ,Y,N,N
00026248,13,2026,836636,00006409502,1,N, , ,N,N,N
00026248,13,2026,836634,00006409602,1,N, , ,N,N,N
00026248,13,2026,1597099,00006411903,1,N, , ,N,N,N
00026248,13,2026,1597103,00006412102,1,N, , ,N,N,N
00026248,13,2026,1292443,00006417100,1,N, , ,N,N,N
00026248,13,2026,804186,00006468100,1,N, , ,N,N,N
00026248,13,2026,1292459,00006482700,1,N, , ,N,N,N
00026248,13,2026,1658106,00006483141,1,N, , ,N,N,N
00026248,13,2026,1658102,00006484141,1,N, , ,N,N,N
00026248,13,2026,798451,00006489700,1,N, , ,N,N,N
00026248,13,2026,1658155,00006498101,1,N, , ,Y,N,N
00026248,13,2026,830263,00006499200,1,N, , ,Y,N,N
00026248,13,2026,1658150,00006499541,1,N, , ,Y,N,N
00026248,13,2026,2055815,00006500701,5,Y,30,30,N,N,N
00026248,13,2026,2475856,00006502802,3,Y,30,30,N,N,N
00026248,13,2026,2475860,00006502902,3,Y,30,30,N,N,N
00026248,13,2026,2475852,00006503001,3,Y,30,30,N,N,N
00026248,13,2026,2678949,00006508701,5,Y,1,21,Y,N,N
00026248,13,2026,2678951,00006508801,5,Y,1,21,Y,N,N
00026248,13,2026,2678943,00006509001,5,Y,1,21,Y,N,N
00026248,13,2026,2678947,00006509101,5,Y,1,21,Y,N,N
00026248,13,2026,2567237,00006533101,5,Y,90,30,Y,N,N
00026248,13,2026,1441740,00008112312,4,N, , ,N,N,N
00026248,13,2026,1000158,00009470913,3,N, , ,N,N,N
00026248,13,2026,1797888,00009540101,4,N, , ,N,N,N
00026248,13,2026,404457,00009716601,5,N, , ,Y,N,N
00026248,13,2026,404458,00009716801,5,N, , ,Y,N,N
00026248,13,2026,404459,00009718801,5,N, , ,Y,N,N
00026248,13,2026,1549456,00009719901,5,N, , ,Y,N,N
00026248,13,2026,1549454,00009720001,5,N, , ,Y,N,N
00026248,13,2026,1009341,00023320503,3,Y,15,75,N,N,N
00026248,13,2026,1605257,00023585801,3,N, , ,N,N,N
00026248,13,2026,2572293,00023916360,3,Y,60,30,N,N,N
00026248,13,2026,904170,00024159601,4,N, , ,N,N,N
00026248,13,2026,1604544,00024586903,3,Y,60,30,N,N,N
00026248,13,2026,2002420,00024587102,3,Y,60,30,N,N,N
00026248,13,2026,1876406,00024591401,5,Y,8,28,Y,N,N
00026248,13,2026,2375329,00024591502,5,Y,8,28,Y,N,N
00026248,13,2026,2099302,00024591801,5,Y,3.42,28,Y,N,N
00026248,13,2026,2559707,00024591902,5,Y,3.42,28,Y,N,N
00026248,13,2026,1797880,00025016608,5,N, , ,N,N,N
00026248,13,2026,863836,00032004670,3,N, , ,N,N,N
00026248,13,2026,863841,00032004770,3,N, , ,N,N,N
00026248,13,2026,1113046,00032120370,3,N, , ,N,N,N
00026248,13,2026,863829,00032122401,3,N, , ,N,N,N
00026248,13,2026,1373327,00032301613,3,N, , ,N,N,N
00026248,13,2026,688242,00046087221,3,N, , ,N,N,N
00026248,13,2026,1653579,00052060302,1,N, , ,N,N,N
00026248,13,2026,198148,00054001925,2,N, , ,N,N,N
00026248,13,2026,393245,00054005746,4,Y,150,30,N,N,N
00026248,13,2026,885857,00054007928,4,N, , ,N,N,N
00026248,13,2026,860901,00054013749,4,N, , ,N,N,N
00026248,13,2026,199149,00054014125,3,Y,180,30,N,N,N
00026248,13,2026,199150,00054014225,3,Y,90,30,N,N,N
00026248,13,2026,351264,00054017613,3,Y,480,30,N,N,N
00026248,13,2026,351265,00054017713,3,Y,120,30,N,N,N
00026248,13,2026,351266,00054018813,2,Y,480,30,N,N,N
00026248,13,2026,351267,00054018913,2,Y,120,30,N,N,N
00026248,13,2026,310792,00054025422,2,Y,30,30,N,N,N
00026248,13,2026,310793,00054025522,2,Y,30,30,N,N,N
00026248,13,2026,896228,00054032856,3,Y,60,30,N,N,N
00026248,13,2026,897657,00054038663,4,Y,1440,30,N,N,N
00026248,13,2026,1874559,00054040013,4,Y,30,30,N,N,N
00026248,13,2026,824295,00054042523,4,N, , ,N,N,N
00026248,13,2026,824301,00054042623,5,N, , ,N,N,N
00026248,13,2026,665019,00054044949,5,N, , ,Y,N,N
00026248,13,2026,977427,00054047021,4,N, , ,Y,N,N
00026248,13,2026,977434,00054047121,4,N, , ,Y,N,N
00026248,13,2026,977438,00054047221,5,N, , ,Y,N,N
00026248,13,2026,1092357,00054052863,4,N, , ,N,N,N
00026248,13,2026,2056895,00054060421,5,N, , ,Y,N,N
00026248,13,2026,1536484,00054087949,5,N, , ,N,N,N
00026248,13,2026,197893,00054253125,2,N, , ,N,N,N
00026248,13,2026,313932,00054312041,4,N, , ,N,N,N
00026248,13,2026,309686,00054317763,4,N, , ,N,N,N
00026248,13,2026,309844,00054318544,4,Y,240,30,Y,N,N
00026248,13,2026,309843,00054318863,4,Y,1200,30,Y,N,N
00026248,13,2026,197730,00054329446,2,N, , ,N,N,N
00026248,13,2026,197731,00054329863,2,N, , ,N,N,N
00026248,13,2026,1010739,00054350049,3,N, , ,N,N,N
00026248,13,2026,311376,00054353244,2,Y,150,30,Y,N,N
00026248,13,2026,315187,00054372250,4,N, , ,N,N,N
00026248,13,2026,856724,00054372763,3,N, , ,N,N,N
00026248,13,2026,856733,00054373063,3,N, , ,N,N,N
00026248,13,2026,197577,00054417925,4,N, , ,N,N,N
00026248,13,2026,343033,00054418025,4,N, , ,N,N,N
00026248,13,2026,197579,00054418125,4,N, , ,N,N,N
00026248,13,2026,197581,00054418325,4,N, , ,N,N,N
00026248,13,2026,197582,00054418425,4,N, , ,N,N,N
00026248,13,2026,197583,00054418625,4,N, , ,N,N,N
00026248,13,2026,197863,00054449613,3,N, , ,N,N,N
00026248,13,2026,197860,00054449710,3,N, , ,N,N,N
00026248,13,2026,197861,00054449810,4,N, , ,N,N,N
00026248,13,2026,197862,00054449911,4,N, , ,N,N,N
00026248,13,2026,197890,00054452725,2,N, , ,N,N,N
00026248,13,2026,197931,00054458111,3,N, , ,N,N,N
00026248,13,2026,312617,00054472831,2,N, , ,N,N,N
00026248,13,2026,198144,00054474125,2,N, , ,N,N,N
00026248,13,2026,198146,00054474225,2,N, , ,N,N,N
00026248,13,2026,349482,00054962857,5,Y,540,30,Y,N,N
00026248,13,2026,1307630,00069013501,5,Y,180,30,Y,N,N
00026248,13,2026,1307635,00069013601,5,Y,30,30,Y,N,N
00026248,13,2026,1243010,00069014501,5,Y,180,30,Y,N,N
00026248,13,2026,1243014,00069015111,5,Y,120,30,Y,N,N
00026248,13,2026,1601394,00069018721,5,Y,21,28,Y,N,N
00026248,13,2026,1601386,00069018821,5,Y,21,28,Y,N,N
00026248,13,2026,1601390,00069018921,5,Y,21,28,Y,N,N
00026248,13,2026,1987734,00069019301,5,Y,30,30,Y,N,N
00026248,13,2026,2058922,00069019730,5,Y,30,30,Y,N,N
00026248,13,2026,2103175,00069022701,5,Y,90,30,Y,N,N
00026248,13,2026,2103179,00069023101,5,Y,30,30,Y,N,N
00026248,13,2026,2670174,00069025160,5,Y,120,30,Y,N,N
00026248,13,2026,2639962,00069025230,5,Y,30,30,Y,N,N
00026248,13,2026,2284108,00069028403,5,Y,21,28,Y,N,N
00026248,13,2026,2583647,00069029702,1,N, , ,N,N,N
00026248,13,2026,2105860,00069029860,5,Y,60,30,Y,N,N
00026248,13,2026,2099952,00069035330,5,Y,30,30,Y,N,N
00026248,13,2026,2583650,00069041102,1,N, , ,N,N,N
00026248,13,2026,2639966,00069045430,5,Y,30,30,Y,N,N
00026248,13,2026,2284104,00069048603,5,Y,21,28,Y,N,N
00026248,13,2026,2672328,00069050430,5,Y,330,30,Y,N,N
00026248,13,2026,2670178,00069050760,5,Y,120,30,Y,N,N
00026248,13,2026,2591512,00069054630,5,Y,30,30,Y,N,N
00026248,13,2026,2670566,00069060001,1,N, , ,N,N,N
00026248,13,2026,2591521,00069065530,5,Y,30,30,Y,N,N
00026248,13,2026,2284106,00069068803,5,Y,21,28,Y,N,N
00026248,13,2026,2099956,00069075730,5,Y,30,30,Y,N,N
00026248,13,2026,2672326,00069101415,5,Y,180,30,Y,N,N
00026248,13,2026,2058926,00069119830,5,Y,30,30,Y,N,N
00026248,13,2026,2047602,00069130510,4,N, , ,Y,N,N
00026248,13,2026,2047608,00069130610,4,N, , ,Y,N,N
00026248,13,2026,2047614,00069130710,4,N, , ,Y,N,N
00026248,13,2026,2047596,00069130810,4,N, , ,Y,N,N
00026248,13,2026,2047623,00069130904,4,N, , ,Y,N,N
00026248,13,2026,2463737,00069131110,4,N, , ,Y,N,N
00026248,13,2026,2463733,00069131810,4,N, , ,Y,N,N
00026248,13,2026,2670170,00069150060,5,Y,180,30,Y,N,N
00026248,13,2026,2105856,00069153130,5,Y,30,30,Y,N,N
00026248,13,2026,2058932,00069229930,5,Y,30,30,Y,N,N
00026248,13,2026,2642148,00069246519,1,Y,1,999,N,N,N
00026248,13,2026,2587899,00069504530,2,Y,30,30,N,N,N
00026248,13,2026,2599543,00069543420,2,Y,20,30,N,N,N
00026248,13,2026,2704987,00069545011,2,Y,11,30,N,N,N
00026248,13,2026,1148506,00069814020,5,Y,120,30,Y,N,N
00026248,13,2026,1148502,00069814120,5,Y,120,30,Y,N,N
00026248,13,2026,1747577,00074056114,4,Y,60,30,Y,N,N
00026248,13,2026,1747579,00074056607,5,Y,30,30,Y,N,N
00026248,13,2026,1747567,00074057622,5,Y,180,30,Y,N,N
00026248,13,2026,1747580,00074057928,5,Y,42,28,Y,N,N
00026248,13,2026,2596960,00074104328,5,Y,84,180,Y,N,N
00026248,13,2026,2540699,00074105001,5,Y,6,365,Y,N,N
00026248,13,2026,2613759,00074106501,5,Y,8.4,365,Y,N,N
00026248,13,2026,2604628,00074107001,5,Y,16.8,365,Y,N,N
00026248,13,2026,2540695,00074210001,5,Y,6,365,Y,N,N
00026248,13,2026,2639743,00074210803,5,Y,1,28,Y,N,N
00026248,13,2026,2196900,00074230630,5,Y,30,30,Y,N,N
00026248,13,2026,2590054,00074231030,5,Y,30,30,Y,N,N
00026248,13,2026,2681019,00074232001,5,Y,360,30,Y,N,N
00026248,13,2026,2557910,00074260028,5,N, , ,Y,N,N
00026248,13,2026,1940709,00074262528,5,N, , ,Y,N,N
00026248,13,2026,835896,00074310832,4,N, , ,Y,N,N
00026248,13,2026,835835,00074310932,4,N, , ,Y,N,N
00026248,13,2026,1926069,00074339930,4,Y,360,30,N,N,N
00026248,13,2026,2639669,00074357501,5,Y,1,168,Y,N,N
00026248,13,2026,1115459,00074364103,5,Y,1,28,Y,N,N
00026248,13,2026,1115464,00074364203,5,Y,1,28,Y,N,N
00026248,13,2026,966271,00074372790,4,N, , ,N,N,N
00026248,13,2026,2639750,00074377903,5,Y,1,84,Y,N,N
00026248,13,2026,847749,00074395646,5,Y,480,30,N,N,N
00026248,13,2026,966158,00074434190,4,N, , ,N,N,N
00026248,13,2026,966247,00074455290,4,N, , ,N,N,N
00026248,13,2026,966171,00074518290,4,N, , ,N,N,N
00026248,13,2026,966282,00074659490,4,N, , ,N,N,N
00026248,13,2026,966250,00074662490,4,N, , ,N,N,N
00026248,13,2026,966191,00074706890,4,N, , ,N,N,N
00026248,13,2026,966201,00074706990,4,N, , ,N,N,N
00026248,13,2026,966205,00074707090,4,N, , ,N,N,N
00026248,13,2026,966251,00074714890,4,N, , ,N,N,N
00026248,13,2026,966218,00074714990,4,N, , ,N,N,N
00026248,13,2026,966185,00074929690,4,N, , ,N,N,N
00026248,13,2026,847734,00078056845,4,N, , ,N,N,N
00026248,13,2026,1653243,00078063941,5,Y,8,28,Y,N,N
00026248,13,2026,1599797,00078063998,5,Y,8,28,Y,N,N
00026248,13,2026,1425230,00078068166,5,Y,120,30,Y,N,N
00026248,13,2026,1425228,00078068266,5,Y,120,30,Y,N,N
00026248,13,2026,2121061,00078069484,5,Y,90,30,Y,N,N
00026248,13,2026,1919094,00078069899,5,Y,240,30,Y,N,N
00026248,13,2026,2169314,00078070184,5,Y,30,30,Y,N,N
00026248,13,2026,2169322,00078070802,5,Y,60,30,Y,N,N
00026248,13,2026,2362240,00078070956,5,Y,120,30,Y,N,N
00026248,13,2026,2169320,00078071502,5,Y,60,30,Y,N,N
00026248,13,2026,2362244,00078071656,5,Y,120,30,Y,N,N
00026248,13,2026,1873991,00078086001,5,Y,21,28,Y,N,N
00026248,13,2026,1873993,00078086742,5,Y,42,28,Y,N,N
00026248,13,2026,1873995,00078087463,5,Y,63,28,Y,N,N
00026248,13,2026,1801840,00078091112,3,Y,60,30,Y,N,N
00026248,13,2026,1923056,00078091661,5,Y,70,28,Y,N,N
00026248,13,2026,1923058,00078092361,5,Y,91,28,Y,N,N
00026248,13,2026,2390954,00078100768,5,Y,1.6,28,Y,N,N
00026248,13,2026,2550713,00078105697,5,Y,2,28,Y,N,N
00026248,13,2026,2637348,00078107068,5,Y,8,28,Y,N,N
00026248,13,2026,2584326,00078109120,5,Y,60,30,Y,N,N
00026248,13,2026,2584330,00078109820,5,Y,240,30,Y,N,N
00026248,13,2026,1425110,00078110515,5,Y,90,30,Y,N,N
00026248,13,2026,1425118,00078111215,5,Y,30,30,Y,N,N
00026248,13,2026,2632556,00078115421,5,Y,840,28,Y,N,N
00026248,13,2026,2632564,00078116147,5,Y,1170,28,Y,N,N
00026248,13,2026,2680280,00078119620,5,Y,120,30,Y,N,N
00026248,13,2026,2679802,00078123120,3,Y,240,30,N,N,Y
00026248,13,2026,2679797,00078123820,3,Y,240,30,N,N,Y
00026248,13,2026,261101,00088210224,4,N, , ,N,N,N
00026248,13,2026,847232,00088221905,3,Y,60,30,N,N,N
00026248,13,2026,285018,00088222033,3,Y,60,30,N,N,N
00026248,13,2026,866094,00093005301,2,N, , ,N,N,N
00026248,13,2026,866083,00093005401,2,N, , ,N,N,N
00026248,13,2026,978006,00093031101,3,N, , ,N,N,N
00026248,13,2026,833217,00093031801,2,N, , ,N,N,N
00026248,13,2026,831103,00093031901,2,N, , ,N,N,N
00026248,13,2026,831102,00093032001,2,N, , ,N,N,N
00026248,13,2026,831054,00093032101,2,N, , ,N,N,N
00026248,13,2026,198046,00093081201,3,N, , ,N,N,N
00026248,13,2026,197905,00093092810,1,Y,60,30,N,N,N
00026248,13,2026,855942,00093094801,4,Y,120,30,N,N,N
00026248,13,2026,866018,00093100301,2,N, , ,N,N,N
00026248,13,2026,106346,00093101042,2,Y,30,30,N,N,N
00026248,13,2026,1098649,00093102406,4,N, , ,N,N,N
00026248,13,2026,1098670,00093102506,4,N, , ,N,N,N
00026248,13,2026,1098674,00093102606,4,N, , ,N,N,N
00026248,13,2026,866042,00093117701,2,N, , ,N,N,N
00026248,13,2026,855288,00093171201,1,N, , ,N,N,N
00026248,13,2026,855302,00093171301,1,N, , ,N,N,N
00026248,13,2026,855312,00093171401,1,N, , ,N,N,N
00026248,13,2026,855318,00093171501,1,N, , ,N,N,N
00026248,13,2026,855324,00093171601,1,N, , ,N,N,N
00026248,13,2026,855338,00093171801,1,N, , ,N,N,N
00026248,13,2026,855296,00093172001,1,N, , ,N,N,N
00026248,13,2026,855332,00093172101,1,N, , ,N,N,N
00026248,13,2026,855344,00093172301,1,N, , ,N,N,N
00026248,13,2026,242461,00093206406,2,N, , ,N,N,N
00026248,13,2026,242462,00093206506,2,N, , ,N,N,N
00026248,13,2026,856467,00093214062,4,N, , ,N,N,N
00026248,13,2026,311666,00093220305,2,N, , ,N,N,N
00026248,13,2026,311668,00093220401,2,N, , ,N,N,N
00026248,13,2026,308177,00093226701,2,N, , ,N,N,N
00026248,13,2026,598025,00093226801,2,N, , ,N,N,N
00026248,13,2026,1148141,00093306693,5,Y,18,30,Y,N,N
00026248,13,2026,197595,00093312301,3,N, , ,N,N,N
00026248,13,2026,197596,00093312501,3,N, , ,N,N,N
00026248,13,2026,309114,00093314705,2,N, , ,N,N,N
00026248,13,2026,884707,00093322308,4,N, , ,N,N,N
00026248,13,2026,198232,00093323401,3,N, , ,N,N,N
00026248,13,2026,753543,00093330416,4,N, , ,N,N,N
00026248,13,2026,349591,00093354256,4,Y,60,30,N,N,N
00026248,13,2026,349593,00093354456,4,Y,60,30,N,N,N
00026248,13,2026,1918209,00093360782,3,Y,1,30,N,N,N
00026248,13,2026,1918194,00093360882,3,Y,1,30,N,N,N
00026248,13,2026,1918203,00093360982,3,Y,1,30,N,N,N
00026248,13,2026,834046,00093412573,2,N, , ,N,N,N
00026248,13,2026,834040,00093412773,2,N, , ,N,N,N
00026248,13,2026,866090,00093520006,2,N, , ,N,N,N
00026248,13,2026,643066,00093523456,4,Y,30,30,N,N,N
00026248,13,2026,1652084,00093532862,4,N, , ,N,N,N
00026248,13,2026,1006801,00093537601,4,Y,180,30,Y,N,N
00026248,13,2026,996921,00093537701,4,Y,120,30,Y,N,N
00026248,13,2026,721773,00093541601,4,Y,90,30,Y,N,N
00026248,13,2026,476179,00093541701,4,Y,270,30,Y,N,N
00026248,13,2026,476177,00093541901,4,Y,270,30,Y,N,N
00026248,13,2026,199703,00093542088,3,N, , ,N,N,N
00026248,13,2026,1359129,00093545528,4,N, , ,N,N,N
00026248,13,2026,727316,00093598527,3,N, , ,N,N,N
00026248,13,2026,1870207,00093598627,3,N, , ,N,N,N
00026248,13,2026,349094,00093681573,4,N, , ,Y,N,N
00026248,13,2026,351109,00093681673,4,N, , ,Y,N,N
00026248,13,2026,1098666,00093711306,4,N, , ,N,N,N
00026248,13,2026,1098678,00093717801,4,N, , ,N,N,N
00026248,13,2026,317573,00093727156,1,Y,90,30,N,N,N
00026248,13,2026,312440,00093727256,2,Y,30,30,N,N,N
00026248,13,2026,312441,00093727356,2,Y,30,30,N,N,N
00026248,13,2026,403878,00093762998,4,Y,90,30,Y,N,N
00026248,13,2026,403879,00093763056,5,Y,60,30,Y,N,N
00026248,13,2026,603203,00093766356,5,Y,30,30,Y,N,N
00026248,13,2026,603206,00093766456,5,Y,30,30,Y,N,N
00026248,13,2026,476556,00093770456,4,Y,30,30,N,N,N
00026248,13,2026,1299903,00093807256,4,N, , ,N,N,N
00026248,13,2026,1299909,00093807656,4,N, , ,N,N,N
00026248,13,2026,197737,00093834201,2,Y,480,30,N,N,N
00026248,13,2026,310534,00093834301,2,Y,240,30,N,N,N
00026248,13,2026,835925,00093901965,4,N, , ,Y,N,N
00026248,13,2026,241834,00093902065,4,N, , ,Y,N,N
00026248,13,2026,313582,00093914701,3,Y,90,30,N,N,N
00026248,13,2026,313584,00093914801,3,Y,90,30,N,N,N
00026248,13,2026,314277,00093914901,3,Y,90,30,N,N,N
00026248,13,2026,313586,00093915701,3,Y,90,30,N,N,N
00026248,13,2026,313580,00093916301,3,Y,90,30,N,N,N
00026248,13,2026,197443,00093970101,2,N, , ,N,N,N
00026248,13,2026,197444,00093970201,2,N, , ,N,N,N
00026248,13,2026,311995,00115164301,3,N, , ,N,N,N
00026248,13,2026,856556,00115169301,2,N, , ,N,N,N
00026248,13,2026,1870230,00115169449,3,N, , ,N,N,N
00026248,13,2026,1870225,00115169549,3,N, , ,N,N,N
00026248,13,2026,242831,00115172401,4,N, , ,N,N,N
00026248,13,2026,239239,00115172501,4,N, , ,N,N,N
00026248,13,2026,903857,00115351101,3,N, , ,N,N,N
00026248,13,2026,856656,00115441101,4,N, , ,N,N,N
00026248,13,2026,856660,00115442201,4,N, , ,N,N,N
00026248,13,2026,856652,00115443301,4,N, , ,N,N,N
00026248,13,2026,1048445,00115521116,4,N, , ,N,N,N
00026248,13,2026,313979,00115703301,2,N, , ,N,N,N
00026248,13,2026,834127,00116200116,2,N, , ,N,N,N
00026248,13,2026,141935,00121058104,4,N, , ,Y,N,N
00026248,13,2026,849385,00121064616,3,N, , ,N,N,N
00026248,13,2026,861848,00121065304,4,N, , ,Y,N,N
00026248,13,2026,859835,00121065402,4,N, , ,Y,N,N
00026248,13,2026,251322,00121067016,4,N, , ,N,N,N
00026248,13,2026,1099687,00121067585,2,N, , ,N,N,N
00026248,13,2026,312036,00121067816,4,N, , ,N,N,N
00026248,13,2026,312055,00121086816,4,N, , ,N,N,N
00026248,13,2026,391937,00121087316,2,N, , ,N,N,N
00026248,13,2026,702519,00121094216,4,N, , ,N,N,N
00026248,13,2026,834137,00126027216,2,N, , ,N,N,N
00026248,13,2026,308963,00143117101,4,N, , ,N,N,N
00026248,13,2026,317173,00143117201,4,N, , ,N,N,N
00026248,13,2026,308964,00143117301,4,N, , ,N,N,N
00026248,13,2026,991086,00143122701,4,N, , ,Y,N,N
00026248,13,2026,197604,00143124010,2,Y,30,30,N,N,N
00026248,13,2026,198089,00143145505,4,N, , ,N,N,N
00026248,13,2026,198083,00143145805,4,N, , ,N,N,N
00026248,13,2026,312357,00143149505,4,N, , ,N,N,N
00026248,13,2026,312362,00143150005,4,N, , ,N,N,N
00026248,13,2026,314055,00143176901,3,N, , ,N,N,N
00026248,13,2026,381056,00143177101,3,N, , ,N,N,N
00026248,13,2026,206842,00143177201,3,N, , ,N,N,N
00026248,13,2026,310189,00143928901,4,N, , ,N,N,N
00026248,13,2026,1655960,00143951910,3,N, , ,N,N,N
00026248,13,2026,835809,00143975001,3,N, , ,Y,N,N
00026248,13,2026,313850,00143988601,2,N, , ,N,N,N
00026248,13,2026,308189,00143988701,2,N, , ,N,N,N
00026248,13,2026,313797,00143988815,2,N, , ,N,N,N
00026248,13,2026,239191,00143988915,2,N, , ,N,N,N
00026248,13,2026,197511,00143992701,2,N, , ,N,N,N
00026248,13,2026,309309,00143992801,2,N, , ,N,N,N
00026248,13,2026,197512,00143992950,2,N, , ,N,N,N
00026248,13,2026,1665444,00143997722,4,N, , ,N,N,N
00026248,13,2026,1665449,00143997922,4,N, , ,N,N,N
00026248,13,2026,106258,00168001531,2,N, , ,N,N,N
00026248,13,2026,203105,00168002031,2,N, , ,N,N,N
00026248,13,2026,197408,00168004160,4,Y,120,30,N,N,N
00026248,13,2026,103401,00168014630,2,Y,454,30,N,N,N
00026248,13,2026,311678,00168032346,4,N, , ,N,N,N
00026248,13,2026,242736,00168038360,4,N, , ,N,N,N
00026248,13,2026,311033,00169183311,3,Y,60,30,N,N,N
00026248,13,2026,311027,00169183411,3,Y,60,30,N,N,N
00026248,13,2026,213442,00169183711,3,Y,60,30,N,N,N
00026248,13,2026,2206092,00169300315,3,Y,60,30,N,N,N
00026248,13,2026,2206099,00169300415,3,Y,60,30,N,N,N
00026248,13,2026,2049380,00169300715,3,Y,60,30,N,N,N
00026248,13,2026,1986354,00169320111,3,Y,60,30,N,N,Y
00026248,13,2026,1986356,00169320415,3,Y,60,30,N,N,Y
00026248,13,2026,2205454,00169320515,3,Y,60,30,N,N,Y
00026248,13,2026,1653198,00169330312,3,Y,60,30,N,N,Y
00026248,13,2026,977842,00169368512,3,Y,60,30,N,N,N
00026248,13,2026,977840,00169369619,3,Y,60,30,N,N,N
00026248,13,2026,2398842,00169413013,3,Y,3,28,Y,N,N
00026248,13,2026,2619154,00169418113,3,Y,3,28,Y,N,N
00026248,13,2026,2200654,00169430330,3,Y,30,30,Y,N,N
00026248,13,2026,2200658,00169430730,3,Y,30,30,Y,N,N
00026248,13,2026,2200650,00169431430,3,Y,30,30,Y,N,N
00026248,13,2026,2599365,00169477212,3,Y,3,28,Y,N,N
00026248,13,2026,1653204,00169633910,3,Y,60,30,N,N,Y
00026248,13,2026,351926,00169750111,3,Y,60,30,N,N,Y
00026248,13,2026,197770,00172208980,1,N, , ,N,N,N
00026248,13,2026,197590,00172392570,3,Y,120,30,Y,N,N
00026248,13,2026,197591,00172392670,3,Y,120,30,Y,N,N
00026248,13,2026,197589,00172392770,3,Y,120,30,Y,N,N
00026248,13,2026,197391,00172409680,3,N, , ,N,N,N
00026248,13,2026,831246,00172640649,3,N, , ,Y,N,N
00026248,13,2026,835886,00172731320,4,N, , ,Y,N,N
00026248,13,2026,866049,00173052100,3,Y,60,30,N,N,N
00026248,13,2026,759473,00173068101,4,Y,120,365,N,N,N
00026248,13,2026,859088,00173068220,3,Y,36,30,N,N,N
00026248,13,2026,896237,00173071520,3,Y,12,30,N,N,N
00026248,13,2026,896245,00173071620,3,Y,12,30,N,N,N
00026248,13,2026,896273,00173071720,3,Y,12,30,N,N,N
00026248,13,2026,1539893,00173085910,3,Y,60,30,N,N,N
00026248,13,2026,1487528,00173086910,3,Y,60,30,N,N,N
00026248,13,2026,1539885,00173087310,3,Y,30,30,N,N,N
00026248,13,2026,1547660,00173087410,3,Y,30,30,N,N,N
00026248,13,2026,1547672,00173087610,3,Y,30,30,N,N,N
00026248,13,2026,1648789,00173088210,3,Y,60,30,N,N,N
00026248,13,2026,1945048,00173088710,3,Y,60,30,N,N,N
00026248,13,2026,2045382,00173088810,3,Y,30,30,N,N,N
00026248,13,2026,2395775,00173089310,3,Y,60,30,N,N,N
00026248,13,2026,2640210,00173090913,5,Y,30,30,Y,N,N
00026248,13,2026,2640212,00173091213,5,Y,30,30,Y,N,N
00026248,13,2026,2640214,00173091513,5,Y,30,30,Y,N,N
00026248,13,2026,2637476,00173091610,3,Y,60,30,N,N,N
00026248,13,2026,898367,00185021101,2,N, , ,N,N,N
00026248,13,2026,898378,00185023601,2,N, , ,N,N,N
00026248,13,2026,898372,00185027701,2,N, , ,N,N,N
00026248,13,2026,898362,00185032501,2,N, , ,N,N,N
00026248,13,2026,884173,00228212750,2,N, , ,N,N,N
00026248,13,2026,884189,00228212910,2,N, , ,N,N,N
00026248,13,2026,861237,00228306211,4,Y,30,30,N,N,N
00026248,13,2026,861223,00228306311,4,Y,30,30,N,N,N
00026248,13,2026,861227,00228306411,4,Y,30,30,N,N,N
00026248,13,2026,848951,00245003660,4,N, , ,N,N,N
00026248,13,2026,835958,00245014430,4,N, , ,N,N,N
00026248,13,2026,834346,00245014790,2,N, , ,N,N,N
00026248,13,2026,993466,00245021111,4,N, , ,N,N,N
00026248,13,2026,2047868,00245055650,5,Y,180,30,N,N,N
00026248,13,2026,2685202,00245082230,5,Y,30,30,Y,N,N
00026248,13,2026,2685206,00245082330,5,Y,60,30,Y,N,N
00026248,13,2026,2685208,00245082430,5,Y,30,30,Y,N,N
00026248,13,2026,2685204,00245082530,5,Y,30,30,Y,N,N
00026248,13,2026,628958,00245083611,2,N, , ,N,N,N
00026248,13,2026,832718,00245531511,2,N, , ,N,N,N
00026248,13,2026,1801299,00245531711,2,N, , ,N,N,N
00026248,13,2026,832731,00245531811,2,N, , ,N,N,N
00026248,13,2026,1801295,00245531911,2,N, , ,N,N,N
00026248,13,2026,2642353,00245600111,5,Y,180,30,N,N,N
00026248,13,2026,198071,00254200001,5,N, , ,N,N,N
00026248,13,2026,351173,00254302002,5,N, , ,N,N,N
00026248,13,2026,351174,00254302102,5,N, , ,N,N,N
00026248,13,2026,351175,00254302202,5,N, , ,N,N,N
00026248,13,2026,1189640,00264193310,4,N, , ,Y,N,N
00026248,13,2026,1799890,00264446010,4,N, , ,Y,N,N
00026248,13,2026,1794886,00264761610,4,N, , ,N,N,N
00026248,13,2026,207273,00281032630,4,N, , ,N,N,N
00026248,13,2026,2289424,00310061060,5,Y,240,30,Y,N,N
00026248,13,2026,2289428,00310062560,5,Y,120,30,Y,N,N
00026248,13,2026,2723657,00310063560,5,Y,600,30,Y,N,N
00026248,13,2026,2723661,00310064060,5,Y,360,30,Y,N,N
00026248,13,2026,1942485,00310066812,5,Y,120,30,Y,N,N
00026248,13,2026,1942489,00310067912,5,Y,120,30,Y,N,N
00026248,13,2026,2047639,00310110530,3,N, , ,N,N,N
00026248,13,2026,2053927,00310111030,3,N, , ,N,N,N
00026248,13,2026,1721571,00310134930,5,Y,30,30,Y,N,N
00026248,13,2026,1721583,00310135030,5,Y,30,30,Y,N,N
00026248,13,2026,2607737,00310351260,5,Y,60,30,Y,N,N
00026248,13,2026,2387331,00310461612,3,Y,10.7,30,N,N,N
00026248,13,2026,1486981,00310620530,3,Y,30,30,N,N,Y
00026248,13,2026,1486977,00310621030,3,Y,30,30,N,N,Y
00026248,13,2026,1940498,00310622560,3,Y,60,30,N,N,N
00026248,13,2026,1593831,00310625030,3,Y,30,30,N,N,N
00026248,13,2026,1593833,00310626060,3,Y,60,30,N,N,N
00026248,13,2026,1593835,00310627030,3,Y,30,30,N,N,N
00026248,13,2026,1593775,00310628030,3,Y,30,30,N,N,N
00026248,13,2026,1246304,00310737020,4,Y,30.9,30,N,N,N
00026248,13,2026,1246288,00310737220,4,Y,30.9,30,N,N,N
00026248,13,2026,2669982,00310950101,5,Y,64,28,Y,N,N
00026248,13,2026,206347,00316012601,2,N, , ,N,N,N
00026248,13,2026,1648999,00316017516,2,Y,454,30,N,N,N
00026248,13,2026,1795477,00338002303,4,N, , ,N,N,N
00026248,13,2026,1807552,00338004304,4,N, , ,N,N,N
00026248,13,2026,1795470,00338007304,4,N, , ,N,N,N
00026248,13,2026,801648,00338064406,4,N, , ,Y,N,N
00026248,13,2026,1863973,00338066304,4,N, , ,N,N,N
00026248,13,2026,204466,00338102341,4,N, , ,N,N,N
00026248,13,2026,207391,00338102541,4,N, , ,N,N,N
00026248,13,2026,866924,00378001805,1,N, , ,N,N,N
00026248,13,2026,198284,00378022101,4,N, , ,N,N,N
00026248,13,2026,866491,00378044501,3,N, , ,N,N,N
00026248,13,2026,313354,00378061201,3,N, , ,Y,N,N
00026248,13,2026,198274,00378061401,3,N, , ,Y,N,N
00026248,13,2026,198275,00378061601,3,N, , ,Y,N,N
00026248,13,2026,198270,00378061801,3,N, , ,Y,N,N
00026248,13,2026,722134,00378172193,2,Y,30,30,N,N,N
00026248,13,2026,722126,00378172293,2,Y,30,30,N,N,N
00026248,13,2026,722137,00378172393,2,Y,30,30,N,N,N
00026248,13,2026,722131,00378172493,2,Y,30,30,N,N,N
00026248,13,2026,966220,00378180010,1,N, , ,N,N,N
00026248,13,2026,966221,00378180310,1,N, , ,N,N,N
00026248,13,2026,966222,00378180510,1,N, , ,N,N,N
00026248,13,2026,966253,00378180710,1,N, , ,N,N,N
00026248,13,2026,892246,00378180910,1,N, , ,N,N,N
00026248,13,2026,966248,00378181110,1,N, , ,N,N,N
00026248,13,2026,966224,00378181310,1,N, , ,N,N,N
00026248,13,2026,966225,00378181510,1,N, , ,N,N,N
00026248,13,2026,966249,00378181710,1,N, , ,N,N,N
00026248,13,2026,966270,00378182377,1,N, , ,N,N,N
00026248,13,2026,198324,00378240201,4,N, , ,Y,N,N
00026248,13,2026,198325,00378240501,4,N, , ,Y,N,N
00026248,13,2026,198323,00378241001,4,N, , ,Y,N,N
00026248,13,2026,855863,00378267001,3,N, , ,N,N,N
00026248,13,2026,1536586,00378334053,3,N, , ,N,N,N
00026248,13,2026,242333,00378334999,4,N, , ,N,N,N
00026248,13,2026,238003,00378335099,4,N, , ,N,N,N
00026248,13,2026,241527,00378335199,4,N, , ,N,N,N
00026248,13,2026,238004,00378335299,4,N, , ,N,N,N
00026248,13,2026,403922,00378336099,4,N, , ,N,N,N
00026248,13,2026,403923,00378336199,4,N, , ,N,N,N
00026248,13,2026,402109,00378352091,5,Y,120,30,N,N,N
00026248,13,2026,855875,00378375093,3,N, , ,N,N,N
00026248,13,2026,628953,00378456105,2,N, , ,N,N,N
00026248,13,2026,242892,00378464026,4,N, , ,N,N,N
00026248,13,2026,1149632,00378464126,4,N, , ,N,N,N
00026248,13,2026,242891,00378464226,4,N, , ,N,N,N
00026248,13,2026,241946,00378464326,4,N, , ,N,N,N
00026248,13,2026,248478,00378464426,4,N, , ,N,N,N
00026248,13,2026,1000097,00378537501,4,N, , ,N,N,N
00026248,13,2026,1147334,00378544093,5,Y,30,30,N,N,N
00026248,13,2026,349483,00378580793,2,Y,60,30,N,N,N
00026248,13,2026,349199,00378581377,2,Y,60,30,N,N,N
00026248,13,2026,349201,00378581477,2,Y,60,30,N,N,N
00026248,13,2026,349200,00378581577,2,Y,30,30,N,N,N
00026248,13,2026,897612,00378632001,3,N, , ,N,N,N
00026248,13,2026,200284,00378632177,2,Y,30,30,N,N,N
00026248,13,2026,200285,00378632277,2,Y,30,30,N,N,N
00026248,13,2026,349353,00378632377,2,Y,30,30,N,N,N
00026248,13,2026,636042,00378632477,2,Y,30,30,N,N,N
00026248,13,2026,835726,00378633380,4,N, , ,N,N,N
00026248,13,2026,897618,00378638001,3,N, , ,N,N,N
00026248,13,2026,226552,00378647099,4,N, , ,Y,N,N
00026248,13,2026,748878,00378655053,4,N, , ,N,N,N
00026248,13,2026,404058,00378661193,4,N, , ,Y,N,N
00026248,13,2026,404061,00378661293,4,N, , ,Y,N,N
00026248,13,2026,2711694,00378661393,4,N, , ,Y,N,N
00026248,13,2026,404064,00378661493,4,N, , ,Y,N,N
00026248,13,2026,1111641,00378696093,5,Y,30,30,Y,N,N
00026248,13,2026,1487361,00378696112,5,Y,12,28,Y,N,N
00026248,13,2026,2597673,00378750232,4,Y,30.9,30,N,N,N
00026248,13,2026,2597670,00378750332,4,Y,30.9,30,N,N,N
00026248,13,2026,209789,00378904005,4,N, , ,Y,N,N
00026248,13,2026,209788,00378904505,4,N, , ,Y,N,N
00026248,13,2026,861657,00378910293,3,N, , ,N,N,N
00026248,13,2026,486148,00378910493,3,N, , ,N,N,N
00026248,13,2026,486152,00378911293,3,N, , ,N,N,N
00026248,13,2026,486146,00378911693,3,N, , ,N,N,N
00026248,13,2026,577057,00378911998,4,Y,15,30,Y,N,N
00026248,13,2026,245134,00378912198,4,Y,15,30,Y,N,N
00026248,13,2026,245135,00378912298,4,Y,15,30,Y,N,N
00026248,13,2026,197696,00378912398,4,Y,15,30,Y,N,N
00026248,13,2026,245136,00378912498,4,Y,15,30,Y,N,N
00026248,13,2026,2110510,00378932032,3,Y,60,30,N,N,N
00026248,13,2026,2110513,00378932132,3,Y,60,30,N,N,N
00026248,13,2026,2110516,00378932232,3,Y,60,30,N,N,N
00026248,13,2026,857002,00406012305,4,Y,240,30,N,N,N
00026248,13,2026,857005,00406012405,4,Y,180,30,N,N,N
00026248,13,2026,856999,00406012505,4,Y,180,30,N,N,N
00026248,13,2026,993890,00406048501,3,Y,180,30,N,N,N
00026248,13,2026,1049221,00406051205,4,Y,360,30,N,N,N
00026248,13,2026,1049225,00406052201,4,Y,240,30,N,N,N
00026248,13,2026,1049214,00406052301,4,Y,180,30,N,N,N
00026248,13,2026,1049621,00406055201,3,Y,360,30,N,N,N
00026248,13,2026,1091497,00406114201,3,Y,90,30,Y,N,N
00026248,13,2026,1091150,00406114401,3,Y,90,30,Y,N,N
00026248,13,2026,1091392,00406114601,3,Y,90,30,Y,N,N
00026248,13,2026,1483744,00406117003,3,N, , ,N,N,N
00026248,13,2026,897696,00406324301,3,Y,180,30,N,N,N
00026248,13,2026,897702,00406324401,3,Y,180,30,N,N,N
00026248,13,2026,897710,00406324901,3,Y,180,30,N,N,N
00026248,13,2026,892582,00406511801,4,Y,360,30,N,N,N
00026248,13,2026,892672,00406511901,4,Y,180,30,N,N,N
00026248,13,2026,864718,00406575501,3,Y,180,30,N,N,N
00026248,13,2026,864706,00406577101,3,Y,360,30,N,N,N
00026248,13,2026,1049611,00406851501,3,Y,180,30,N,N,N
00026248,13,2026,1049618,00406853001,3,Y,180,30,N,N,N
00026248,13,2026,861221,00406895201,4,Y,30,30,N,N,N
00026248,13,2026,861225,00406895401,4,Y,30,30,N,N,N
00026248,13,2026,1870650,00409120703,4,N, , ,N,N,N
00026248,13,2026,829762,00409175415,4,N, , ,N,N,N
00026248,13,2026,1191234,00409178269,2,N, , ,N,N,N
00026248,13,2026,1665210,00409230024,4,N, , ,N,N,N
00026248,13,2026,1658637,00409272101,3,N, , ,N,N,N
00026248,13,2026,1807516,00409433201,4,N, , ,N,N,N
00026248,13,2026,1659292,00409508216,4,N, , ,N,N,N
00026248,13,2026,1659294,00409508411,4,N, , ,N,N,N
00026248,13,2026,206423,00409508611,4,N, , ,N,N,N
00026248,13,2026,1668267,00409648201,4,N, , ,N,N,N
00026248,13,2026,1807518,00409653102,4,N, , ,N,N,N
00026248,13,2026,1860139,00409665305,4,N, , ,N,N,N
00026248,13,2026,1040012,00456040010,5,N, , ,N,N,N
00026248,13,2026,1040016,00456060010,5,N, , ,N,N,N
00026248,13,2026,1307415,00456120130,3,Y,30,30,N,N,N
00026248,13,2026,1307421,00456120230,3,Y,30,30,N,N,N
00026248,13,2026,1869699,00456120330,3,Y,30,30,N,N,N
00026248,13,2026,1433250,00456220228,4,Y,28,28,N,N,N
00026248,13,2026,1433223,00456221230,4,Y,30,30,N,N,N
00026248,13,2026,1433229,00456222030,4,Y,30,30,N,N,N
00026248,13,2026,1433235,00456224030,4,Y,30,30,N,N,N
00026248,13,2026,1433241,00456228030,4,Y,30,30,N,N,N
00026248,13,2026,1307309,00469012599,5,Y,120,30,Y,N,N
00026248,13,2026,1608333,00469052002,5,N, , ,Y,N,N
00026248,13,2026,2390646,00469062599,5,Y,120,30,Y,N,N
00026248,13,2026,2390650,00469072560,5,Y,60,30,Y,N,N
00026248,13,2026,2052609,00469123050,4,N, , ,Y,N,N
00026248,13,2026,2052704,00469133050,4,N, , ,Y,N,N
00026248,13,2026,2105817,00469142590,5,Y,90,30,Y,N,N
00026248,13,2026,1300797,00469260130,3,Y,30,30,N,N,N
00026248,13,2026,1300803,00469260230,3,Y,30,30,N,N,N
00026248,13,2026,2637147,00469266030,4,Y,30,30,Y,N,N
00026248,13,2026,2623472,00469286035,5,N, , ,Y,N,N
00026248,13,2026,2541237,00469502099,3,Y,300,28,N,N,N
00026248,13,2026,884308,00472016630,2,N, , ,N,N,N
00026248,13,2026,402010,00480123208,4,Y,2,28,N,N,N
00026248,13,2026,602912,00480124228,5,Y,30,30,Y,N,N
00026248,13,2026,602910,00480124328,5,Y,30,30,Y,N,N
00026248,13,2026,643712,00480124421,5,Y,21,28,Y,N,N
00026248,13,2026,643720,00480124621,5,Y,21,28,Y,N,N
00026248,13,2026,402011,00480134208,4,Y,2,28,N,N,N
00026248,13,2026,402012,00480145308,5,Y,2,28,N,N,N
00026248,13,2026,706822,00480155408,4,Y,2,28,N,N,N
00026248,13,2026,1111106,00480259634,5,Y,20,10,N,N,N
00026248,13,2026,1666332,00480268806,4,N, , ,N,N,N
00026248,13,2026,748977,00480347516,3,N, , ,N,N,N
00026248,13,2026,794639,00480347906,4,Y,120,30,N,N,N
00026248,13,2026,750265,00480349316,4,N, , ,N,N,N
00026248,13,2026,1868014,00480361087,4,Y,270,30,Y,N,N
00026248,13,2026,1868018,00480361198,5,Y,90,30,Y,N,N
00026248,13,2026,1233850,00480400062,4,N, , ,N,N,N
00026248,13,2026,616578,00480413806,4,Y,60,30,N,N,N
00026248,13,2026,1490473,00480449056,5,Y,30,30,Y,N,N
00026248,13,2026,1356557,00480706256,4,Y,30,30,N,N,N
00026248,13,2026,1356570,00480706356,5,Y,30,30,N,N,N
00026248,13,2026,1356574,00480706556,5,Y,30,30,N,N,N
00026248,13,2026,1356578,00480706656,5,Y,30,30,N,N,N
00026248,13,2026,1356582,00480706756,5,Y,30,30,N,N,N
00026248,13,2026,1356586,00480706856,5,Y,30,30,N,N,N
00026248,13,2026,836358,00487980125,2,N, , ,Y,N,N
00026248,13,2026,245314,00487990130,3,N, , ,Y,N,N
00026248,13,2026,310190,00517042001,4,N, , ,N,N,N
00026248,13,2026,310191,00517044001,4,N, , ,N,N,N
00026248,13,2026,485968,00517095501,4,Y,90,30,Y,N,N
00026248,13,2026,307718,00517750425,4,N, , ,Y,N,N
00026248,13,2026,991061,00527058601,4,N, , ,Y,N,N
00026248,13,2026,1000913,00527131301,4,N, , ,N,N,N
00026248,13,2026,858747,00527132601,3,N, , ,N,N,N
00026248,13,2026,197392,00527133701,3,N, , ,N,N,N
00026248,13,2026,198152,00527136701,4,N, , ,N,N,N
00026248,13,2026,311386,00527139401,3,N, , ,Y,N,N
00026248,13,2026,314078,00527139501,3,N, , ,Y,N,N
00026248,13,2026,311385,00527139601,3,N, , ,Y,N,N
00026248,13,2026,314075,00527139701,3,N, , ,Y,N,N
00026248,13,2026,1001004,00527140701,4,N, , ,N,N,N
00026248,13,2026,198316,00527163210,1,N, , ,N,N,N
00026248,13,2026,865117,00527178801,4,N, , ,Y,N,N
00026248,13,2026,865123,00527178901,4,N, , ,Y,N,N
00026248,13,2026,860918,00527179001,4,N, , ,Y,N,N
00026248,13,2026,859841,00527179101,4,N, , ,Y,N,N
00026248,13,2026,197516,00527193106,3,N, , ,N,N,N
00026248,13,2026,477391,00527194866,4,N, , ,N,N,N
00026248,13,2026,1482908,00527213335,5,N, , ,Y,N,N
00026248,13,2026,991039,00527296137,4,N, , ,Y,N,N
00026248,13,2026,991194,00527296237,4,N, , ,Y,N,N
00026248,13,2026,854228,00548560100,4,Y,9,90,N,N,N
00026248,13,2026,854238,00548560300,4,Y,18,90,N,N,N
00026248,13,2026,854241,00548560400,4,Y,24,90,N,N,N
00026248,13,2026,854248,00548560500,4,Y,30,90,N,N,N
00026248,13,2026,854245,00548560600,4,Y,24,90,N,N,N
00026248,13,2026,835913,00555017178,3,N, , ,N,N,N
00026248,13,2026,977883,00555048302,2,N, , ,N,N,N
00026248,13,2026,197556,00555063302,4,N, , ,Y,N,N
00026248,13,2026,197554,00555063402,4,N, , ,Y,N,N
00026248,13,2026,197555,00555063502,4,N, , ,Y,N,N
00026248,13,2026,1009145,00555077502,3,Y,60,30,N,N,N
00026248,13,2026,687043,00555077602,3,Y,60,30,N,N,N
00026248,13,2026,577957,00555077702,3,Y,60,30,N,N,N
00026248,13,2026,1000114,00555077902,2,N, , ,N,N,N
00026248,13,2026,1000135,00555087202,2,N, , ,N,N,N
00026248,13,2026,1000141,00555087302,2,N, , ,N,N,N
00026248,13,2026,197658,00555088602,2,N, , ,N,N,N
00026248,13,2026,197659,00555088702,2,N, , ,N,N,N
00026248,13,2026,197657,00555089902,2,N, , ,N,N,N
00026248,13,2026,541878,00555097102,3,Y,60,30,N,N,N
00026248,13,2026,541892,00555097202,3,Y,60,30,N,N,N
00026248,13,2026,577961,00555097302,3,Y,90,30,N,N,N
00026248,13,2026,541363,00555097402,3,Y,60,30,N,N,N
00026248,13,2026,404059,00555105486,4,N, , ,Y,N,N
00026248,13,2026,404062,00555105586,4,N, , ,Y,N,N
00026248,13,2026,643488,00555105686,4,N, , ,Y,N,N
00026248,13,2026,404065,00555105786,4,N, , ,Y,N,N
00026248,13,2026,751868,00555900867,4,N, , ,N,N,N
00026248,13,2026,751871,00555900942,4,N, , ,N,N,N
00026248,13,2026,751870,00555901058,4,N, , ,N,N,N
00026248,13,2026,762007,00555901258,4,N, , ,N,N,N
00026248,13,2026,751885,00555901467,4,N, , ,N,N,N
00026248,13,2026,753481,00555901658,4,N, , ,N,N,N
00026248,13,2026,762333,00555901858,4,N, , ,N,N,N
00026248,13,2026,751890,00555902058,4,N, , ,N,N,N
00026248,13,2026,1358780,00555902542,4,N, , ,N,N,N
00026248,13,2026,1358765,00555902658,4,N, , ,N,N,N
00026248,13,2026,1359030,00555902742,4,N, , ,N,N,N
00026248,13,2026,1359025,00555902858,4,N, , ,N,N,N
00026248,13,2026,1359135,00555903270,4,N, , ,N,N,N
00026248,13,2026,1095362,00555903458,4,N, , ,N,N,N
00026248,13,2026,753482,00555904358,4,N, , ,N,N,N
00026248,13,2026,750268,00555904558,4,N, , ,N,N,N
00026248,13,2026,762001,00555905058,4,N, , ,N,N,N
00026248,13,2026,762334,00555905167,4,N, , ,N,N,N
00026248,13,2026,753483,00555906458,4,N, , ,N,N,N
00026248,13,2026,750267,00555906667,4,N, , ,N,N,N
00026248,13,2026,197411,00574010603,4,N, , ,N,N,N
00026248,13,2026,309371,00574010770,3,N, , ,N,N,N
00026248,13,2026,977880,00574029201,2,N, , ,N,N,N
00026248,13,2026,582926,00574061105,4,N, , ,N,N,N
00026248,13,2026,261178,00574200802,4,N, , ,N,N,N
00026248,13,2026,197877,00574204230,4,Y,60,30,Y,N,N
00026248,13,2026,198300,00574220145,4,Y,45,30,Y,N,N
00026248,13,2026,106303,00574220545,4,Y,45,30,Y,N,N
00026248,13,2026,313450,00574230145,4,Y,45,30,Y,N,N
00026248,13,2026,313451,00574232545,4,Y,45,30,Y,N,N
00026248,13,2026,308508,00574402235,4,N, , ,N,N,N
00026248,13,2026,309683,00574403105,3,N, , ,N,N,N
00026248,13,2026,284254,00574722612,4,N, , ,N,N,N
00026248,13,2026,308725,00591283201,5,N, , ,Y,N,N
00026248,13,2026,1596780,00591292102,4,Y,300,30,Y,N,N
00026248,13,2026,312025,00591313760,4,N, , ,N,N,N
00026248,13,2026,198041,00591313830,4,N, , ,N,N,N
00026248,13,2026,1597123,00591321630,4,Y,225,30,Y,N,N
00026248,13,2026,998671,00591350804,4,N, , ,N,N,N
00026248,13,2026,998675,00591350904,4,N, , ,N,N,N
00026248,13,2026,998679,00591351004,4,N, , ,N,N,N
00026248,13,2026,1801289,00591354360,3,N, , ,N,N,N
00026248,13,2026,199521,00591385101,5,Y,180,30,N,N,N
00026248,13,2026,996572,00591390087,4,N, , ,Y,N,N
00026248,13,2026,1245262,00591439096,5,Y,120,30,Y,N,N
00026248,13,2026,312615,00591544305,2,N, , ,N,N,N
00026248,13,2026,197365,00591571301,4,N, , ,N,N,N
00026248,13,2026,197366,00591571401,4,N, , ,N,N,N
00026248,13,2026,197363,00591571501,4,N, , ,N,N,N
00026248,13,2026,197364,00591571630,4,N, , ,N,N,N
00026248,13,2026,603378,00597000302,5,Y,120,30,N,N,N
00026248,13,2026,1190225,00597002402,4,Y,8,30,N,N,N
00026248,13,2026,1552004,00597010061,3,Y,4,30,N,N,N
00026248,13,2026,1430453,00597013730,5,Y,30,30,Y,N,N
00026248,13,2026,1430457,00597013830,5,Y,30,30,Y,N,N
00026248,13,2026,1100706,00597014030,3,Y,30,30,N,N,N
00026248,13,2026,1430449,00597014130,5,Y,30,30,Y,N,N
00026248,13,2026,1592748,00597014360,5,Y,60,30,Y,N,N
00026248,13,2026,1592752,00597014560,5,Y,60,30,Y,N,N
00026248,13,2026,1243033,00597014660,3,Y,60,30,N,N,N
00026248,13,2026,1243026,00597014860,3,Y,60,30,N,N,N
00026248,13,2026,1545664,00597015230,3,Y,30,30,N,N,Y
00026248,13,2026,1545668,00597015330,3,Y,30,30,N,N,Y
00026248,13,2026,1651275,00597015561,3,Y,4,30,N,N,N
00026248,13,2026,1664321,00597015960,3,Y,60,30,N,N,N
00026248,13,2026,1667882,00597016061,3,Y,4,30,N,N,N
00026248,13,2026,1602120,00597016430,4,Y,30,30,N,N,N
00026248,13,2026,1665369,00597016860,3,Y,60,30,N,N,N
00026248,13,2026,1664328,00597017560,3,Y,60,30,N,N,N
00026248,13,2026,1664325,00597018060,3,Y,60,30,N,N,N
00026248,13,2026,1602115,00597018230,4,Y,30,30,N,N,N
00026248,13,2026,1796091,00597027073,3,Y,60,30,N,N,N
00026248,13,2026,1796096,00597027533,3,Y,30,30,N,N,N
00026248,13,2026,1862688,00597028073,3,Y,60,30,N,N,N
00026248,13,2026,1862701,00597029074,3,Y,60,30,N,N,N
00026248,13,2026,1862697,00597029588,3,Y,30,30,N,N,N
00026248,13,2026,1862692,00597030045,3,Y,60,30,N,N,N
00026248,13,2026,2721615,00597925786,5,Y,180,60,Y,N,N
00026248,13,2026,991082,00603116158,4,N, , ,Y,N,N
00026248,13,2026,762675,00603459315,2,N, , ,N,N,N
00026248,13,2026,198078,00603506221,4,N, , ,Y,N,N
00026248,13,2026,763181,00603533715,2,N, , ,N,N,N
00026248,13,2026,763179,00603533731,2,N, , ,N,N,N
00026248,13,2026,763185,00603533815,2,N, , ,N,N,N
00026248,13,2026,763183,00603533831,2,N, , ,N,N,N
00026248,13,2026,856448,00603548232,2,N, , ,N,N,N
00026248,13,2026,856457,00603548332,2,N, , ,N,N,N
00026248,13,2026,856519,00603548421,2,N, , ,N,N,N
00026248,13,2026,856578,00603548628,2,N, , ,N,N,N
00026248,13,2026,1727569,00641600810,4,N, , ,N,N,N
00026248,13,2026,1659598,00641611710,4,N, , ,N,N,N
00026248,13,2026,312068,00641617410,4,N, , ,Y,N,N
00026248,13,2026,314152,00641617701,4,N, , ,Y,N,N
00026248,13,2026,198159,00713013512,4,N, , ,N,N,N
00026248,13,2026,308865,00713031853,3,Y,120,30,N,N,N
00026248,13,2026,197407,00713032637,3,Y,135,30,N,N,N
00026248,13,2026,197409,00713032737,3,Y,135,30,N,N,N
00026248,13,2026,562847,00713035281,5,N, , ,N,N,N
00026248,13,2026,1114466,00713056431,4,N, , ,N,N,N
00026248,13,2026,1801283,00713066460,4,Y,120,30,N,N,N
00026248,13,2026,310465,00713068215,3,N, , ,N,N,N
00026248,13,2026,197735,00713068315,4,N, , ,N,N,N
00026248,13,2026,308047,00781106110,2,Y,120,30,N,N,N
00026248,13,2026,308048,00781107710,2,Y,120,30,N,N,N
00026248,13,2026,197321,00781107905,2,Y,120,30,N,N,N
00026248,13,2026,197322,00781108901,2,Y,150,30,N,N,N
00026248,13,2026,562251,00781187431,4,N, , ,N,N,N
00026248,13,2026,313190,00781210201,4,N, , ,Y,N,N
00026248,13,2026,198377,00781210301,4,N, , ,Y,N,N
00026248,13,2026,198378,00781210401,4,N, , ,Y,N,N
00026248,13,2026,308212,00781214501,2,N, , ,N,N,N
00026248,13,2026,1592279,00781215832,5,Y,270,30,Y,N,N
00026248,13,2026,403811,00781232368,4,N, , ,Y,N,N
00026248,13,2026,308191,00781261305,2,N, , ,N,N,N
00026248,13,2026,199119,00781285931,2,Y,30,30,N,N,N
00026248,13,2026,864110,00781300107,5,N, , ,Y,N,N
00026248,13,2026,854302,00781300407,5,N, , ,Y,N,N
00026248,13,2026,309092,00781320695,4,N, , ,N,N,N
00026248,13,2026,1654630,00781323434,5,Y,30,30,Y,N,N
00026248,13,2026,854235,00781324664,4,Y,12,90,N,N,N
00026248,13,2026,2000007,00781325089,5,Y,12,28,Y,N,N
00026248,13,2026,1361615,00781354525,3,N, , ,N,N,N
00026248,13,2026,545835,00781400332,4,Y,2,28,Y,N,N
00026248,13,2026,645884,00781400436,5,N, , ,Y,N,N
00026248,13,2026,991332,00781402753,4,N, , ,Y,N,N
00026248,13,2026,991053,00781402822,4,N, , ,Y,N,N
00026248,13,2026,310600,00781551501,4,N, , ,N,N,N
00026248,13,2026,240741,00781602246,4,N, , ,N,N,N
00026248,13,2026,309322,00781602346,4,N, , ,N,N,N
00026248,13,2026,617423,00781610246,3,N, , ,N,N,N
00026248,13,2026,617993,00781613954,3,N, , ,N,N,N
00026248,13,2026,198322,00781802801,4,N, , ,Y,N,N
00026248,13,2026,749783,00781808926,2,N, , ,N,N,N
00026248,13,2026,749780,00781809003,2,N, , ,N,N,N
00026248,13,2026,584414,00832046560,4,N, , ,N,N,N
00026248,13,2026,310261,00832059530,4,N, , ,N,N,N
00026248,13,2026,855292,00832121100,1,N, , ,N,N,N
00026248,13,2026,855306,00832121200,1,N, , ,N,N,N
00026248,13,2026,855316,00832121300,1,N, , ,N,N,N
00026248,13,2026,855322,00832121400,1,N, , ,N,N,N
00026248,13,2026,855328,00832121500,1,N, , ,N,N,N
00026248,13,2026,855336,00832121610,1,N, , ,N,N,N
00026248,13,2026,855342,00832121700,1,N, , ,N,N,N
00026248,13,2026,855348,00832121800,1,N, , ,N,N,N
00026248,13,2026,855300,00832121900,1,N, , ,N,N,N
00026248,13,2026,310670,00832151011,3,N, , ,Y,N,N
00026248,13,2026,310671,00832152011,3,N, , ,Y,N,N
00026248,13,2026,314034,00832153011,3,N, , ,Y,N,N
00026248,13,2026,310672,00832154011,3,N, , ,Y,N,N
00026248,13,2026,1801298,00832532410,2,N, , ,N,N,N
00026248,13,2026,1801294,00832532510,2,N, , ,N,N,N
00026248,13,2026,991336,00832601900,4,N, , ,Y,N,N
00026248,13,2026,991044,00832602000,4,N, , ,Y,N,N
00026248,13,2026,991188,00832602100,4,N, , ,Y,N,N
00026248,13,2026,896758,00904745161,2,N, , ,N,N,N
00026248,13,2026,197550,10019098401,3,N, , ,Y,N,N
00026248,13,2026,2102717,10094020560,4,Y,240,30,Y,N,N
00026248,13,2026,2102713,10094021060,5,Y,60,30,Y,N,N
00026248,13,2026,2102715,10094022060,5,Y,60,30,Y,N,N
00026248,13,2026,2059228,10122050201,5,N, , ,Y,N,N
00026248,13,2026,199148,10135060571,3,Y,960,30,N,N,N
00026248,13,2026,2107621,10144034260,5,Y,300,30,Y,N,N
00026248,13,2026,199159,10370026801,5,N, , ,Y,N,N
00026248,13,2026,966920,10572010001,2,N, , ,N,N,N
00026248,13,2026,1540356,10631040701,2,Y,454,30,N,N,N
00026248,13,2026,992475,10702000401,4,N, , ,N,N,N
00026248,13,2026,2101899,10702003645,3,N, , ,N,N,N
00026248,13,2026,1049683,10702005601,3,Y,180,30,N,N,N
00026248,13,2026,899557,10702010601,4,Y,60,30,Y,N,N
00026248,13,2026,899518,10702010701,4,Y,60,30,Y,N,N
00026248,13,2026,899548,10702010801,4,Y,60,30,Y,N,N
00026248,13,2026,1049635,10702018401,4,Y,360,30,N,N,N
00026248,13,2026,2639727,12496000302,4,N, , ,N,N,N
00026248,13,2026,2055676,12496009001,5,Y,1,28,N,N,N
00026248,13,2026,2055672,12496012001,5,Y,1,28,N,N,N
00026248,13,2026,476809,13107000130,2,Y,30,30,N,N,N
00026248,13,2026,314111,13107000334,2,Y,30,30,N,N,N
00026248,13,2026,311725,13107003134,2,Y,45,30,N,N,N
00026248,13,2026,311726,13107003234,2,Y,30,30,N,N,N
00026248,13,2026,884386,13107003501,4,Y,90,30,N,N,N
00026248,13,2026,884385,13107003601,4,Y,180,30,N,N,N
00026248,13,2026,993770,13107005801,3,Y,360,30,N,N,N
00026248,13,2026,993781,13107005999,3,Y,360,30,N,N,N
00026248,13,2026,197466,13107032001,4,Y,360,30,Y,N,N
00026248,13,2026,197593,13517010030,4,N, , ,N,N,N
00026248,13,2026,1661220,13533070501,5,N, , ,Y,N,N
00026248,13,2026,1809580,13533080012,5,N, , ,Y,N,N
00026248,13,2026,283672,13668000905,1,Y,45,30,N,N,N
00026248,13,2026,200371,13668001005,1,Y,45,30,N,N,N
00026248,13,2026,309314,13668001105,1,Y,30,30,N,N,N
00026248,13,2026,859033,13668009190,2,N, , ,N,N,N
00026248,13,2026,859040,13668009290,2,N, , ,N,N,N
00026248,13,2026,859044,13668009390,2,N, , ,N,N,N
00026248,13,2026,859052,13668009490,2,N, , ,N,N,N
00026248,13,2026,859048,13668009590,2,N, , ,N,N,N
00026248,13,2026,317110,13668010401,2,N, , ,N,N,N
00026248,13,2026,311196,13668010601,2,N, , ,N,N,N
00026248,13,2026,402698,13668013201,3,N, , ,N,N,N
00026248,13,2026,402696,13668013301,2,N, , ,N,N,N
00026248,13,2026,402695,13668013401,2,N, , ,N,N,N
00026248,13,2026,858625,13668018490,2,N, , ,N,N,N
00026248,13,2026,402131,13668021730,4,Y,45,30,Y,N,N
00026248,13,2026,597850,13668045301,3,N, , ,N,N,N
00026248,13,2026,597852,13668046201,4,N, , ,N,N,N
00026248,13,2026,197985,13668048201,2,N, , ,N,N,N
00026248,13,2026,314108,13668048301,2,N, , ,N,N,N
00026248,13,2026,197984,13668048450,2,N, , ,N,N,N
00026248,13,2026,598006,13668060601,4,N, , ,N,N,N
00026248,13,2026,197650,13668060701,4,N, , ,N,N,N
00026248,13,2026,861601,13925051510,4,N, , ,N,N,N
00026248,13,2026,861597,13925052201,4,N, , ,Y,N,N
00026248,13,2026,615882,15054104005,5,N, , ,N,N,N
00026248,13,2026,2697164,15370040130,5,Y,30,30,Y,N,N
00026248,13,2026,2697167,15370040230,5,Y,90,30,Y,N,N
00026248,13,2026,2697170,15370040330,5,Y,90,30,Y,N,N
00026248,13,2026,855926,16571020150,2,Y,60,30,N,N,N
00026248,13,2026,855906,16571020210,2,Y,120,30,N,N,N
00026248,13,2026,855664,16571020310,3,Y,240,30,N,N,N
00026248,13,2026,199164,16571066801,4,N, , ,N,N,N
00026248,13,2026,198086,16571067101,4,N, , ,N,N,N
00026248,13,2026,389201,16571080901,4,Y,150,30,Y,N,N
00026248,13,2026,1095227,16714034004,4,N, , ,N,N,N
00026248,13,2026,1304988,16714035904,4,N, , ,N,N,N
00026248,13,2026,1661092,16714036603,4,N, , ,N,N,N
00026248,13,2026,309079,16714040202,4,N, , ,N,N,N
00026248,13,2026,1438778,16714040404,4,N, , ,N,N,N
00026248,13,2026,1440937,16714040504,4,N, , ,N,N,N
00026248,13,2026,1440183,16714040604,4,N, , ,N,N,N
00026248,13,2026,1537209,16714040703,4,N, , ,N,N,N
00026248,13,2026,1487086,16714040803,4,N, , ,N,N,N
00026248,13,2026,1539953,16714044004,3,N, , ,N,N,N
00026248,13,2026,1539955,16714044104,3,N, , ,N,N,N
00026248,13,2026,1605086,16714046404,4,N, , ,N,N,N
00026248,13,2026,308714,16714049602,3,N, , ,N,N,N
00026248,13,2026,310431,16714066202,3,Y,360,30,N,N,N
00026248,13,2026,199247,16729000316,1,Y,60,30,N,N,N
00026248,13,2026,314231,16729000417,1,Y,45,30,N,N,N
00026248,13,2026,312961,16729000517,1,Y,60,30,N,N,N
00026248,13,2026,198211,16729000617,1,Y,45,30,N,N,N
00026248,13,2026,199123,16729002310,3,N, , ,N,N,N
00026248,13,2026,199224,16729003510,2,N, , ,N,N,N
00026248,13,2026,310346,16729009016,2,Y,30,30,N,N,N
00026248,13,2026,199058,16729009401,3,N, , ,Y,N,N
00026248,13,2026,197319,16729013416,2,N, , ,N,N,N
00026248,13,2026,197320,16729013516,2,N, , ,N,N,N
00026248,13,2026,197527,16729013616,2,Y,120,30,N,N,N
00026248,13,2026,197528,16729013716,2,Y,120,30,N,N,N
00026248,13,2026,197529,16729013816,2,Y,300,30,N,N,N
00026248,13,2026,856773,16729017601,3,N, , ,N,N,N
00026248,13,2026,429503,16729018201,1,N, , ,N,N,N
00026248,13,2026,310798,16729018317,1,N, , ,N,N,N
00026248,13,2026,485023,16729018929,4,N, , ,Y,N,N
00026248,13,2026,485020,16729026129,4,N, , ,Y,N,N
00026248,13,2026,855812,16729027310,4,N, , ,N,N,N
00026248,13,2026,863628,16729031901,3,Y,60,30,N,N,N
00026248,13,2026,349405,16729032215,2,Y,30,30,N,N,N
00026248,13,2026,1235247,16729034610,4,Y,30,30,Y,N,N
00026248,13,2026,1040031,16729034710,4,Y,30,30,Y,N,N
00026248,13,2026,1297278,16729035010,4,Y,30,30,Y,N,N
00026248,13,2026,1086772,16729035210,4,Y,30,30,N,N,N
00026248,13,2026,1373483,16729041604,4,Y,60,30,Y,N,N
00026248,13,2026,313189,16729042110,4,N, , ,Y,N,N
00026248,13,2026,105585,16729048601,2,N, , ,N,N,N
00026248,13,2026,2123072,17270074000,3,Y,17,30,N,N,N
00026248,13,2026,1597129,21922001902,4,Y,300,30,Y,N,N
00026248,13,2026,106387,21922002107,3,N, , ,N,N,N
00026248,13,2026,203088,21922002507,3,N, , ,N,N,N
00026248,13,2026,2676585,21922002707,4,N, , ,N,N,N
00026248,13,2026,309291,21922005351,4,Y,6.6,30,N,N,N
00026248,13,2026,897683,23155002601,2,N, , ,N,N,N
00026248,13,2026,312059,23155005101,4,N, , ,N,N,N
00026248,13,2026,311918,23155005419,3,Y,18,30,N,N,N
00026248,13,2026,314135,23155005519,3,Y,18,30,N,N,N
00026248,13,2026,310537,23155005810,2,Y,120,30,N,N,N
00026248,13,2026,897722,23155005901,2,N, , ,N,N,N
00026248,13,2026,197942,23155007001,2,N, , ,N,N,N
00026248,13,2026,197941,23155007101,2,N, , ,N,N,N
00026248,13,2026,1652673,23155013301,3,N, , ,N,N,N
00026248,13,2026,1649429,23155013401,3,N, , ,N,N,N
00026248,13,2026,1650142,23155013525,3,N, , ,N,N,N
00026248,13,2026,1723156,23155029041,4,N, , ,N,N,N
00026248,13,2026,1719286,23155047344,4,N, , ,N,N,N
00026248,13,2026,897666,23155048601,2,N, , ,N,N,N
00026248,13,2026,833008,23155049001,3,N, , ,N,N,N
00026248,13,2026,995258,23155050105,4,N, , ,Y,N,N
00026248,13,2026,995281,23155050201,4,N, , ,Y,N,N
00026248,13,2026,197682,23155053201,3,N, , ,N,N,N
00026248,13,2026,197738,23155060601,3,N, , ,N,N,N
00026248,13,2026,197739,23155060701,3,N, , ,N,N,N
00026248,13,2026,858804,23155070401,2,N, , ,N,N,N
00026248,13,2026,858817,23155077201,2,N, , ,N,N,N
00026248,13,2026,313571,23155085978,4,Y,240,30,N,N,N
00026248,13,2026,197703,23155086101,4,N, , ,Y,N,N
00026248,13,2026,310878,23155092681,4,N, , ,N,N,N
00026248,13,2026,2672379,23594015030,5,Y,30,30,N,N,N
00026248,13,2026,2732203,23594015032,5,Y,30,30,N,N,N
00026248,13,2026,2672385,23594015130,5,Y,30,30,N,N,N
00026248,13,2026,2672391,23594015230,5,Y,30,30,N,N,N
00026248,13,2026,2672397,23594015330,5,Y,30,30,N,N,N
00026248,13,2026,1012021,24208031705,2,N, , ,N,N,N
00026248,13,2026,849506,24208034205,4,N, , ,N,N,N
00026248,13,2026,1797863,24208034425,3,Y,75,30,N,N,N
00026248,13,2026,2637556,24208037705,3,Y,3,30,Y,N,N
00026248,13,2026,1797833,24208039830,2,Y,60,30,N,N,N
00026248,13,2026,1797844,24208039915,2,Y,45,30,N,N,N
00026248,13,2026,854801,24208045705,2,N, , ,N,N,N
00026248,13,2026,310015,24208048510,2,N, , ,N,N,N
00026248,13,2026,1150836,24208050505,2,N, , ,N,N,N
00026248,13,2026,308511,24208055555,2,N, , ,N,N,N
00026248,13,2026,204423,24208063110,4,N, , ,N,N,N
00026248,13,2026,310687,24208063562,4,N, , ,N,N,N
00026248,13,2026,1006120,24208067004,3,N, , ,N,N,N
00026248,13,2026,314165,24208071510,3,N, , ,N,N,N
00026248,13,2026,226343,24208072002,3,N, , ,N,N,N
00026248,13,2026,308493,24208078055,3,N, , ,N,N,N
00026248,13,2026,1116150,24208078555,4,N, , ,N,N,N
00026248,13,2026,310594,24208079062,3,N, , ,N,N,N
00026248,13,2026,309679,24208079535,2,N, , ,N,N,N
00026248,13,2026,309680,24208083060,2,N, , ,N,N,N
00026248,13,2026,310149,24208091055,2,N, , ,N,N,N
00026248,13,2026,2684851,24338001801,5,N, , ,Y,N,N
00026248,13,2026,2698570,24338015401,5,Y,112,28,Y,N,N
00026248,13,2026,2698574,24338015501,5,Y,112,28,Y,N,N
00026248,13,2026,1425339,24338085103,4,Y,90,30,N,N,N
00026248,13,2026,1425337,24338085303,4,Y,180,30,N,N,N
00026248,13,2026,1293504,24470091710,3,N, , ,N,N,N
00026248,13,2026,1373491,24979012804,4,Y,60,30,Y,N,N
00026248,13,2026,862013,24979053401,4,Y,30,30,N,N,N
00026248,13,2026,1665102,25021010910,4,N, , ,N,N,N
00026248,13,2026,1737244,25021011502,4,N, , ,N,N,N
00026248,13,2026,1737578,25021011504,4,N, , ,N,N,N
00026248,13,2026,1737581,25021011506,4,N, , ,N,N,N
00026248,13,2026,1659287,25021012850,4,N, , ,N,N,N
00026248,13,2026,242800,25021012999,4,N, , ,N,N,N
00026248,13,2026,311683,25021013182,4,N, , ,N,N,N
00026248,13,2026,1721315,25021018482,4,N, , ,N,N,N
00026248,13,2026,1721314,25021018487,4,N, , ,N,N,N
00026248,13,2026,1361226,25021040010,3,N, , ,N,N,N
00026248,13,2026,859871,25021083405,4,N, , ,Y,N,N
00026248,13,2026,351246,27241001531,4,N, , ,N,N,N
00026248,13,2026,317094,27241004910,4,N, , ,N,N,N
00026248,13,2026,349435,27241006203,4,N, , ,Y,N,N
00026248,13,2026,349434,27241006303,4,N, , ,Y,N,N
00026248,13,2026,596934,27241009990,3,Y,60,30,N,N,N
00026248,13,2026,349287,27241011703,3,Y,30,30,N,N,N
00026248,13,2026,310288,27241011904,3,Y,30,30,N,N,N
00026248,13,2026,310289,27241012004,3,Y,30,30,N,N,N
00026248,13,2026,577033,27241012403,3,Y,90,30,Y,N,N
00026248,13,2026,616749,27241012502,4,Y,60,30,N,N,N
00026248,13,2026,728231,27241012602,4,Y,60,30,N,N,N
00026248,13,2026,863559,27241015919,5,N, , ,N,N,N
00026248,13,2026,855182,27241019130,4,Y,30,30,N,N,N
00026248,13,2026,855189,27241019230,4,Y,30,30,N,N,N
00026248,13,2026,1649988,27808023302,3,N, , ,N,N,N
00026248,13,2026,483438,27808023701,3,Y,90,30,N,N,N
00026248,13,2026,314234,29033000305,2,N, , ,N,N,N
00026248,13,2026,282401,29300011101,2,N, , ,N,N,N
00026248,13,2026,198427,29300011201,2,N, , ,N,N,N
00026248,13,2026,198428,29300011316,2,N, , ,N,N,N
00026248,13,2026,198429,29300011416,2,N, , ,N,N,N
00026248,13,2026,311486,29300012410,1,Y,60,30,N,N,N
00026248,13,2026,152695,29300012510,1,Y,30,30,N,N,N
00026248,13,2026,854905,29300012601,2,N, , ,N,N,N
00026248,13,2026,854901,29300012701,2,N, , ,N,N,N
00026248,13,2026,884185,29300013601,2,N, , ,N,N,N
00026248,13,2026,1099625,29300013805,2,N, , ,N,N,N
00026248,13,2026,1099678,29300013905,2,N, , ,N,N,N
00026248,13,2026,1099870,29300014005,2,N, , ,N,N,N
00026248,13,2026,996571,29300017116,3,N, , ,Y,N,N
00026248,13,2026,854916,29300018701,2,N, , ,N,N,N
00026248,13,2026,854919,29300018801,2,N, , ,N,N,N
00026248,13,2026,854908,29300018901,2,N, , ,N,N,N
00026248,13,2026,856834,29300042010,3,N, , ,N,N,N
00026248,13,2026,856845,29300042110,3,N, , ,N,N,N
00026248,13,2026,856853,29300042201,3,N, , ,N,N,N
00026248,13,2026,856762,29300042301,3,N, , ,N,N,N
00026248,13,2026,201708,30698003201,4,N, , ,N,N,N
00026248,13,2026,2699618,30698045501,4,Y,1200,30,N,N,N
00026248,13,2026,248420,31722000530,4,N, , ,N,N,N
00026248,13,2026,1120068,31722009817,4,N, , ,N,N,N
00026248,13,2026,596926,31722016860,3,Y,60,30,N,N,N
00026248,13,2026,2058980,31722030032,5,N, , ,Y,N,N
00026248,13,2026,1859498,31722030132,5,N, , ,Y,N,N
00026248,13,2026,1658221,31722039431,4,N, , ,N,N,N
00026248,13,2026,199422,31722050560,3,Y,60,30,N,N,N
00026248,13,2026,200082,31722050660,4,Y,60,30,N,N,N
00026248,13,2026,199663,31722050960,3,Y,60,30,N,N,N
00026248,13,2026,905199,31722051901,2,N, , ,N,N,N
00026248,13,2026,905225,31722052001,2,N, , ,N,N,N
00026248,13,2026,905395,31722052101,2,N, , ,N,N,N
00026248,13,2026,905222,31722052201,2,N, , ,N,N,N
00026248,13,2026,198372,31722052901,2,N, , ,N,N,N
00026248,13,2026,198371,31722053101,2,N, , ,N,N,N
00026248,13,2026,311288,31722053612,2,N, , ,N,N,N
00026248,13,2026,311289,31722053705,2,N, , ,N,N,N
00026248,13,2026,311290,31722053812,2,N, , ,N,N,N
00026248,13,2026,387003,31722053960,2,N, , ,N,N,N
00026248,13,2026,197889,31722054501,2,N, , ,N,N,N
00026248,13,2026,855172,31722055190,2,N, , ,N,N,N
00026248,13,2026,597730,31722055612,4,Y,120,30,N,N,N
00026248,13,2026,242679,31722055760,4,Y,60,30,N,N,N
00026248,13,2026,309313,31722056424,3,Y,600,30,N,N,N
00026248,13,2026,403884,31722057447,3,N, , ,N,N,N
00026248,13,2026,728223,31722057960,5,Y,60,30,N,N,N
00026248,13,2026,728225,31722058060,5,Y,120,30,N,N,N
00026248,13,2026,746645,31722060360,4,Y,300,30,N,N,N
00026248,13,2026,1037179,31722062160,4,Y,60,30,N,N,N
00026248,13,2026,1037045,31722062260,4,Y,60,30,N,N,N
00026248,13,2026,1091839,31722062330,4,Y,30,30,Y,N,N
00026248,13,2026,308429,31722062921,4,Y,600,30,Y,N,N
00026248,13,2026,313565,31722070430,3,N, , ,N,N,N
00026248,13,2026,313564,31722070530,3,N, , ,N,N,N
00026248,13,2026,314200,31722071390,2,Y,60,30,N,N,N
00026248,13,2026,311759,31722072790,2,N, , ,N,N,N
00026248,13,2026,242438,31722072890,2,N, , ,N,N,N
00026248,13,2026,200095,31722073090,2,Y,30,30,N,N,N
00026248,13,2026,197311,31722077701,2,N, , ,N,N,N
00026248,13,2026,197313,31722077801,2,N, , ,N,N,N
00026248,13,2026,809992,31722081460,4,N, , ,N,N,N
00026248,13,2026,809996,31722081560,4,N, , ,N,N,N
00026248,13,2026,313566,31722083260,3,N, , ,N,N,N
00026248,13,2026,1245001,31722084130,5,N, , ,Y,N,N
00026248,13,2026,825421,31722084230,5,N, , ,Y,N,N
00026248,13,2026,825427,31722084330,5,N, , ,Y,N,N
00026248,13,2026,884617,31722084430,5,N, , ,Y,N,N
00026248,13,2026,311345,31722086525,5,N, , ,Y,N,N
00026248,13,2026,859419,31722088530,2,Y,30,30,N,N,N
00026248,13,2026,197541,31722089901,4,N, , ,N,N,N
00026248,13,2026,197635,31722096060,4,N, , ,Y,N,N
00026248,13,2026,197636,31722096160,4,N, , ,Y,N,N
00026248,13,2026,197634,31722096260,4,N, , ,Y,N,N
00026248,13,2026,199192,33342002407,3,N, , ,N,N,N
00026248,13,2026,199193,33342002507,3,N, , ,N,N,N
00026248,13,2026,198382,33342002607,3,N, , ,N,N,N
00026248,13,2026,997226,33342002907,2,N, , ,N,N,N
00026248,13,2026,997220,33342003007,2,N, , ,N,N,N
00026248,13,2026,200094,33342004710,2,Y,30,30,N,N,N
00026248,13,2026,200096,33342004910,2,Y,30,30,N,N,N
00026248,13,2026,312078,33342006807,3,Y,45,30,Y,N,N
00026248,13,2026,283639,33342007207,3,Y,30,30,Y,N,N
00026248,13,2026,314155,33342008307,4,Y,30,30,Y,N,N
00026248,13,2026,312076,33342008407,4,Y,30,30,Y,N,N
00026248,13,2026,351107,33342008507,4,Y,30,30,Y,N,N
00026248,13,2026,351108,33342008607,4,Y,30,30,Y,N,N
00026248,13,2026,314214,33342008909,4,N, , ,N,N,N
00026248,13,2026,312835,33342009009,4,N, , ,N,N,N
00026248,13,2026,312836,33342009209,4,N, , ,N,N,N
00026248,13,2026,312839,33342009341,4,Y,18,30,N,N,N
00026248,13,2026,312837,33342009441,4,Y,18,30,N,N,N
00026248,13,2026,349251,33342009607,4,Y,30,30,N,N,N
00026248,13,2026,153822,33342011407,3,Y,60,30,N,N,N
00026248,13,2026,153823,33342011507,3,Y,60,30,N,N,N
00026248,13,2026,577776,33342011607,3,Y,60,30,N,N,N
00026248,13,2026,639537,33342011707,3,Y,30,30,N,N,N
00026248,13,2026,1095712,33342023807,4,Y,30,30,N,N,N
00026248,13,2026,996561,33342029815,3,N, , ,Y,N,N
00026248,13,2026,313072,35573010813,4,N, , ,N,N,N
00026248,13,2026,313115,39822070602,5,N, , ,N,N,N
00026248,13,2026,239240,39822105505,4,N, , ,Y,N,N
00026248,13,2026,283523,42192060816,4,Y,2160,30,N,N,N
00026248,13,2026,749157,42291056584,4,N, , ,N,N,N
00026248,13,2026,2467588,42358045030,5,Y,120,30,Y,N,N
00026248,13,2026,2467592,42358047530,5,Y,120,30,Y,N,N
00026248,13,2026,864661,42385092830,5,Y,30,30,N,N,N
00026248,13,2026,2001424,42385092931,5,Y,30,30,N,N,N
00026248,13,2026,1363408,42388001114,5,Y,112,28,Y,N,N
00026248,13,2026,1363410,42388001214,5,Y,56,28,Y,N,N
00026248,13,2026,1364581,42388001314,5,Y,84,28,Y,N,N
00026248,13,2026,1790175,42388002326,5,Y,30,30,Y,N,N
00026248,13,2026,1790167,42388002426,5,Y,30,30,Y,N,N
00026248,13,2026,1790171,42388002526,5,Y,30,30,Y,N,N
00026248,13,2026,313570,42494045020,4,Y,120,30,N,N,N
00026248,13,2026,1300783,42515000201,1,N, , ,N,N,N
00026248,13,2026,898490,42543040801,4,N, , ,N,N,N
00026248,13,2026,831261,42571013252,4,N, , ,N,N,N
00026248,13,2026,608328,42571022130,4,N, , ,N,N,N
00026248,13,2026,309329,42571025001,2,N, , ,N,N,N
00026248,13,2026,199450,42571031501,4,Y,60,30,Y,N,N
00026248,13,2026,246172,42571031601,4,Y,60,30,Y,N,N
00026248,13,2026,1085745,42571038519,3,Y,120,30,N,N,N
00026248,13,2026,881341,42794000308,4,N, , ,N,N,N
00026248,13,2026,905172,42794000402,4,N, , ,N,N,N
00026248,13,2026,905168,42794000702,4,N, , ,N,N,N
00026248,13,2026,903456,42794001812,3,N, , ,N,N,N
00026248,13,2026,903697,42794001912,3,N, , ,N,N,N
00026248,13,2026,903703,42794002012,3,N, , ,N,N,N
00026248,13,2026,199689,42794008008,4,N, , ,N,N,N
00026248,13,2026,894859,42794008108,4,N, , ,N,N,N
00026248,13,2026,199690,42794008308,4,N, , ,N,N,N
00026248,13,2026,2723585,42794013112,3,N, , ,N,N,N
00026248,13,2026,2723581,42794013212,3,N, , ,N,N,N
00026248,13,2026,2723583,42794013312,3,N, , ,N,N,N
00026248,13,2026,199519,42799020801,4,N, , ,N,N,N
00026248,13,2026,311207,42799080601,3,N, , ,Y,N,N
00026248,13,2026,198239,42806001101,2,Y,60,30,N,N,N
00026248,13,2026,198238,42806001801,2,Y,60,30,N,N,N
00026248,13,2026,308136,42806005509,1,N, , ,N,N,N
00026248,13,2026,1922765,42806012101,2,N, , ,N,N,N
00026248,13,2026,1922720,42806012201,2,N, , ,N,N,N
00026248,13,2026,308459,42806014731,3,N, , ,N,N,N
00026248,13,2026,1650143,42806031250,3,N, , ,N,N,N
00026248,13,2026,1298910,42806033601,4,N, , ,Y,N,N
00026248,13,2026,1298816,42806033701,4,N, , ,Y,N,N
00026248,13,2026,1298906,42806033801,4,N, , ,Y,N,N
00026248,13,2026,259966,42806040001,2,N, , ,N,N,N
00026248,13,2026,993518,42806042501,3,Y,60,30,N,N,N
00026248,13,2026,852913,42806051230,4,N, , ,N,N,N
00026248,13,2026,852877,42806051330,4,N, , ,N,N,N
00026248,13,2026,351172,42806054909,4,Y,30,30,N,N,N
00026248,13,2026,198228,42806075760,5,N, , ,N,N,N
00026248,13,2026,1049686,42858000401,3,Y,180,30,N,N,N
00026248,13,2026,891881,42858080101,3,Y,90,30,Y,N,N
00026248,13,2026,891888,42858080201,3,Y,90,30,Y,N,N
00026248,13,2026,891893,42858080301,3,Y,90,30,Y,N,N
00026248,13,2026,891874,42858080401,4,Y,90,30,Y,N,N
00026248,13,2026,892646,42858080501,4,Y,90,30,Y,N,N
00026248,13,2026,848726,43068010102,5,Y,60,30,Y,N,N
00026248,13,2026,848738,43068010202,5,Y,60,30,Y,N,N
00026248,13,2026,848742,43068010402,5,Y,60,30,Y,N,N
00026248,13,2026,848746,43068010602,5,Y,60,30,Y,N,N
00026248,13,2026,848750,43068010802,5,Y,60,30,Y,N,N
00026248,13,2026,848730,43068011002,5,Y,60,30,Y,N,N
00026248,13,2026,848734,43068011202,5,Y,60,30,Y,N,N
00026248,13,2026,848752,43068011304,4,Y,56,28,Y,N,N
00026248,13,2026,2381144,43376032236,5,Y,360,30,Y,N,N
00026248,13,2026,979099,43386005019,2,N, , ,N,N,N
00026248,13,2026,967023,43386006019,2,N, , ,N,N,N
00026248,13,2026,967012,43386009019,2,N, , ,N,N,N
00026248,13,2026,801961,43386028001,4,Y,5,30,N,N,N
00026248,13,2026,801966,43386028101,4,Y,5,30,N,N,N
00026248,13,2026,197702,43386077101,5,N, , ,Y,N,N
00026248,13,2026,1736047,43485010160,4,N, , ,N,N,N
00026248,13,2026,1736050,43485010260,4,N, , ,N,N,N
00026248,13,2026,2050059,43528000301,1,N, , ,Y,N,N
00026248,13,2026,403957,43547004903,4,Y,30,30,Y,N,N
00026248,13,2026,312845,43547026810,2,N, , ,N,N,N
00026248,13,2026,312846,43547026910,2,N, , ,N,N,N
00026248,13,2026,283858,43547027210,2,N, , ,N,N,N
00026248,13,2026,562704,43547027310,2,N, , ,N,N,N
00026248,13,2026,312849,43547027410,2,N, , ,N,N,N
00026248,13,2026,997229,43547027511,2,N, , ,N,N,N
00026248,13,2026,997223,43547027611,2,N, , ,N,N,N
00026248,13,2026,351249,43547028010,2,Y,45,30,N,N,N
00026248,13,2026,349332,43547028111,2,Y,45,30,N,N,N
00026248,13,2026,351250,43547028211,2,Y,30,30,N,N,N
00026248,13,2026,205304,43547028403,3,Y,30,30,N,N,N
00026248,13,2026,205305,43547028503,3,Y,30,30,N,N,N
00026248,13,2026,993503,43547028810,3,Y,90,30,N,N,N
00026248,13,2026,636045,43547031509,2,Y,30,30,N,N,N
00026248,13,2026,898723,43547033510,1,N, , ,N,N,N
00026248,13,2026,898687,43547033610,1,N, , ,N,N,N
00026248,13,2026,898690,43547033750,1,N, , ,N,N,N
00026248,13,2026,898719,43547033850,1,N, , ,N,N,N
00026248,13,2026,312828,43547033906,2,Y,60,30,N,N,N
00026248,13,2026,312829,43547034050,2,Y,60,30,N,N,N
00026248,13,2026,312830,43547034150,2,Y,60,30,N,N,N
00026248,13,2026,312831,43547034250,2,Y,60,30,N,N,N
00026248,13,2026,312832,43547034306,2,Y,60,30,N,N,N
00026248,13,2026,314211,43547034406,2,Y,120,30,N,N,N
00026248,13,2026,197884,43547035611,1,N, , ,N,N,N
00026248,13,2026,857169,43547038609,1,N, , ,N,N,N
00026248,13,2026,857183,43547038709,1,N, , ,N,N,N
00026248,13,2026,857187,43547038809,1,N, , ,N,N,N
00026248,13,2026,403853,43547039109,3,Y,30,30,N,N,N
00026248,13,2026,403854,43547039203,3,Y,30,30,N,N,N
00026248,13,2026,403855,43547039303,3,Y,30,30,N,N,N
00026248,13,2026,197732,43547040350,1,N, , ,N,N,N
00026248,13,2026,312750,43547041009,2,N, , ,N,N,N
00026248,13,2026,312748,43547041109,2,N, , ,N,N,N
00026248,13,2026,312749,43547041209,2,N, , ,N,N,N
00026248,13,2026,314203,43547041309,2,N, , ,N,N,N
00026248,13,2026,312504,43547055350,2,N, , ,N,N,N
00026248,13,2026,313447,43547065510,4,N, , ,N,N,N
00026248,13,2026,312079,43598016530,3,Y,45,30,Y,N,N
00026248,13,2026,314154,43598016630,3,Y,45,30,Y,N,N
00026248,13,2026,208185,43598021055,2,N, , ,N,N,N
00026248,13,2026,805464,43598039467,4,Y,240,30,Y,N,N
00026248,13,2026,199592,43598039567,5,Y,120,30,Y,N,N
00026248,13,2026,198038,43598043501,3,N, , ,N,N,N
00026248,13,2026,597747,43598045804,5,Y,120,30,Y,N,N
00026248,13,2026,849398,43598049401,4,Y,150,30,N,N,N
00026248,13,2026,1428947,43598051421,5,Y,21,28,Y,N,N
00026248,13,2026,1242231,43598051663,5,Y,30,30,Y,N,N
00026248,13,2026,757707,43598057630,4,Y,30,30,Y,N,N
00026248,13,2026,198182,43598067201,5,N, , ,Y,N,N
00026248,13,2026,979092,43598072101,3,N, , ,N,N,N
00026248,13,2026,643022,43598073430,4,Y,60,30,Y,N,N
00026248,13,2026,351223,43598084858,4,Y,60,30,Y,N,N
00026248,13,2026,866103,43975034903,4,Y,30,30,Y,N,N
00026248,13,2026,672567,43975035003,4,Y,30,30,Y,N,N
00026248,13,2026,672569,43975035103,4,Y,60,30,Y,N,N
00026248,13,2026,2477272,44087500006,5,Y,60,30,Y,N,N
00026248,13,2026,239189,44567022301,4,N, , ,N,N,N
00026248,13,2026,1659283,44567023525,4,N, , ,N,N,N
00026248,13,2026,1665107,44567024625,4,N, , ,N,N,N
00026248,13,2026,863538,44567031201,4,N, , ,N,N,N
00026248,13,2026,1665507,44567043624,4,N, , ,N,N,N
00026248,13,2026,1665515,44567043724,4,N, , ,N,N,N
00026248,13,2026,1665052,44567070625,4,N, , ,N,N,N
00026248,13,2026,2534244,45629008901,5,Y,21,28,Y,N,N
00026248,13,2026,2534249,45629013401,5,Y,21,28,Y,N,N
00026248,13,2026,240209,45802002146,4,Y,120,30,N,N,N
00026248,13,2026,318202,45802003846,4,N, , ,N,N,N
00026248,13,2026,238600,45802004064,2,N, , ,N,N,N
00026248,13,2026,1085640,45802004935,2,Y,120,30,N,N,N
00026248,13,2026,1085633,45802005435,2,Y,454,30,N,N,N
00026248,13,2026,1085636,45802005535,2,Y,454,30,N,N,N
00026248,13,2026,543546,45802005911,2,N, , ,N,N,N
00026248,13,2026,1085644,45802006335,2,Y,454,30,N,N,N
00026248,13,2026,1014314,45802006436,2,Y,454,30,N,N,N
00026248,13,2026,1085686,45802006535,2,Y,454,30,N,N,N
00026248,13,2026,310169,45802009735,3,N, , ,N,N,N
00026248,13,2026,238151,45802009851,4,N, , ,N,N,N
00026248,13,2026,151030,45802011846,3,Y,120,30,N,N,N
00026248,13,2026,151029,45802011942,3,Y,135,30,N,N,N
00026248,13,2026,977990,45802012932,4,Y,200,28,N,N,N
00026248,13,2026,977978,45802013132,4,Y,200,28,N,N,N
00026248,13,2026,142046,45802013970,4,N, , ,N,N,N
00026248,13,2026,895487,45802022137,3,Y,120,30,N,N,N
00026248,13,2026,895987,45802022211,3,Y,120,30,N,N,N
00026248,13,2026,311753,45802025735,3,Y,135,30,N,N,N
00026248,13,2026,310982,45802036862,3,N, , ,Y,N,N
00026248,13,2026,309290,45802040046,3,N, , ,N,N,N
00026248,13,2026,197362,45802041926,3,N, , ,N,N,N
00026248,13,2026,106336,45802046564,2,N, , ,N,N,N
00026248,13,2026,543460,45802049326,3,N, , ,N,N,N
00026248,13,2026,309333,45802056202,4,N, , ,N,N,N
00026248,13,2026,314227,45802059806,4,Y,12,30,N,N,N
00026248,13,2026,313159,45802061906,4,Y,12,30,N,N,N
00026248,13,2026,314268,45802070694,4,Y,60,30,Y,N,N
00026248,13,2026,198245,45802071708,4,N, , ,N,N,N
00026248,13,2026,1006688,45802089626,4,N, , ,N,N,N
00026248,13,2026,197785,45802093716,2,Y,118,30,N,N,N
00026248,13,2026,197803,45802095243,2,N, , ,N,N,N
00026248,13,2026,755470,45963043864,2,N, , ,N,N,N
00026248,13,2026,544452,45963043965,2,N, , ,N,N,N
00026248,13,2026,866412,45963067711,2,N, , ,N,N,N
00026248,13,2026,1799654,46287000601,4,N, , ,N,N,N
00026248,13,2026,483090,47335018688,4,N, , ,N,N,N
00026248,13,2026,476399,47335018788,4,N, , ,N,N,N
00026248,13,2026,476515,47335018888,4,N, , ,N,N,N
00026248,13,2026,1659927,47335030383,5,Y,30,30,Y,N,N
00026248,13,2026,1098143,47335061481,4,Y,60,30,N,N,N
00026248,13,2026,2200174,47335061630,4,Y,60,30,N,N,N
00026248,13,2026,2200177,47335061730,4,Y,90,30,N,N,N
00026248,13,2026,2200180,47335061830,4,Y,60,30,N,N,N
00026248,13,2026,2200183,47335061930,4,Y,60,30,N,N,N
00026248,13,2026,672571,47335076783,4,Y,30,30,Y,N,N
00026248,13,2026,1010600,47781035503,4,Y,480,30,N,N,N
00026248,13,2026,1307056,47781035603,4,Y,240,30,N,N,N
00026248,13,2026,1010604,47781035703,4,Y,120,30,N,N,N
00026248,13,2026,1307061,47781035803,4,Y,90,30,N,N,N
00026248,13,2026,197623,47781060730,4,N, , ,N,N,N
00026248,13,2026,1190916,49281021558,1,N, , ,Y,N,N
00026248,13,2026,1190919,49281021588,1,N, , ,Y,N,N
00026248,13,2026,830470,49281025251,1,N, , ,Y,N,N
00026248,13,2026,1300310,49281028658,1,N, , ,N,N,N
00026248,13,2026,1300206,49281040010,1,N, , ,N,N,N
00026248,13,2026,1300191,49281040089,1,N, , ,N,N,N
00026248,13,2026,2585717,49281051105,1,N, , ,N,N,N
00026248,13,2026,1300468,49281054503,1,N, , ,N,N,N
00026248,13,2026,2587057,49281056458,1,N, , ,N,N,N
00026248,13,2026,2593121,49281056488,1,N, , ,N,N,N
00026248,13,2026,2360588,49281059005,1,N, , ,N,N,N
00026248,13,2026,807225,49281079020,1,N, , ,N,N,N
00026248,13,2026,1486496,49281079051,1,N, , ,N,N,N
00026248,13,2026,763106,49281086010,1,N, , ,N,N,N
00026248,13,2026,1658241,49281091501,1,N, , ,N,N,N
00026248,13,2026,1292828,49281091568,1,N, , ,N,N,N
00026248,13,2026,1939299,49401008835,5,Y,8,28,Y,N,N
00026248,13,2026,1939348,49401008847,5,Y,8,28,Y,N,N
00026248,13,2026,577315,49483068703,4,N, , ,N,N,N
00026248,13,2026,577324,49483068903,4,N, , ,N,N,N
00026248,13,2026,2003255,49502045093,5,Y,30,30,N,N,N
00026248,13,2026,2198370,49502047626,4,N, , ,N,N,N
00026248,13,2026,865208,49502090030,5,Y,30,30,Y,N,N
00026248,13,2026,865212,49502090130,5,Y,30,30,Y,N,N
00026248,13,2026,865216,49502090230,5,Y,30,30,Y,N,N
00026248,13,2026,1433879,49702022813,5,Y,60,30,N,N,N
00026248,13,2026,1546894,49702023113,5,Y,30,30,N,N,N
00026248,13,2026,1989506,49702024213,5,Y,30,30,N,N,N
00026248,13,2026,2122526,49702024613,5,Y,30,30,N,N,N
00026248,13,2026,2380551,49702025018,5,Y,60,30,N,N,N
00026248,13,2026,2374566,49702025537,5,Y,360,30,N,N,N
00026248,13,2026,2598352,49702025837,4,Y,180,30,N,N,N
00026248,13,2026,1857925,49702026055,5,Y,1840,30,N,N,N
00026248,13,2026,984105,49884000604,5,N, , ,Y,N,N
00026248,13,2026,197839,49884000901,3,N, , ,N,N,N
00026248,13,2026,636671,49884015576,4,N, , ,N,N,N
00026248,13,2026,636676,49884015676,4,N, , ,N,N,N
00026248,13,2026,199369,49884017004,5,N, , ,Y,N,N
00026248,13,2026,645037,49884021255,4,Y,60,30,Y,N,N
00026248,13,2026,1000064,49884022201,4,N, , ,N,N,N
00026248,13,2026,198140,49884023183,4,N, , ,N,N,N
00026248,13,2026,197987,49884025601,2,N, , ,N,N,N
00026248,13,2026,197986,49884025701,2,N, , ,N,N,N
00026248,13,2026,349194,49884030602,4,Y,90,30,N,N,N
00026248,13,2026,349195,49884030702,4,Y,90,30,N,N,N
00026248,13,2026,349198,49884030802,4,Y,90,30,N,N,N
00026248,13,2026,349196,49884030902,4,Y,90,30,N,N,N
00026248,13,2026,349197,49884031002,4,Y,300,30,N,N,N
00026248,13,2026,312439,49884034701,4,N, , ,Y,N,N
00026248,13,2026,198103,49884034801,4,N, , ,Y,N,N
00026248,13,2026,848943,49884046565,4,N, , ,N,N,N
00026248,13,2026,1486687,49884072008,5,N, , ,Y,N,N
00026248,13,2026,197797,49884072401,2,N, , ,N,N,N
00026248,13,2026,1653217,49884087372,5,N, , ,Y,N,N
00026248,13,2026,749289,49884094499,4,N, , ,N,N,N
00026248,13,2026,1111018,49884094872,5,N, , ,Y,N,N
00026248,13,2026,1430383,50102010003,3,N, , ,N,N,N
00026248,13,2026,1440185,50102022023,4,N, , ,N,N,N
00026248,13,2026,2107008,50102022423,4,N, , ,N,N,N
00026248,13,2026,1550536,50102022823,4,N, , ,N,N,N
00026248,13,2026,2104192,50102023113,4,N, , ,N,N,N
00026248,13,2026,1994764,50102023313,4,N, , ,N,N,N
00026248,13,2026,1994758,50102023513,4,N, , ,N,N,N
00026248,13,2026,2106997,50102024023,4,N, , ,N,N,N
00026248,13,2026,1660690,50102025423,4,N, , ,N,N,N
00026248,13,2026,2397128,50102030013,3,N, , ,N,N,N
00026248,13,2026,314106,50111033301,2,N, , ,N,N,N
00026248,13,2026,311681,50111033402,2,N, , ,N,N,N
00026248,13,2026,856364,50111045001,2,N, , ,N,N,N
00026248,13,2026,856377,50111056001,2,N, , ,N,N,N
00026248,13,2026,310384,50111064701,1,Y,90,30,N,N,N
00026248,13,2026,308460,50111078710,2,N, , ,N,N,N
00026248,13,2026,248656,50111078810,2,N, , ,N,N,N
00026248,13,2026,204844,50111078910,2,N, , ,N,N,N
00026248,13,2026,198369,50111091601,2,N, , ,N,N,N
00026248,13,2026,198370,50111091801,2,N, , ,N,N,N
00026248,13,2026,199903,50228014605,1,N, , ,N,N,N
00026248,13,2026,993536,50228017601,3,Y,60,30,N,N,N
00026248,13,2026,311893,50228046605,2,Y,60,30,N,N,N
00026248,13,2026,1657212,50242004062,5,N, , ,Y,N,N
00026248,13,2026,2695437,50242007908,5,Y,30,30,Y,N,N
00026248,13,2026,2695433,50242008408,5,Y,60,30,Y,N,N
00026248,13,2026,1147228,50242009002,5,Y,240,30,Y,N,N
00026248,13,2026,2197873,50242009130,5,Y,150,30,Y,N,N
00026248,13,2026,2197877,50242009490,5,Y,90,30,Y,N,N
00026248,13,2026,205532,50242010040,5,N, , ,Y,N,N
00026248,13,2026,1727485,50242013001,5,Y,240,30,Y,N,N
00026248,13,2026,1441530,50242013801,5,Y,3.6,28,Y,N,N
00026248,13,2026,1242998,50242014001,5,Y,30,30,Y,N,N
00026248,13,2026,2106075,50242014301,5,Y,3.6,28,Y,N,N
00026248,13,2026,2058950,50242021401,5,N, , ,Y,N,N
00026248,13,2026,2673763,50242021455,5,N, , ,Y,N,N
00026248,13,2026,2058946,50242021501,5,N, , ,Y,N,N
00026248,13,2026,2673761,50242021555,5,N, , ,Y,N,N
00026248,13,2026,2663918,50242022701,5,N, , ,Y,N,N
00026248,13,2026,2663923,50242022755,5,N, , ,Y,N,N
00026248,13,2026,2668599,50242062342,5,Y,336,28,Y,N,N
00026248,13,2026,1722376,50242071701,5,Y,63,28,Y,N,N
00026248,13,2026,2100010,50242086001,4,Y,4,365,N,N,N
00026248,13,2026,2536742,50242087701,4,Y,2,365,N,N,N
00026248,13,2026,1312408,50419017103,5,Y,84,28,Y,N,N
00026248,13,2026,1439894,50419025001,5,Y,90,30,Y,N,N
00026248,13,2026,1439896,50419025101,5,Y,90,30,Y,N,N
00026248,13,2026,1439899,50419025201,5,Y,90,30,Y,N,N
00026248,13,2026,1439901,50419025301,5,Y,90,30,Y,N,N
00026248,13,2026,1439903,50419025401,5,Y,90,30,Y,N,N
00026248,13,2026,2105657,50419039001,5,Y,180,30,Y,N,N
00026248,13,2026,2105645,50419039101,5,Y,60,30,Y,N,N
00026248,13,2026,2105653,50419039201,5,Y,300,30,Y,N,N
00026248,13,2026,2180336,50419039501,5,Y,120,30,Y,N,N
00026248,13,2026,2728198,50419039701,5,Y,120,30,Y,N,N
00026248,13,2026,1366339,50419042201,4,N, , ,N,N,N
00026248,13,2026,207059,50419052435,5,Y,15,30,Y,N,N
00026248,13,2026,2562822,50419054001,3,Y,30,30,Y,N,N
00026248,13,2026,2562826,50419054101,3,Y,30,30,Y,N,N
00026248,13,2026,2720071,50419054201,3,Y,30,30,Y,N,N
00026248,13,2026,2397991,50419075001,4,N, , ,N,N,N
00026248,13,2026,2397994,50419075101,4,N, , ,N,N,N
00026248,13,2026,858074,50458056001,4,Y,0.25,28,N,N,N
00026248,13,2026,858051,50458056101,5,Y,0.5,28,N,N,N
00026248,13,2026,858057,50458056201,5,Y,0.75,28,N,N,N
00026248,13,2026,858055,50458056301,5,Y,1,28,N,N,N
00026248,13,2026,858053,50458056401,5,Y,1.5,28,N,N,N
00026248,13,2026,2059017,50458057760,3,Y,60,30,N,N,Y
00026248,13,2026,1232084,50458057830,3,Y,60,30,N,N,Y
00026248,13,2026,1232088,50458057930,3,Y,30,30,N,N,Y
00026248,13,2026,1114202,50458058030,3,Y,30,30,N,N,Y
00026248,13,2026,1549683,50458058451,3,Y,51,30,N,N,Y
00026248,13,2026,1650968,50458060601,5,Y,0.88,84,N,N,N
00026248,13,2026,1650972,50458060701,5,Y,1.32,84,N,N,N
00026248,13,2026,1650974,50458060801,5,Y,1.75,84,N,N,N
00026248,13,2026,1650976,50458060901,5,Y,2.63,84,N,N,N
00026248,13,2026,2570419,50458061101,5,Y,3.5,180,N,N,N
00026248,13,2026,2570421,50458061201,5,Y,5,180,N,N,N
00026248,13,2026,1739766,50474037066,5,Y,60,30,N,N,N
00026248,13,2026,1739774,50474047066,5,Y,60,30,N,N,N
00026248,13,2026,2173500,50474050015,4,Y,10,30,N,N,N
00026248,13,2026,1739778,50474057066,5,Y,60,30,N,N,N
00026248,13,2026,1739782,50474067066,5,Y,60,30,N,N,N
00026248,13,2026,1739770,50474077066,5,Y,60,30,N,N,N
00026248,13,2026,1739788,50474087015,5,Y,600,30,N,N,N
00026248,13,2026,1149617,50484001030,4,Y,180,30,N,N,N
00026248,13,2026,2464832,50632000102,1,N, , ,Y,N,N
00026248,13,2026,830463,50632001001,1,N, , ,Y,N,N
00026248,13,2026,1812951,50632001502,1,N, , ,N,N,N
00026248,13,2026,762602,50632001602,1,N, , ,N,N,N
00026248,13,2026,2707132,50632001802,1,N, , ,N,N,N
00026248,13,2026,1099288,50742011201,4,N, , ,N,N,N
00026248,13,2026,1099300,50742011301,4,N, , ,N,N,N
00026248,13,2026,1099304,50742011401,4,N, , ,N,N,N
00026248,13,2026,1099316,50742011501,4,N, , ,N,N,N
00026248,13,2026,1099292,50742011601,4,N, , ,N,N,N
00026248,13,2026,1099296,50742011750,4,N, , ,N,N,N
00026248,13,2026,353538,50742017601,2,N, , ,N,N,N
00026248,13,2026,562524,50742023301,4,N, , ,N,N,N
00026248,13,2026,997010,50742023830,4,N, , ,Y,N,N
00026248,13,2026,830861,50742024890,3,N, , ,N,N,N
00026248,13,2026,830845,50742024990,3,N, , ,N,N,N
00026248,13,2026,830837,50742025090,3,N, , ,N,N,N
00026248,13,2026,830801,50742025190,3,N, , ,N,N,N
00026248,13,2026,1812011,50742026001,3,N, , ,N,N,N
00026248,13,2026,1812013,50742026101,3,N, , ,N,N,N
00026248,13,2026,1812015,50742026201,3,N, , ,N,N,N
00026248,13,2026,198153,50742026301,3,N, , ,N,N,N
00026248,13,2026,142113,50742035401,5,N, , ,N,N,N
00026248,13,2026,1649485,50742036260,4,Y,60,30,Y,N,N
00026248,13,2026,1649493,50742036360,4,Y,60,30,Y,N,N
00026248,13,2026,349472,50742036630,5,Y,30,30,Y,N,N
00026248,13,2026,866427,50742061510,2,N, , ,N,N,N
00026248,13,2026,866436,50742061610,2,N, , ,N,N,N
00026248,13,2026,198034,50742062001,3,N, , ,N,N,N
00026248,13,2026,198035,50742062101,3,N, , ,N,N,N
00026248,13,2026,198036,50742062201,3,N, , ,N,N,N
00026248,13,2026,199147,50742062360,3,Y,60,30,N,N,N
00026248,13,2026,1193341,50881000560,5,Y,60,30,Y,N,N
00026248,13,2026,1193337,50881001060,5,Y,60,30,Y,N,N
00026248,13,2026,1193345,50881001560,5,Y,60,30,Y,N,N
00026248,13,2026,1193349,50881002060,5,Y,60,30,Y,N,N
00026248,13,2026,1193353,50881002560,5,Y,60,30,Y,N,N
00026248,13,2026,2359344,50881002601,5,Y,14,21,Y,N,N
00026248,13,2026,2359348,50881002701,5,Y,14,21,Y,N,N
00026248,13,2026,2359340,50881002801,5,Y,14,21,Y,N,N
00026248,13,2026,2361300,51144000160,5,Y,300,30,Y,N,N
00026248,13,2026,2361296,51144000212,5,Y,120,30,Y,N,N
00026248,13,2026,2557216,51167010602,5,Y,90,30,Y,N,N
00026248,13,2026,2611460,51167012201,5,Y,60,30,Y,N,N
00026248,13,2026,1243052,51167020001,5,Y,60,30,Y,N,N
00026248,13,2026,1606866,51167030001,5,Y,60,30,Y,N,N
00026248,13,2026,2257013,51167033101,5,Y,90,30,Y,N,N
00026248,13,2026,1606870,51167040001,5,Y,60,30,Y,N,N
00026248,13,2026,2635022,51167044501,5,Y,60,30,Y,N,N
00026248,13,2026,2635026,51167044601,5,Y,60,30,Y,N,N
00026248,13,2026,2053519,51167050002,5,Y,60,30,Y,N,N
00026248,13,2026,2166401,51167060001,5,Y,60,30,Y,N,N
00026248,13,2026,1812470,51167070002,5,Y,120,30,Y,N,N
00026248,13,2026,2636789,51167077001,5,Y,60,30,Y,N,N
00026248,13,2026,2636793,51167078501,5,Y,60,30,Y,N,N
00026248,13,2026,1655934,51167080901,5,Y,120,30,Y,N,N
00026248,13,2026,2053512,51167090001,5,Y,60,30,Y,N,N
00026248,13,2026,1358770,51285012570,4,N, , ,N,N,N
00026248,13,2026,1359031,51285012797,4,N, , ,N,N,N
00026248,13,2026,1359026,51285012870,4,N, , ,N,N,N
00026248,13,2026,1358781,51285013197,4,N, , ,N,N,N
00026248,13,2026,1085728,51672126705,4,N, , ,N,N,N
00026248,13,2026,238920,51672127406,4,Y,135,30,N,N,N
00026248,13,2026,309367,51672127502,3,N, , ,N,N,N
00026248,13,2026,310362,51672127901,4,Y,120,30,N,N,N
00026248,13,2026,313227,51672130200,3,N, , ,N,N,N
00026248,13,2026,313226,51672130406,3,N, , ,N,N,N
00026248,13,2026,848208,51672130903,4,Y,200,28,N,N,N
00026248,13,2026,848176,51672131003,3,Y,200,28,N,N,N
00026248,13,2026,309289,51672131802,3,N, , ,N,N,N
00026248,13,2026,848178,51672134004,4,Y,210,30,N,N,N
00026248,13,2026,857700,51672135802,3,N, , ,Y,N,N
00026248,13,2026,313200,51672137302,4,Y,60,30,Y,N,N
00026248,13,2026,103456,51672138603,4,Y,120,30,N,N,N
00026248,13,2026,106302,51672140709,4,Y,45,30,Y,N,N
00026248,13,2026,313786,51672300701,4,N, , ,N,N,N
00026248,13,2026,198045,51672400101,3,N, , ,N,N,N
00026248,13,2026,317136,51672400201,3,N, , ,N,N,N
00026248,13,2026,198047,51672400401,3,N, , ,N,N,N
00026248,13,2026,308979,51672400501,3,N, , ,N,N,N
00026248,13,2026,197686,51672401801,3,Y,60,30,N,N,N
00026248,13,2026,858813,51672403803,2,N, , ,N,N,N
00026248,13,2026,858810,51672404003,2,N, , ,N,N,N
00026248,13,2026,308973,51672404101,3,N, , ,N,N,N
00026248,13,2026,197465,51672404201,4,Y,120,30,Y,N,N
00026248,13,2026,197464,51672404401,4,Y,180,30,Y,N,N
00026248,13,2026,858824,51672404501,2,N, , ,N,N,N
00026248,13,2026,858828,51672404601,2,N, , ,N,N,N
00026248,13,2026,310379,51672406201,4,Y,10,30,N,N,N
00026248,13,2026,310380,51672406301,4,Y,10,30,N,N,N
00026248,13,2026,1313112,51672406902,3,N, , ,N,N,N
00026248,13,2026,855671,51672411103,3,N, , ,N,N,N
00026248,13,2026,311679,51672411606,3,N, , ,N,N,N
00026248,13,2026,105583,51672411806,4,Y,40,30,N,N,N
00026248,13,2026,199378,51672412301,4,N, , ,N,N,N
00026248,13,2026,402505,51672412401,4,N, , ,N,N,N
00026248,13,2026,402506,51672412501,4,N, , ,N,N,N
00026248,13,2026,1313885,51672414601,3,N, , ,N,N,N
00026248,13,2026,1001689,51672417005,4,N, , ,N,N,N
00026248,13,2026,310285,51672417201,4,N, , ,N,N,N
00026248,13,2026,577237,51672421503,4,N, , ,N,N,N
00026248,13,2026,204119,51672529404,4,N, , ,N,N,N
00026248,13,2026,2706645,51759027417,5,Y,3,28,Y,N,N
00026248,13,2026,2688823,51759038622,5,Y,2,28,Y,N,N
00026248,13,2026,2677787,51759040202,5,Y,4,28,Y,N,N
00026248,13,2026,2688827,51759041222,5,Y,4,28,Y,N,N
00026248,13,2026,2705393,51759070932,4,Y,1.5,84,Y,N,N
00026248,13,2026,2705400,51759071032,5,Y,3,84,Y,N,N
00026248,13,2026,751884,51862002801,4,N, , ,N,N,N
00026248,13,2026,750244,51862056406,4,N, , ,N,N,N
00026248,13,2026,644304,51862068201,4,N, , ,N,N,N
00026248,13,2026,748962,51862088403,3,N, , ,N,N,N
00026248,13,2026,831533,51862088603,3,N, , ,N,N,N
00026248,13,2026,810000,51991034806,4,N, , ,N,N,N
00026248,13,2026,809987,51991034906,4,N, , ,N,N,N
00026248,13,2026,859981,51991035860,4,Y,60,30,Y,N,N
00026248,13,2026,859975,51991036060,4,Y,60,30,Y,N,N
00026248,13,2026,1359127,51991047428,4,N, , ,N,N,N
00026248,13,2026,200064,51991075933,2,N, , ,N,N,N
00026248,13,2026,313498,51991094401,4,N, , ,N,N,N
00026248,13,2026,313499,51991094501,4,N, , ,N,N,N
00026248,13,2026,313496,51991094601,4,N, , ,N,N,N
00026248,13,2026,1111110,52015008001,5,Y,20,10,N,N,N
00026248,13,2026,2279847,52015070022,5,Y,136,10,N,N,N
00026248,13,2026,2465556,52268020101,4,N, , ,N,N,N
00026248,13,2026,2605950,52427063230,4,Y,60,30,N,N,N
00026248,13,2026,310155,52536018003,4,N, , ,N,N,N
00026248,13,2026,315090,52536018303,4,N, , ,N,N,N
00026248,13,2026,310157,52536018603,4,N, , ,N,N,N
00026248,13,2026,897624,52536088401,3,N, , ,N,N,N
00026248,13,2026,1921598,52652200106,4,N, , ,Y,N,N
00026248,13,2026,2606788,52652800101,4,N, , ,N,N,N
00026248,13,2026,328176,52817011710,4,N, , ,N,N,N
00026248,13,2026,828320,52817033010,3,N, , ,N,N,N
00026248,13,2026,828348,52817033200,3,N, , ,N,N,N
00026248,13,2026,197445,52817039210,2,N, , ,N,N,N
00026248,13,2026,1369831,52817060138,5,Y,540,30,Y,N,N
00026248,13,2026,197305,52817081615,3,N, , ,N,N,N
00026248,13,2026,1304985,52937000120,3,Y,120,30,N,N,N
00026248,13,2026,1811182,52937000340,3,Y,240,30,N,N,N
00026248,13,2026,1649405,53489011802,3,N, , ,N,N,N
00026248,13,2026,198224,53489014401,3,N, , ,N,N,N
00026248,13,2026,283535,53489064701,3,N, , ,N,N,N
00026248,13,2026,403975,53746024830,4,Y,60,30,Y,N,N
00026248,13,2026,259306,53746024930,4,Y,60,30,Y,N,N
00026248,13,2026,313096,53746051105,2,N, , ,N,N,N
00026248,13,2026,198223,53746051401,2,N, , ,N,N,N
00026248,13,2026,198222,53746051501,2,N, , ,N,N,N
00026248,13,2026,198150,53746054401,2,N, , ,N,N,N
00026248,13,2026,96304,53746054501,2,N, , ,N,N,N
00026248,13,2026,836395,53746061701,4,Y,240,30,N,N,N
00026248,13,2026,998689,53746066901,2,N, , ,N,N,N
00026248,13,2026,998685,53746067001,2,N, , ,N,N,N
00026248,13,2026,1313785,54482002002,5,Y,60,28,Y,N,N
00026248,13,2026,207588,54482005401,5,N, , ,Y,N,N
00026248,13,2026,213510,54766009306,3,N, , ,N,N,N
00026248,13,2026,863599,54838051080,3,Y,600,30,N,N,N
00026248,13,2026,1000054,54838051240,4,N, , ,N,N,N
00026248,13,2026,485496,54838057059,4,Y,750,30,Y,N,N
00026248,13,2026,311787,55111011230,4,N, , ,N,N,N
00026248,13,2026,1605088,55111011381,4,N, , ,Y,N,N
00026248,13,2026,1373333,55111013581,4,N, , ,Y,N,N
00026248,13,2026,1373335,55111013681,4,N, , ,Y,N,N
00026248,13,2026,1373337,55111013781,4,N, , ,Y,N,N
00026248,13,2026,198051,55111015810,2,Y,60,30,N,N,N
00026248,13,2026,200034,55111016330,3,Y,45,30,Y,N,N
00026248,13,2026,312077,55111016730,3,Y,30,30,Y,N,N
00026248,13,2026,313412,55111017915,2,N, , ,N,N,N
00026248,13,2026,313413,55111018015,2,N, , ,N,N,N
00026248,13,2026,904458,55111022990,1,Y,45,30,N,N,N
00026248,13,2026,904467,55111023090,1,Y,45,30,N,N,N
00026248,13,2026,314286,55111025660,4,Y,90,30,N,N,N
00026248,13,2026,313776,55111025760,4,Y,90,30,N,N,N
00026248,13,2026,313777,55111025860,4,Y,60,30,N,N,N
00026248,13,2026,313778,55111025960,4,Y,60,30,N,N,N
00026248,13,2026,199245,55111032001,1,Y,240,30,N,N,N
00026248,13,2026,199246,55111032101,1,Y,120,30,N,N,N
00026248,13,2026,866419,55111046901,2,N, , ,N,N,N
00026248,13,2026,904932,55111057503,2,Y,1,28,N,N,N
00026248,13,2026,313758,55111062560,4,N, , ,N,N,N
00026248,13,2026,199655,55111062660,4,N, , ,N,N,N
00026248,13,2026,349208,55111065301,4,N, , ,Y,N,N
00026248,13,2026,360110,55111065401,4,N, , ,Y,N,N
00026248,13,2026,577317,55111066430,4,N, , ,N,N,N
00026248,13,2026,206913,55111068305,2,Y,150,30,N,N,N
00026248,13,2026,206917,55111068405,2,Y,120,30,N,N,N
00026248,13,2026,1657151,55111069312,4,Y,6,30,N,N,N
00026248,13,2026,1721475,55150011310,4,N, , ,N,N,N
00026248,13,2026,1721458,55150012215,4,N, , ,N,N,N
00026248,13,2026,1734932,55150015410,4,N, , ,Y,N,N
00026248,13,2026,313165,55150017301,4,Y,5,30,N,N,N
00026248,13,2026,1722934,55150020720,3,N, , ,N,N,N
00026248,13,2026,1722939,55150020830,4,N, , ,N,N,N
00026248,13,2026,581531,55150022810,4,N, , ,N,N,N
00026248,13,2026,1000126,55150032901,3,N, , ,N,N,N
00026248,13,2026,967385,55150036501,5,N, , ,Y,N,N
00026248,13,2026,1364114,55292013160,5,N, , ,Y,N,N
00026248,13,2026,1364118,55292013260,5,N, , ,Y,N,N
00026248,13,2026,1364122,55292013360,5,N, , ,Y,N,N
00026248,13,2026,207949,55292020111,4,N, , ,N,N,N
00026248,13,2026,1492746,55513013760,5,Y,60,30,Y,N,N
00026248,13,2026,1605455,55513036955,5,Y,55,180,Y,N,N
00026248,13,2026,2550725,55513048824,5,Y,240,30,Y,N,N
00026248,13,2026,1492742,55513049760,5,Y,60,30,Y,N,N
00026248,13,2026,2628242,55513050450,5,Y,90,30,Y,N,N
00026248,13,2026,2682430,55513050855,5,Y,55,180,Y,N,N
00026248,13,2026,2687207,55513051260,5,Y,120,30,Y,N,N
00026248,13,2026,2724367,55513051641,5,Y,41,180,Y,N,N
00026248,13,2026,2723452,55513051930,5,Y,30,30,Y,N,N
00026248,13,2026,858125,55566830301,4,N, , ,Y,N,N
00026248,13,2026,858127,55566840301,5,N, , ,Y,N,N
00026248,13,2026,1865962,55724021121,4,N, , ,Y,N,N
00026248,13,2026,197701,57237000330,2,N, , ,N,N,N
00026248,13,2026,197699,57237000511,2,N, , ,N,N,N
00026248,13,2026,283407,57237001206,4,Y,30,30,N,N,N
00026248,13,2026,308192,57237002801,2,N, , ,N,N,N
00026248,13,2026,834061,57237004001,2,N, , ,N,N,N
00026248,13,2026,834102,57237004105,2,N, , ,N,N,N
00026248,13,2026,310436,57237004960,4,N, , ,N,N,N
00026248,13,2026,310437,57237005060,4,N, , ,N,N,N
00026248,13,2026,579148,57237005160,4,N, , ,N,N,N
00026248,13,2026,312087,57237007810,3,N, , ,N,N,N
00026248,13,2026,866514,57237010199,1,N, , ,N,N,N
00026248,13,2026,866511,57237010299,1,N, , ,N,N,N
00026248,13,2026,861132,57237011490,2,Y,30,30,N,N,N
00026248,13,2026,310352,57237014935,3,N, , ,N,N,N
00026248,13,2026,310353,57237015035,3,N, , ,N,N,N
00026248,13,2026,200257,57237015701,2,Y,960,30,N,N,N
00026248,13,2026,200256,57237015801,2,Y,480,30,N,N,N
00026248,13,2026,200258,57237015901,2,Y,240,30,N,N,N
00026248,13,2026,1662285,57664068357,4,N, , ,N,N,N
00026248,13,2026,2645250,57894005060,5,Y,60,30,Y,N,N
00026248,13,2026,2691162,57894008060,5,Y,60,30,Y,N,N
00026248,13,2026,2645253,57894010060,5,Y,60,30,Y,N,N
00026248,13,2026,2691166,57894024030,5,Y,30,30,Y,N,N
00026248,13,2026,1928689,57894064001,5,Y,3,56,Y,N,N
00026248,13,2026,2118741,57894064011,5,Y,3,56,Y,N,N
00026248,13,2026,2693095,57894065102,5,Y,2,28,Y,N,N
00026248,13,2026,2711638,57894065104,5,Y,12,180,Y,N,N
00026248,13,2026,2693097,57894065122,5,Y,2,28,Y,N,N
00026248,13,2026,2611540,57962000712,5,Y,324,30,Y,N,Y
00026248,13,2026,2000019,57962001428,5,Y,30,30,Y,N,Y
00026248,13,2026,1994362,57962007028,5,Y,30,30,Y,N,Y
00026248,13,2026,1442992,57962014009,5,Y,120,30,Y,N,Y
00026248,13,2026,2000023,57962028028,5,Y,30,30,Y,N,Y
00026248,13,2026,2000027,57962042028,5,Y,30,30,Y,N,Y
00026248,13,2026,855871,58151011801,4,N, , ,N,N,N
00026248,13,2026,1300810,58160072615,1,N, , ,N,N,N
00026248,13,2026,2627825,58160074002,1,N, , ,N,N,N
00026248,13,2026,2705467,58160075715,1,N, , ,N,N,N
00026248,13,2026,1300384,58160081052,1,N, , ,N,N,N
00026248,13,2026,829989,58160081152,1,N, , ,N,N,N
00026248,13,2026,830557,58160081252,1,N, , ,N,N,N
00026248,13,2026,803371,58160081552,1,N, , ,N,N,N
00026248,13,2026,798430,58160082052,1,N, , ,Y,N,N
00026248,13,2026,1658157,58160082101,1,N, , ,Y,N,N
00026248,13,2026,798428,58160082152,1,N, , ,Y,N,N
00026248,13,2026,1986830,58160082311,1,Y,2,999,N,N,N
00026248,13,2026,2603514,58160082415,1,N, , ,N,N,N
00026248,13,2026,798482,58160082552,1,N, , ,N,N,N
00026248,13,2026,798479,58160082652,1,N, , ,N,N,N
00026248,13,2026,1300378,58160084211,1,N, , ,N,N,N
00026248,13,2026,1300370,58160084252,1,N, , ,N,N,N
00026248,13,2026,2636599,58160084811,1,Y,1,999,N,N,N
00026248,13,2026,2719778,58160084952,1,Y,1,999,N,N,N
00026248,13,2026,901518,58160095509,1,N, , ,N,N,N
00026248,13,2026,1601407,58160097620,1,N, , ,N,N,N
00026248,13,2026,809159,58406001004,5,Y,2,28,Y,N,Y
00026248,13,2026,802652,58406002104,5,Y,8,28,Y,N,Y
00026248,13,2026,1653225,58406003204,5,Y,8,28,Y,N,Y
00026248,13,2026,2182340,58406004404,5,Y,8,28,Y,N,Y
00026248,13,2026,2392142,58406005504,5,Y,4,28,Y,N,Y
00026248,13,2026,1114074,58468782003,5,Y,60,30,Y,N,N
00026248,13,2026,1114096,58468784003,5,Y,30,30,Y,N,N
00026248,13,2026,896766,58657060401,2,N, , ,N,N,N
00026248,13,2026,2642344,59088090754,4,Y,90,30,Y,N,N
00026248,13,2026,1659818,59148001871,5,Y,1,28,N,N,N
00026248,13,2026,1659814,59148001971,5,Y,1,28,N,N,N
00026248,13,2026,1658325,59148003513,5,Y,30,30,Y,N,N
00026248,13,2026,1658329,59148003613,5,Y,30,30,Y,N,N
00026248,13,2026,1658333,59148003713,5,Y,30,30,Y,N,N
00026248,13,2026,1658337,59148003813,5,Y,30,30,Y,N,N
00026248,13,2026,1658341,59148003913,5,Y,30,30,Y,N,N
00026248,13,2026,1658345,59148004013,5,Y,30,30,Y,N,N
00026248,13,2026,1602604,59148004580,5,Y,1,28,N,N,N
00026248,13,2026,1040058,59148005316,5,Y,60,30,Y,N,N
00026248,13,2026,1602607,59148007280,5,Y,1,28,N,N,N
00026248,13,2026,2636640,59148010280,5,Y,2.4,56,N,N,N
00026248,13,2026,2636646,59148011480,5,Y,3.2,56,N,N,N
00026248,13,2026,213502,59212060122,5,N, , ,Y,N,N
00026248,13,2026,2540709,59467067901,4,N, , ,N,N,N
00026248,13,2026,213360,59572020514,5,Y,90,30,Y,N,N
00026248,13,2026,404449,59572021015,5,Y,120,30,Y,N,N
00026248,13,2026,1369724,59572050121,5,Y,21,28,Y,N,N
00026248,13,2026,1369728,59572050221,5,Y,21,28,Y,N,N
00026248,13,2026,1369732,59572050321,5,Y,21,28,Y,N,N
00026248,13,2026,1369736,59572050421,5,Y,21,28,Y,N,N
00026248,13,2026,1940376,59572070530,5,Y,30,30,Y,N,N
00026248,13,2026,1940372,59572071030,5,Y,30,30,Y,N,N
00026248,13,2026,2197501,59572072012,5,Y,120,30,Y,N,N
00026248,13,2026,2396770,59572073007,5,Y,14,28,Y,N,N
00026248,13,2026,2396774,59572074007,5,Y,14,28,Y,N,N
00026248,13,2026,1098141,59651001890,4,Y,30,30,N,N,N
00026248,13,2026,617322,59651002601,4,N, , ,N,N,N
00026248,13,2026,1000048,59651017301,4,N, , ,N,N,N
00026248,13,2026,1000070,59651017401,4,N, , ,N,N,N
00026248,13,2026,1000076,59651017501,4,N, , ,N,N,N
00026248,13,2026,1000058,59651017701,4,N, , ,N,N,N
00026248,13,2026,861424,59651025601,3,N, , ,N,N,N
00026248,13,2026,861427,59651025701,3,N, , ,N,N,N
00026248,13,2026,861430,59651025801,3,N, , ,N,N,N
00026248,13,2026,198240,59651029960,2,N, , ,N,N,N
00026248,13,2026,313195,59651030030,2,N, , ,N,N,N
00026248,13,2026,197787,59651041350,3,N, , ,N,N,N
00026248,13,2026,197782,59651041401,3,N, , ,N,N,N
00026248,13,2026,197783,59651041501,3,N, , ,N,N,N
00026248,13,2026,1648759,59651079501,3,N, , ,N,N,N
00026248,13,2026,883826,59651083930,3,N, , ,N,N,N
00026248,13,2026,2123137,59676003056,5,Y,90,30,Y,N,N
00026248,13,2026,2123141,59676004056,5,Y,60,30,Y,N,N
00026248,13,2026,2123145,59676005028,5,Y,30,30,Y,N,N
00026248,13,2026,1102277,59676027801,5,Y,30,30,N,N,N
00026248,13,2026,2678248,59676028090,5,Y,180,30,N,N,N
00026248,13,2026,831870,59676056301,4,Y,300,30,N,N,N
00026248,13,2026,850457,59676056401,5,Y,180,30,N,N,N
00026248,13,2026,1236632,59676056501,5,Y,400,30,N,N,N
00026248,13,2026,1250723,59676057201,4,Y,120,30,N,N,N
00026248,13,2026,1600710,59676057530,5,Y,30,30,N,N,N
00026248,13,2026,2710426,59676057830,5,Y,30,30,N,N,N
00026248,13,2026,1999587,59676060012,5,Y,120,30,Y,N,N
00026248,13,2026,2630217,59676060430,5,Y,30,30,Y,N,N
00026248,13,2026,1364515,59676070101,5,N, , ,N,N,N
00026248,13,2026,2373941,59676070260,5,N, , ,N,N,N
00026248,13,2026,2049677,59676080030,5,Y,30,30,N,N,N
00026248,13,2026,403825,59746001032,4,Y,60,30,Y,N,N
00026248,13,2026,401953,59746002022,4,Y,60,30,Y,N,N
00026248,13,2026,401954,59746003022,4,Y,60,30,Y,N,N
00026248,13,2026,616698,59746004022,4,Y,60,30,Y,N,N
00026248,13,2026,616705,59746005022,4,Y,120,30,Y,N,N
00026248,13,2026,312635,59746011306,2,N, , ,N,N,N
00026248,13,2026,198365,59746011506,2,N, , ,N,N,N
00026248,13,2026,313215,59746038306,1,Y,90,30,N,N,N
00026248,13,2026,313217,59746038406,1,Y,60,30,N,N,N
00026248,13,2026,313219,59746038506,1,Y,60,30,N,N,N
00026248,13,2026,260376,59746038606,1,Y,60,30,N,N,N
00026248,13,2026,313142,59762010405,3,N, , ,N,N,N
00026248,13,2026,312347,59762011901,3,N, , ,N,N,N
00026248,13,2026,1048450,59762026001,4,N, , ,N,N,N
00026248,13,2026,198200,59762135001,4,N, , ,N,N,N
00026248,13,2026,309337,59762500901,4,N, , ,N,N,N
00026248,13,2026,861402,60219150201,5,N, , ,N,N,N
00026248,13,2026,310377,60219158503,3,N, , ,N,N,N
00026248,13,2026,754761,60219172107,5,Y,60,30,N,N,N
00026248,13,2026,1052658,60219172206,4,Y,60,30,N,N,N
00026248,13,2026,1190655,60219174903,3,N, , ,N,N,N
00026248,13,2026,1308428,60219227902,5,Y,60,30,Y,N,N
00026248,13,2026,1308430,60219228002,5,Y,90,30,Y,N,N
00026248,13,2026,1308432,60219228102,5,Y,60,30,Y,N,N
00026248,13,2026,831215,60505001406,3,N, , ,N,N,N
00026248,13,2026,831252,60505001506,3,N, , ,N,N,N
00026248,13,2026,831285,60505001606,3,N, , ,N,N,N
00026248,13,2026,312301,60505003306,2,N, , ,N,N,N
00026248,13,2026,859186,60505005501,3,N, , ,N,N,N
00026248,13,2026,1923426,60505008000,2,N, , ,N,N,N
00026248,13,2026,1923424,60505008100,2,N, , ,N,N,N
00026248,13,2026,904589,60505008200,2,N, , ,N,N,N
00026248,13,2026,197625,60505009300,2,Y,60,30,N,N,N
00026248,13,2026,197626,60505009400,2,Y,60,30,N,N,N
00026248,13,2026,197627,60505009500,2,Y,60,30,N,N,N
00026248,13,2026,197628,60505009600,2,Y,60,30,N,N,N
00026248,13,2026,199390,60505010201,3,Y,60,30,N,N,N
00026248,13,2026,197553,60505013300,4,N, , ,Y,N,N
00026248,13,2026,328160,60505013400,4,N, , ,Y,N,N
00026248,13,2026,310490,60505014101,1,Y,240,30,N,N,N
00026248,13,2026,310488,60505014201,1,Y,120,30,N,N,N
00026248,13,2026,993687,60505015701,3,Y,120,30,N,N,N
00026248,13,2026,993691,60505015801,3,Y,60,30,N,N,N
00026248,13,2026,1923422,60505015900,2,N, , ,N,N,N
00026248,13,2026,903887,60505016401,3,Y,30,30,N,N,N
00026248,13,2026,903884,60505016601,3,Y,90,30,N,N,N
00026248,13,2026,904475,60505017007,1,Y,45,30,N,N,N
00026248,13,2026,849515,60505025701,3,N, , ,N,N,N
00026248,13,2026,312075,60505056000,2,N, , ,N,N,N
00026248,13,2026,860805,60505057804,3,N, , ,N,N,N
00026248,13,2026,313919,60505082306,3,N, , ,N,N,N
00026248,13,2026,1797907,60505082901,2,Y,16,30,N,N,N
00026248,13,2026,1797867,60505083305,3,Y,60,30,N,N,N
00026248,13,2026,904481,60505132305,1,Y,30,30,N,N,N
00026248,13,2026,205284,60505250201,3,N, , ,N,N,N
00026248,13,2026,205285,60505250301,3,N, , ,N,N,N
00026248,13,2026,617312,60505257808,1,Y,45,30,N,N,N
00026248,13,2026,617310,60505257908,1,Y,45,30,N,N,N
00026248,13,2026,617311,60505258008,1,Y,45,30,N,N,N
00026248,13,2026,310812,60505265605,1,N, , ,N,N,N
00026248,13,2026,310818,60505265705,1,N, , ,N,N,N
00026248,13,2026,259255,60505267108,1,Y,30,30,N,N,N
00026248,13,2026,388311,60505280507,4,N, , ,N,N,N
00026248,13,2026,200133,60505280607,4,N, , ,N,N,N
00026248,13,2026,200131,60505280707,4,N, , ,N,N,N
00026248,13,2026,205328,60505325006,3,N, , ,N,N,N
00026248,13,2026,859193,60505343803,3,N, , ,N,N,N
00026248,13,2026,643105,60505362806,5,Y,90,30,Y,N,N
00026248,13,2026,643107,60505362906,5,Y,30,30,Y,N,N
00026248,13,2026,643109,60505363006,5,Y,30,30,Y,N,N
00026248,13,2026,799047,60505363103,5,Y,30,30,Y,N,N
00026248,13,2026,997653,60505380102,5,Y,120,30,Y,N,N
00026248,13,2026,746606,60505380202,5,Y,120,30,Y,N,N
00026248,13,2026,2002717,60505380307,5,Y,120,30,Y,N,N
00026248,13,2026,1045406,60505381603,5,Y,30,30,Y,N,N
00026248,13,2026,1045402,60505381703,5,Y,30,30,Y,N,N
00026248,13,2026,205323,60505384901,4,Y,60,30,N,N,N
00026248,13,2026,862006,60505392701,4,Y,30,30,N,N,N
00026248,13,2026,862019,60505392901,4,Y,30,30,N,N,N
00026248,13,2026,862025,60505393001,4,Y,30,30,N,N,N
00026248,13,2026,1723476,60505434906,4,Y,120,30,N,N,N
00026248,13,2026,835894,60505463003,4,N, , ,Y,N,N
00026248,13,2026,855818,60505464203,4,N, , ,N,N,N
00026248,13,2026,867502,60505477907,5,Y,120,30,Y,N,N
00026248,13,2026,1040008,60505612401,5,N, , ,N,N,N
00026248,13,2026,1040014,60505612501,5,N, , ,N,N,N
00026248,13,2026,1665050,60505614205,4,N, , ,N,N,N
00026248,13,2026,1665093,60505614604,4,N, , ,N,N,N
00026248,13,2026,1665088,60505614704,4,N, , ,N,N,N
00026248,13,2026,1665021,60505614804,4,N, , ,N,N,N
00026248,13,2026,1665046,60505614904,4,N, , ,N,N,N
00026248,13,2026,309090,60505615005,4,N, , ,N,N,N
00026248,13,2026,1665005,60505615201,4,N, , ,N,N,N
00026248,13,2026,1659131,60505615604,4,N, , ,N,N,N
00026248,13,2026,1659137,60505615704,4,N, , ,N,N,N
00026248,13,2026,1659149,60505615904,4,N, , ,N,N,N
00026248,13,2026,996740,60505616205,4,N, , ,Y,N,N
00026248,13,2026,1734683,60505619604,4,N, , ,N,N,N
00026248,13,2026,403920,60505622904,4,N, , ,N,N,N
00026248,13,2026,860103,60758077305,3,N, , ,N,N,N
00026248,13,2026,731566,60793070010,4,N, , ,N,N,N
00026248,13,2026,731568,60793070110,4,N, , ,N,N,N
00026248,13,2026,731571,60793070210,4,N, , ,N,N,N
00026248,13,2026,966157,60793085001,3,N, , ,N,N,N
00026248,13,2026,966164,60793085101,3,N, , ,N,N,N
00026248,13,2026,966170,60793085201,3,N, , ,N,N,N
00026248,13,2026,966175,60793085301,3,N, , ,N,N,N
00026248,13,2026,966283,60793085401,3,N, , ,N,N,N
00026248,13,2026,966184,60793085501,3,N, , ,N,N,N
00026248,13,2026,966190,60793085601,3,N, , ,N,N,N
00026248,13,2026,966194,60793085701,3,N, , ,N,N,N
00026248,13,2026,966200,60793085801,3,N, , ,N,N,N
00026248,13,2026,966204,60793085901,3,N, , ,N,N,N
00026248,13,2026,966211,60793086001,3,N, , ,N,N,N
00026248,13,2026,966228,60846080101,3,N, , ,N,N,N
00026248,13,2026,966244,60846080201,3,N, , ,N,N,N
00026248,13,2026,966286,60846080301,3,N, , ,N,N,N
00026248,13,2026,966232,60846080401,3,N, , ,N,N,N
00026248,13,2026,966233,60846080501,3,N, , ,N,N,N
00026248,13,2026,966235,60846080601,3,N, , ,N,N,N
00026248,13,2026,966237,60846080701,3,N, , ,N,N,N
00026248,13,2026,966436,60846080801,3,N, , ,N,N,N
00026248,13,2026,966238,60846080901,3,N, , ,N,N,N
00026248,13,2026,966246,60846081001,3,N, , ,N,N,N
00026248,13,2026,966241,60846081101,3,N, , ,N,N,N
00026248,13,2026,966243,60846081201,3,N, , ,N,N,N
00026248,13,2026,313477,61314004475,3,N, , ,N,N,N
00026248,13,2026,860107,61314012605,2,N, , ,N,N,N
00026248,13,2026,2715393,61314022894,5,N, , ,Y,N,N
00026248,13,2026,831109,61314023710,2,N, , ,N,N,N
00026248,13,2026,978573,61314023805,2,N, , ,N,N,N
00026248,13,2026,2715520,61314024063,4,N, , ,Y,N,N
00026248,13,2026,308720,61314024501,3,N, , ,N,N,N
00026248,13,2026,314072,61314054701,1,Y,15,75,N,N,N
00026248,13,2026,244967,61314062810,2,N, , ,N,N,N
00026248,13,2026,310467,61314063305,2,N, , ,N,N,N
00026248,13,2026,2705573,61314065101,4,Y,1.5,84,Y,N,N
00026248,13,2026,2713887,61314065194,4,Y,1.5,84,Y,N,N
00026248,13,2026,2705576,61314065201,5,Y,3,84,Y,N,N
00026248,13,2026,309307,61314065605,2,N, , ,N,N,N
00026248,13,2026,309045,61442017130,3,N, , ,N,N,N
00026248,13,2026,197449,61442017230,3,N, , ,N,N,N
00026248,13,2026,1946772,61703035038,3,N, , ,N,N,N
00026248,13,2026,1667666,61874011530,4,Y,30,30,N,N,N
00026248,13,2026,1667670,61874013030,4,Y,30,30,N,N,N
00026248,13,2026,1667674,61874014530,4,Y,30,30,N,N,N
00026248,13,2026,1667678,61874016030,4,Y,30,30,N,N,N
00026248,13,2026,2729794,61874025030,4,Y,30,30,N,N,N
00026248,13,2026,2729798,61874027530,4,Y,30,30,N,N,N
00026248,13,2026,1243346,61958040301,5,Y,240,30,N,N,N
00026248,13,2026,1243326,61958040401,5,Y,30,30,N,N,N
00026248,13,2026,1243330,61958040501,5,Y,30,30,N,N,N
00026248,13,2026,1243229,61958040601,5,Y,30,30,N,N,N
00026248,13,2026,616148,61958060201,4,Y,850,30,N,N,N
00026248,13,2026,901614,61958090101,5,N, , ,Y,N,N
00026248,13,2026,1306298,61958120101,5,Y,30,30,N,N,N
00026248,13,2026,1551999,61958140101,3,Y,30,30,N,N,N
00026248,13,2026,1544471,61958170101,5,Y,60,30,Y,N,N
00026248,13,2026,1544475,61958170201,5,Y,60,30,Y,N,N
00026248,13,2026,1721619,61958190101,5,Y,30,30,N,N,N
00026248,13,2026,1747697,61958200201,5,Y,30,30,N,N,N
00026248,13,2026,2590643,61958200501,5,Y,30,30,N,N,N
00026248,13,2026,1741739,61958210101,5,Y,30,30,N,N,N
00026248,13,2026,1939335,61958240101,5,N, , ,Y,N,N
00026248,13,2026,1999673,61958250101,5,Y,30,30,N,N,N
00026248,13,2026,2584356,61958250501,5,Y,30,30,N,N,N
00026248,13,2026,2625898,61958300101,5,Y,4,28,N,N,N
00026248,13,2026,2625900,61958300102,5,Y,5,28,N,N,N
00026248,13,2026,2625896,61958300103,5,Y,4,28,N,N,N
00026248,13,2026,831226,62037059790,3,N, , ,N,N,N
00026248,13,2026,831255,62037059805,3,N, , ,N,N,N
00026248,13,2026,831309,62037059990,3,N, , ,N,N,N
00026248,13,2026,831338,62037060090,3,N, , ,N,N,N
00026248,13,2026,283077,62135025047,4,N, , ,N,N,N
00026248,13,2026,312614,62135033041,4,N, , ,N,N,N
00026248,13,2026,197624,62135043230,4,N, , ,N,N,N
00026248,13,2026,310796,62135066790,2,N, , ,N,N,N
00026248,13,2026,310797,62135066890,2,N, , ,N,N,N
00026248,13,2026,310809,62135066990,2,N, , ,N,N,N
00026248,13,2026,544455,62135089247,2,N, , ,N,N,N
00026248,13,2026,317769,62332002531,4,N, , ,N,N,N
00026248,13,2026,314241,62332002631,4,N, , ,N,N,N
00026248,13,2026,314208,62332003231,2,N, , ,N,N,N
00026248,13,2026,643019,62332010330,4,Y,60,30,Y,N,N
00026248,13,2026,866482,62332011531,3,N, , ,N,N,N
00026248,13,2026,866479,62332011631,3,N, , ,N,N,N
00026248,13,2026,205322,62332014131,4,Y,60,30,N,N,N
00026248,13,2026,1431235,62332049630,4,Y,30,30,Y,N,N
00026248,13,2026,1040041,62332049730,4,Y,60,30,Y,N,N
00026248,13,2026,1606337,62332054460,4,Y,60,30,Y,N,N
00026248,13,2026,313407,62332054505,4,N, , ,N,N,N
00026248,13,2026,313408,62332054605,4,N, , ,N,N,N
00026248,13,2026,861208,62332066105,4,N, , ,N,N,N
00026248,13,2026,311982,62559017331,5,N, , ,N,N,N
00026248,13,2026,104884,62559019016,4,N, , ,N,N,N
00026248,13,2026,197939,62559024001,4,N, , ,N,N,N
00026248,13,2026,197940,62559024101,4,N, , ,N,N,N
00026248,13,2026,197684,62559025001,3,Y,150,30,N,N,N
00026248,13,2026,197685,62559025101,3,Y,90,30,N,N,N
00026248,13,2026,793741,62559035660,4,N, , ,N,N,N
00026248,13,2026,886662,62559038001,3,N, , ,N,N,N
00026248,13,2026,886666,62559038101,3,N, , ,N,N,N
00026248,13,2026,886671,62559038201,3,N, , ,N,N,N
00026248,13,2026,310891,62559043130,2,Y,454,30,N,N,N
00026248,13,2026,197815,62559051001,2,N, , ,N,N,N
00026248,13,2026,197816,62559051101,2,N, , ,N,N,N
00026248,13,2026,198358,62559073001,4,N, , ,N,N,N
00026248,13,2026,198359,62559073101,4,N, , ,N,N,N
00026248,13,2026,312137,62756018488,3,N, , ,N,N,N
00026248,13,2026,312138,62756018588,3,N, , ,N,N,N
00026248,13,2026,308989,62756045788,4,N, , ,N,N,N
00026248,13,2026,308988,62756046188,4,N, , ,N,N,N
00026248,13,2026,2054157,62856070430,5,Y,30,30,Y,N,N
00026248,13,2026,1796665,62856070830,5,Y,60,30,Y,N,N
00026248,13,2026,1604384,62856071030,5,Y,30,30,Y,N,N
00026248,13,2026,2054159,62856071230,5,Y,90,30,Y,N,N
00026248,13,2026,1604350,62856071430,5,Y,60,30,Y,N,N
00026248,13,2026,1792393,62856071830,5,Y,90,30,Y,N,N
00026248,13,2026,1604395,62856072030,5,Y,60,30,Y,N,N
00026248,13,2026,1604352,62856072430,5,Y,90,30,Y,N,N
00026248,13,2026,825335,62935022305,4,Y,1,84,Y,N,N
00026248,13,2026,825333,62935030330,4,Y,1,112,Y,N,N
00026248,13,2026,825325,62935046150,4,Y,1,168,Y,N,N
00026248,13,2026,825334,62935075375,4,Y,1,28,Y,N,N
00026248,13,2026,212118,63010001030,5,Y,270,30,N,N,N
00026248,13,2026,542370,63010002770,5,Y,120,30,N,N,N
00026248,13,2026,1988768,63020009030,5,Y,30,30,Y,N,N
00026248,13,2026,1921228,63020011330,5,Y,120,30,Y,N,N
00026248,13,2026,1988772,63020018030,5,Y,30,30,Y,N,N
00026248,13,2026,1988786,63020019830,5,Y,30,30,Y,N,N
00026248,13,2026,2670190,63020021021,5,Y,84,28,Y,N,N
00026248,13,2026,2670198,63020022521,5,Y,21,28,Y,N,N
00026248,13,2026,1723763,63020023002,5,Y,3,28,Y,N,N
00026248,13,2026,1723767,63020039002,5,Y,3,28,Y,N,N
00026248,13,2026,1723772,63020040002,5,Y,3,28,Y,N,N
00026248,13,2026,1726639,63020053330,5,Y,30,30,Y,N,N
00026248,13,2026,1364362,63020053430,5,Y,30,30,Y,N,N
00026248,13,2026,1364358,63020053530,5,Y,30,30,Y,N,N
00026248,13,2026,2473042,63020053630,5,Y,30,30,Y,N,N
00026248,13,2026,2049271,63090010030,5,Y,30,30,Y,N,N
00026248,13,2026,2049278,63090034030,5,Y,30,30,Y,N,N
00026248,13,2026,616279,63304009127,5,Y,90,30,Y,N,N
00026248,13,2026,616285,63304009227,5,Y,30,30,Y,N,N
00026248,13,2026,1541890,63304009327,5,Y,30,30,Y,N,N
00026248,13,2026,616289,63304009427,5,Y,30,30,Y,N,N
00026248,13,2026,197518,63304069205,2,N, , ,N,N,N
00026248,13,2026,284215,63304069301,2,N, , ,N,N,N
00026248,13,2026,544840,63323013011,4,N, , ,N,N,N
00026248,13,2026,865129,63323028110,4,N, , ,Y,N,N
00026248,13,2026,1807513,63323028420,4,N, , ,N,N,N
00026248,13,2026,313416,63323030502,4,N, , ,N,N,N
00026248,13,2026,597823,63323030602,4,N, , ,N,N,N
00026248,13,2026,239209,63323031461,4,N, , ,N,N,N
00026248,13,2026,1726214,63323032225,4,N, , ,N,N,N
00026248,13,2026,1721460,63323032820,4,N, , ,N,N,N
00026248,13,2026,1726204,63323034925,4,N, , ,N,N,N
00026248,13,2026,312069,63323037601,4,N, , ,Y,N,N
00026248,13,2026,312070,63323037701,4,N, , ,Y,N,N
00026248,13,2026,312071,63323037905,5,N, , ,Y,N,N
00026248,13,2026,1664981,63323040120,4,N, , ,N,N,N
00026248,13,2026,859867,63323046905,4,N, , ,Y,N,N
00026248,13,2026,204416,63323047410,4,N, , ,Y,N,N
00026248,13,2026,309783,63323066910,4,N, , ,N,N,N
00026248,13,2026,403890,63323068310,4,N, , ,N,N,N
00026248,13,2026,307719,63323069030,4,N, , ,Y,N,N
00026248,13,2026,861379,63323072810,4,N, , ,N,N,N
00026248,13,2026,861383,63323072910,4,N, , ,N,N,N
00026248,13,2026,1795252,63323086904,4,N, , ,N,N,N
00026248,13,2026,1795346,63323087074,4,N, , ,N,N,N
00026248,13,2026,204520,63323096730,4,N, , ,N,N,N
00026248,13,2026,1442681,63459091017,5,N, , ,Y,N,N
00026248,13,2026,1442683,63459091217,5,N, , ,Y,N,N
00026248,13,2026,2101459,63459091859,5,N, , ,Y,N,N
00026248,13,2026,1926823,63833082802,5,Y,27,28,Y,N,N
00026248,13,2026,1926827,63833082902,5,Y,18,28,Y,N,N
00026248,13,2026,835564,64125013401,4,N, , ,N,N,N
00026248,13,2026,835568,64125013501,4,N, , ,N,N,N
00026248,13,2026,860215,64380015801,3,N, , ,N,N,N
00026248,13,2026,860221,64380015901,3,N, , ,N,N,N
00026248,13,2026,860225,64380016001,4,N, , ,N,N,N
00026248,13,2026,349491,64380071104,3,Y,30,30,N,N,N
00026248,13,2026,200060,64380072506,3,N, , ,Y,N,N
00026248,13,2026,200132,64380075806,3,Y,360,30,N,N,N
00026248,13,2026,577208,64380076111,3,N, , ,N,N,N
00026248,13,2026,801054,64380076921,2,N, , ,N,N,N
00026248,13,2026,198145,64380078408,2,N, , ,N,N,N
00026248,13,2026,866111,64380078706,2,N, , ,N,N,N
00026248,13,2026,197807,64380080707,2,Y,120,30,N,N,N
00026248,13,2026,197806,64380080807,2,Y,150,30,N,N,N
00026248,13,2026,197853,64380082706,3,N, , ,N,N,N
00026248,13,2026,197303,64380083306,4,N, , ,N,N,N
00026248,13,2026,197304,64380083406,4,N, , ,N,N,N
00026248,13,2026,312529,64380086006,2,N, , ,N,N,N
00026248,13,2026,2669916,64406002901,5,Y,28,365,N,N,N
00026248,13,2026,2669920,64406003002,5,Y,28,365,N,N,N
00026248,13,2026,2669924,64406003101,5,Y,14,365,N,N,N
00026248,13,2026,2667342,64764010821,5,Y,1.36,28,Y,N,N
00026248,13,2026,1790892,64764072030,4,Y,30,30,N,N,N
00026248,13,2026,1790886,64764073030,4,Y,30,30,N,N,N
00026248,13,2026,1790890,64764075030,4,Y,30,30,N,N,N
00026248,13,2026,2586079,64764080028,5,Y,120,30,N,N,N
00026248,13,2026,2628204,64842012004,5,Y,84,28,Y,N,N
00026248,13,2026,2628206,64842012005,5,Y,112,28,Y,N,N
00026248,13,2026,2628208,64842012006,5,Y,140,28,Y,N,N
00026248,13,2026,2384465,64842072709,5,Y,5,28,Y,N,N
00026248,13,2026,1670324,64842102003,5,Y,80,28,Y,N,N
00026248,13,2026,1670322,64842102501,5,Y,100,28,Y,N,N
00026248,13,2026,197724,64950021810,2,Y,90,30,N,N,N
00026248,13,2026,856940,64950034316,4,Y,2700,30,N,N,N
00026248,13,2026,993755,64950037416,3,Y,2700,30,N,N,N
00026248,13,2026,1117531,64980017750,4,N, , ,N,N,N
00026248,13,2026,1116758,64980017802,4,N, , ,N,N,N
00026248,13,2026,310489,64980027903,2,Y,240,30,N,N,N
00026248,13,2026,314006,64980028005,2,Y,120,30,N,N,N
00026248,13,2026,315107,64980028101,2,Y,60,30,N,N,N
00026248,13,2026,198076,64980029001,4,N, , ,Y,N,N
00026248,13,2026,198077,64980029101,4,N, , ,Y,N,N
00026248,13,2026,198075,64980029301,4,N, , ,Y,N,N
00026248,13,2026,1440936,64980032430,2,Y,454,30,N,N,N
00026248,13,2026,244374,64980032802,4,N, , ,N,N,N
00026248,13,2026,1191299,64980032920,4,N, , ,N,N,N
00026248,13,2026,904419,64980034001,1,Y,120,30,N,N,N
00026248,13,2026,309077,64980040310,4,N, , ,N,N,N
00026248,13,2026,313428,64980040403,4,N, , ,N,N,N
00026248,13,2026,242680,64980040524,4,Y,960,30,N,N,N
00026248,13,2026,861064,64980040906,4,Y,300,30,N,N,N
00026248,13,2026,477234,64980042602,4,N, , ,N,N,N
00026248,13,2026,197380,64980043710,1,N, , ,N,N,N
00026248,13,2026,197381,64980043810,1,N, , ,N,N,N
00026248,13,2026,197379,64980043910,1,N, , ,N,N,N
00026248,13,2026,1923428,64980051305,1,N, , ,N,N,N
00026248,13,2026,1992303,64980051405,1,N, , ,N,N,N
00026248,13,2026,427163,64980052621,4,Y,20,30,N,N,N
00026248,13,2026,1490065,65162005703,3,N, , ,N,N,N
00026248,13,2026,310432,65162010350,3,Y,270,30,N,N,N
00026248,13,2026,2399892,65162012608,4,N, , ,N,N,N
00026248,13,2026,2399895,65162014808,4,N, , ,N,N,N
00026248,13,2026,2399898,65162014908,4,N, , ,N,N,N
00026248,13,2026,2399901,65162015008,4,N, , ,N,N,N
00026248,13,2026,198013,65162018810,1,Y,180,30,N,N,N
00026248,13,2026,198012,65162018910,1,Y,120,30,N,N,N
00026248,13,2026,1797113,65162022621,4,N, , ,N,N,N
00026248,13,2026,2399904,65162022808,4,N, , ,N,N,N
00026248,13,2026,1098134,65162032309,4,Y,60,30,N,N,N
00026248,13,2026,2531285,65162035803,3,N, , ,N,N,N
00026248,13,2026,995624,65162044110,2,N, , ,N,N,N
00026248,13,2026,995666,65162044210,2,N, , ,N,N,N
00026248,13,2026,2266506,65162046935,3,N, , ,N,N,N
00026248,13,2026,857336,65162057110,3,N, , ,N,N,N
00026248,13,2026,857321,65162057210,3,N, , ,N,N,N
00026248,13,2026,857328,65162057310,3,N, , ,N,N,N
00026248,13,2026,857340,65162057410,3,N, , ,N,N,N
00026248,13,2026,835603,65162062711,2,Y,240,30,N,N,N
00026248,13,2026,283536,65162064978,4,N, , ,N,N,N
00026248,13,2026,199387,65162067384,4,Y,480,30,Y,N,N
00026248,13,2026,351285,65162070588,4,Y,600,30,N,N,N
00026248,13,2026,1308569,65162074934,4,N, , ,N,N,N
00026248,13,2026,1099563,65162075550,4,N, , ,N,N,N
00026248,13,2026,1099569,65162075750,4,N, , ,N,N,N
00026248,13,2026,1244214,65162077810,4,Y,90,30,Y,N,N
00026248,13,2026,1745091,65162079108,4,Y,90,30,Y,N,N
00026248,13,2026,725021,65162082534,4,N, , ,N,N,N
00026248,13,2026,725023,65162082634,4,N, , ,N,N,N
00026248,13,2026,348719,65162091446,5,N, , ,Y,N,N
00026248,13,2026,2110774,65162098908,4,N, , ,N,N,N
00026248,13,2026,2110777,65162099208,4,N, , ,N,N,N
00026248,13,2026,2110780,65162099308,4,N, , ,N,N,N
00026248,13,2026,2110783,65162099508,4,N, , ,N,N,N
00026248,13,2026,2110786,65162099708,4,N, , ,N,N,N
00026248,13,2026,630796,65219014210,4,N, , ,N,N,N
00026248,13,2026,1863605,65219014410,4,N, , ,N,N,N
00026248,13,2026,615099,65219014610,4,N, , ,N,N,N
00026248,13,2026,615100,65219014810,4,N, , ,N,N,N
00026248,13,2026,351209,65219019030,4,N, , ,Y,N,N
00026248,13,2026,1795609,65219046450,4,N, , ,N,N,N
00026248,13,2026,1799706,65219053325,4,N, , ,Y,N,N
00026248,13,2026,2686050,65219059601,5,Y,3.6,28,Y,N,N
00026248,13,2026,2686057,65219059810,5,Y,3.6,28,Y,N,N
00026248,13,2026,2626399,65597040720,5,Y,120,30,Y,N,N
00026248,13,2026,2643060,65597050428,5,Y,60,30,Y,N,N
00026248,13,2026,2643064,65597051128,5,Y,60,30,Y,N,N
00026248,13,2026,856666,65649030302,5,Y,90,30,Y,N,N
00026248,13,2026,2570398,65757065142,5,Y,30,30,Y,N,N
00026248,13,2026,2570401,65757065242,5,Y,30,30,Y,N,N
00026248,13,2026,2570404,65757065342,5,Y,30,30,Y,N,N
00026248,13,2026,2570407,65757065442,5,Y,30,30,Y,N,N
00026248,13,2026,861010,65862000905,1,Y,90,30,N,N,N
00026248,13,2026,312940,65862001105,1,Y,45,30,N,N,N
00026248,13,2026,312941,65862001205,1,Y,45,30,N,N,N
00026248,13,2026,312938,65862001305,1,Y,60,30,N,N,N
00026248,13,2026,308194,65862001501,2,N, , ,N,N,N
00026248,13,2026,308182,65862001605,2,N, , ,N,N,N
00026248,13,2026,283406,65862002106,4,Y,30,30,N,N,N
00026248,13,2026,283485,65862002306,4,Y,30,30,N,N,N
00026248,13,2026,756209,65862004824,4,Y,1920,30,N,N,N
00026248,13,2026,312962,65862005090,1,Y,45,30,N,N,N
00026248,13,2026,311943,65862005724,4,Y,1200,30,N,N,N
00026248,13,2026,313222,65862007930,2,Y,30,30,N,N,N
00026248,13,2026,309076,65862009520,4,N, , ,N,N,N
00026248,13,2026,309078,65862009620,4,N, , ,N,N,N
00026248,13,2026,198352,65862010701,4,Y,180,30,N,N,N
00026248,13,2026,315223,65862014636,2,Y,18,30,N,N,N
00026248,13,2026,313161,65862014736,2,Y,18,30,N,N,N
00026248,13,2026,313160,65862014836,2,Y,18,30,N,N,N
00026248,13,2026,854876,65862015901,2,Y,30,30,N,N,N
00026248,13,2026,854873,65862016001,2,Y,30,30,N,N,N
00026248,13,2026,198052,65862018730,2,N, , ,N,N,N
00026248,13,2026,312086,65862018830,2,N, , ,N,N,N
00026248,13,2026,979485,65862020199,1,Y,60,30,N,N,N
00026248,13,2026,979492,65862020299,1,Y,60,30,N,N,N
00026248,13,2026,979480,65862020399,1,Y,30,30,N,N,N
00026248,13,2026,248109,65862020768,4,N, , ,N,N,N
00026248,13,2026,309054,65862021801,3,N, , ,N,N,N
00026248,13,2026,476576,65862021960,3,N, , ,N,N,N
00026248,13,2026,197517,65862022660,3,N, , ,N,N,N
00026248,13,2026,854984,65862028601,2,N, , ,N,N,N
00026248,13,2026,854988,65862028701,2,N, , ,N,N,N
00026248,13,2026,854925,65862028801,2,N, , ,N,N,N
00026248,13,2026,312817,65862029084,3,N, , ,N,N,N
00026248,13,2026,310386,65862030612,3,Y,600,30,N,N,N
00026248,13,2026,904431,65862032904,1,Y,4,28,N,N,N
00026248,13,2026,309362,65862035705,1,N, , ,N,N,N
00026248,13,2026,198334,65862041901,2,N, , ,N,N,N
00026248,13,2026,198335,65862042005,2,N, , ,N,N,N
00026248,13,2026,198188,65862047501,1,N, , ,N,N,N
00026248,13,2026,198189,65862047605,1,N, , ,N,N,N
00026248,13,2026,261962,65862047705,1,N, , ,N,N,N
00026248,13,2026,313134,65862049647,4,N, , ,N,N,N
00026248,13,2026,617296,65862050220,2,N, , ,N,N,N
00026248,13,2026,562508,65862050320,2,N, , ,N,N,N
00026248,13,2026,313583,65862052790,2,Y,60,30,N,N,N
00026248,13,2026,313585,65862052890,2,Y,90,30,N,N,N
00026248,13,2026,617430,65862053401,3,N, , ,N,N,N
00026248,13,2026,199884,65862053650,2,N, , ,N,N,N
00026248,13,2026,199885,65862053750,2,N, , ,N,N,N
00026248,13,2026,311296,65862053820,2,N, , ,N,N,N
00026248,13,2026,251872,65862055990,2,Y,30,30,N,N,N
00026248,13,2026,200224,65862057490,2,N, , ,N,N,N
00026248,13,2026,898359,65862058501,1,N, , ,N,N,N
00026248,13,2026,562266,65862059601,4,N, , ,N,N,N
00026248,13,2026,260218,65862060130,3,Y,30,30,Y,N,N
00026248,13,2026,314215,65862065060,4,N, , ,N,N,N
00026248,13,2026,900575,65862068730,3,Y,360,30,N,N,N
00026248,13,2026,313581,65862069790,2,Y,30,30,N,N,N
00026248,13,2026,309097,65862069960,3,N, , ,N,N,N
00026248,13,2026,309098,65862070020,3,N, , ,N,N,N
00026248,13,2026,402246,65862071160,4,Y,30,30,N,N,N
00026248,13,2026,402247,65862071260,4,Y,60,30,N,N,N
00026248,13,2026,664741,65862071330,4,Y,30,30,N,N,N
00026248,13,2026,833528,65862073205,2,N, , ,N,N,N
00026248,13,2026,860715,65862074430,4,N, , ,N,N,N
00026248,13,2026,860695,65862074530,4,N, , ,N,N,N
00026248,13,2026,860707,65862074630,4,N, , ,N,N,N
00026248,13,2026,1800499,65862077685,4,N, , ,N,N,N
00026248,13,2026,1800500,65862077785,4,N, , ,N,N,N
00026248,13,2026,992150,65862078201,4,N, , ,N,N,N
00026248,13,2026,724863,65862080530,4,Y,30,30,Y,N,N
00026248,13,2026,724859,65862080630,4,Y,30,30,Y,N,N
00026248,13,2026,724861,65862080730,4,Y,30,30,Y,N,N
00026248,13,2026,403818,65862084003,4,N, , ,N,N,N
00026248,13,2026,485434,65862084130,4,N, , ,N,N,N
00026248,13,2026,485436,65862084230,4,N, , ,N,N,N
00026248,13,2026,197536,65862084401,3,Y,90,30,Y,N,N
00026248,13,2026,429212,65862084501,3,Y,90,30,Y,N,N
00026248,13,2026,197535,65862084605,4,Y,270,30,Y,N,N
00026248,13,2026,309374,65862084701,4,Y,120,30,Y,N,N
00026248,13,2026,310273,65862085901,2,N, , ,N,N,N
00026248,13,2026,284245,65862086001,2,N, , ,N,N,N
00026248,13,2026,2049264,65862086583,4,N, , ,N,N,N
00026248,13,2026,1856424,65862089788,4,N, , ,N,N,N
00026248,13,2026,1856402,65862089888,4,N, , ,N,N,N
00026248,13,2026,349514,65862091060,4,Y,30,30,N,N,N
00026248,13,2026,2052064,65862092585,3,N, , ,N,N,N
00026248,13,2026,861960,65862099830,4,Y,30,30,Y,N,N
00026248,13,2026,1488667,66302030001,4,N, , ,Y,N,N
00026248,13,2026,1488671,66302030201,5,N, , ,Y,N,N
00026248,13,2026,1488675,66302031001,5,N, , ,Y,N,N
00026248,13,2026,1488679,66302032501,5,N, , ,Y,N,N
00026248,13,2026,1858833,66302035001,5,N, , ,Y,N,N
00026248,13,2026,2630667,66302036128,5,N, , ,Y,N,N
00026248,13,2026,2630669,66302036256,5,N, , ,Y,N,N
00026248,13,2026,2630671,66302036384,5,N, , ,Y,N,N
00026248,13,2026,314230,66689034702,4,N, , ,Y,N,N
00026248,13,2026,1011736,66993014130,4,Y,30,30,N,N,N
00026248,13,2026,1011739,66993014230,4,Y,30,30,N,N,N
00026248,13,2026,1000153,66993037179,3,N, , ,N,N,N
00026248,13,2026,1488574,66993045630,3,Y,30,30,N,N,Y
00026248,13,2026,1488569,66993045730,3,Y,30,30,N,N,Y
00026248,13,2026,896184,66993058497,3,Y,60,30,N,N,N
00026248,13,2026,896209,66993058597,3,Y,60,30,N,N,N
00026248,13,2026,1367436,66993060536,3,N, , ,N,N,N
00026248,13,2026,351156,67457032325,4,N, , ,N,N,N
00026248,13,2026,859824,67457035959,4,N, , ,Y,N,N
00026248,13,2026,1719803,67457040913,4,N, , ,Y,N,N
00026248,13,2026,1719862,67457041013,4,N, , ,Y,N,N
00026248,13,2026,312821,67457044560,4,N, , ,N,N,N
00026248,13,2026,106351,67877012450,2,N, , ,N,N,N
00026248,13,2026,198241,67877014601,4,Y,30,30,N,N,N
00026248,13,2026,198242,67877014701,4,Y,30,30,N,N,N
00026248,13,2026,311880,67877023022,5,N, , ,Y,N,N
00026248,13,2026,312744,67877024210,3,Y,120,30,Y,N,N
00026248,13,2026,317174,67877024601,3,Y,120,30,Y,N,N
00026248,13,2026,312745,67877024760,3,Y,60,30,Y,N,N
00026248,13,2026,616483,67877024801,3,Y,60,30,Y,N,N
00026248,13,2026,616487,67877024910,3,Y,120,30,Y,N,N
00026248,13,2026,312743,67877025001,3,Y,120,30,Y,N,N
00026248,13,2026,636664,67877025930,4,N, , ,N,N,N
00026248,13,2026,312840,67877026118,3,Y,18,30,N,N,N
00026248,13,2026,314209,67877026218,3,Y,18,30,N,N,N
00026248,13,2026,596930,67877026410,3,Y,90,30,N,N,N
00026248,13,2026,199206,67877028660,4,N, , ,N,N,N
00026248,13,2026,197805,67877031905,2,Y,240,30,N,N,N
00026248,13,2026,860981,67877041401,1,Y,60,30,N,N,N
00026248,13,2026,311347,67877041920,4,N, , ,Y,N,N
00026248,13,2026,602964,67877043003,4,Y,45,30,Y,N,N
00026248,13,2026,349545,67877043203,4,Y,30,30,Y,N,N
00026248,13,2026,349490,67877043303,4,Y,30,30,Y,N,N
00026248,13,2026,349553,67877043403,4,Y,30,30,Y,N,N
00026248,13,2026,349547,67877043503,4,Y,30,30,Y,N,N
00026248,13,2026,897021,67877044460,3,N, , ,Y,N,N
00026248,13,2026,311204,67877045430,4,Y,120,30,N,N,N
00026248,13,2026,898715,67877045747,3,Y,900,30,N,N,N
00026248,13,2026,282755,67877048230,3,Y,30,30,N,N,N
00026248,13,2026,349556,67877049005,4,Y,30,30,N,N,N
00026248,13,2026,1116635,67877049160,4,N, , ,N,N,N
00026248,13,2026,409823,67877058450,4,N, , ,N,N,N
00026248,13,2026,1366192,67877065861,4,Y,480,30,Y,N,N
00026248,13,2026,197499,67877069601,2,N, , ,N,N,N
00026248,13,2026,993856,67877073295,4,N, , ,N,N,N
00026248,13,2026,2586427,67877083347,4,N, , ,N,N,N
00026248,13,2026,2588062,67877088271,3,Y,620,30,N,N,N
00026248,13,2026,1656354,67877095060,3,Y,60,30,N,N,N
00026248,13,2026,896762,68001038200,2,N, , ,N,N,N
00026248,13,2026,1648755,68001060600,3,N, , ,N,N,N
00026248,13,2026,854252,68001063942,4,Y,30,90,N,N,N
00026248,13,2026,309112,68180012101,2,N, , ,N,N,N
00026248,13,2026,310274,68180015001,4,N, , ,N,N,N
00026248,13,2026,309049,68180018001,2,N, , ,N,N,N
00026248,13,2026,309048,68180018102,3,N, , ,N,N,N
00026248,13,2026,105171,68180018203,3,N, , ,N,N,N
00026248,13,2026,979468,68180021509,1,Y,30,30,N,N,N
00026248,13,2026,979464,68180021609,1,Y,30,30,N,N,N
00026248,13,2026,979471,68180021709,1,Y,30,30,N,N,N
00026248,13,2026,995599,68180028001,4,N, , ,N,N,N
00026248,13,2026,995607,68180028101,4,N, , ,N,N,N
00026248,13,2026,1482507,68180029006,5,Y,30,30,N,N,N
00026248,13,2026,1482515,68180029106,5,Y,30,30,N,N,N
00026248,13,2026,1482521,68180029207,5,Y,60,30,N,N,N
00026248,13,2026,1482525,68180029306,5,Y,60,30,N,N,N
00026248,13,2026,670026,68180034507,4,Y,60,30,N,N,N
00026248,13,2026,1359269,68180034606,4,Y,30,30,N,N,N
00026248,13,2026,686379,68180039507,4,Y,60,30,N,N,N
00026248,13,2026,197452,68180040301,3,N, , ,N,N,N
00026248,13,2026,197453,68180040401,3,N, , ,N,N,N
00026248,13,2026,309110,68180044001,2,N, , ,N,N,N
00026248,13,2026,309113,68180044101,2,N, , ,N,N,N
00026248,13,2026,898356,68180045901,1,N, , ,N,N,N
00026248,13,2026,200345,68180046509,1,Y,30,30,N,N,N
00026248,13,2026,197903,68180046707,1,Y,60,30,N,N,N
00026248,13,2026,197904,68180046803,1,Y,60,30,N,N,N
00026248,13,2026,898342,68180047201,1,N, , ,N,N,N
00026248,13,2026,898346,68180047301,1,N, , ,N,N,N
00026248,13,2026,311353,68180051202,1,N, , ,N,N,N
00026248,13,2026,311354,68180051303,1,N, , ,N,N,N
00026248,13,2026,197885,68180051802,1,N, , ,N,N,N
00026248,13,2026,197886,68180051902,1,N, , ,N,N,N
00026248,13,2026,197887,68180052002,1,N, , ,N,N,N
00026248,13,2026,199353,68180056601,2,N, , ,N,N,N
00026248,13,2026,199351,68180056701,2,N, , ,N,N,N
00026248,13,2026,199352,68180056801,2,N, , ,N,N,N
00026248,13,2026,1649990,68180065208,4,N, , ,N,N,N
00026248,13,2026,198201,68180065806,3,N, , ,N,N,N
00026248,13,2026,198202,68180065907,3,N, , ,N,N,N
00026248,13,2026,728109,68180067511,3,Y,168,365,N,N,N
00026248,13,2026,1115698,68180067801,3,Y,1080,365,N,N,N
00026248,13,2026,833709,68180069706,4,Y,30,30,Y,N,N
00026248,13,2026,833711,68180069806,4,Y,30,30,Y,N,N
00026248,13,2026,833713,68180069906,4,Y,30,30,Y,N,N
00026248,13,2026,2059015,68180070909,3,Y,60,30,N,N,N
00026248,13,2026,200346,68180071160,3,N, , ,N,N,N
00026248,13,2026,308135,68180072103,1,N, , ,N,N,N
00026248,13,2026,1422081,68180073973,4,N, , ,N,N,N
00026248,13,2026,898350,68180075501,1,N, , ,N,N,N
00026248,13,2026,898353,68180075601,1,N, , ,N,N,N
00026248,13,2026,672149,68180080136,5,Y,180,30,Y,N,N
00026248,13,2026,749860,68180084073,4,N, , ,N,N,N
00026248,13,2026,751901,68180084313,4,N, , ,N,N,N
00026248,13,2026,1356074,68180084473,4,N, , ,N,N,N
00026248,13,2026,748868,68180085473,4,N, , ,N,N,N
00026248,13,2026,748832,68180085773,4,N, , ,N,N,N
00026248,13,2026,1722680,68180086473,4,N, , ,N,N,N
00026248,13,2026,1729516,68180086913,4,N, , ,N,N,N
00026248,13,2026,1486452,68180087373,4,N, , ,N,N,N
00026248,13,2026,1485332,68180087573,4,N, , ,N,N,N
00026248,13,2026,748961,68180087673,3,N, , ,N,N,N
00026248,13,2026,1543553,68180088673,4,N, , ,N,N,N
00026248,13,2026,2665903,68180089513,4,N, , ,N,N,N
00026248,13,2026,848180,68180094702,4,Y,200,28,N,N,N
00026248,13,2026,892251,68180097501,1,N, , ,N,N,N
00026248,13,2026,892255,68180097601,1,N, , ,N,N,N
00026248,13,2026,314076,68180098003,1,N, , ,N,N,N
00026248,13,2026,314077,68180098103,1,N, , ,N,N,N
00026248,13,2026,205326,68180098201,1,N, , ,N,N,N
00026248,13,2026,1738511,68382000105,2,Y,45,30,N,N,N
00026248,13,2026,197388,68382000301,3,N, , ,Y,N,N
00026248,13,2026,205316,68382000414,3,N, , ,N,N,N
00026248,13,2026,205315,68382000514,3,N, , ,N,N,N
00026248,13,2026,992438,68382004001,4,N, , ,N,N,N
00026248,13,2026,992447,68382004101,4,N, , ,N,N,N
00026248,13,2026,314035,68382008001,3,N, , ,Y,N,N
00026248,13,2026,197754,68382008101,3,N, , ,Y,N,N
00026248,13,2026,686924,68382009205,1,N, , ,N,N,N
00026248,13,2026,200031,68382009305,1,N, , ,N,N,N
00026248,13,2026,200032,68382009405,1,N, , ,N,N,N
00026248,13,2026,200033,68382009505,1,N, , ,N,N,N
00026248,13,2026,1738483,68382009705,2,Y,45,30,N,N,N
00026248,13,2026,1738495,68382009810,2,Y,30,30,N,N,N
00026248,13,2026,1738503,68382009905,2,Y,60,30,N,N,N
00026248,13,2026,1099596,68382010610,4,N, , ,N,N,N
00026248,13,2026,863669,68382013201,2,Y,60,30,N,N,N
00026248,13,2026,199888,68382013805,2,N, , ,N,N,N
00026248,13,2026,151226,68382013905,2,N, , ,N,N,N
00026248,13,2026,199889,68382014005,2,N, , ,N,N,N
00026248,13,2026,845488,68382014406,1,N, , ,N,N,N
00026248,13,2026,861731,68382018401,2,Y,240,30,N,N,N
00026248,13,2026,861736,68382018501,2,Y,120,30,N,N,N
00026248,13,2026,861740,68382018601,2,Y,120,30,N,N,N
00026248,13,2026,863636,68382025501,3,Y,30,30,N,N,N
00026248,13,2026,863619,68382025601,3,Y,90,30,N,N,N
00026248,13,2026,825130,68382045219,4,Y,120,30,N,N,N
00026248,13,2026,849389,68382051201,3,N, , ,N,N,N
00026248,13,2026,905158,68382052001,4,N, , ,Y,N,N
00026248,13,2026,197419,68382052701,3,N, , ,N,N,N
00026248,13,2026,1801279,68382052960,4,N, , ,N,N,N
00026248,13,2026,199376,68382053601,4,N, , ,N,N,N
00026248,13,2026,199381,68382053701,4,N, , ,N,N,N
00026248,13,2026,686429,68382071119,4,Y,120,30,N,N,N
00026248,13,2026,314142,68382072116,3,Y,180,30,N,N,N
00026248,13,2026,311919,68382072216,3,Y,90,30,N,N,N
00026248,13,2026,1988308,68382074516,3,N, , ,N,N,N
00026248,13,2026,1988311,68382074616,3,N, , ,N,N,N
00026248,13,2026,1988316,68382074716,3,N, , ,N,N,N
00026248,13,2026,1988319,68382074816,3,N, , ,N,N,N
00026248,13,2026,1988324,68382074916,3,N, , ,N,N,N
00026248,13,2026,1988330,68382075016,3,N, , ,N,N,N
00026248,13,2026,1649401,68382078201,4,N, , ,N,N,N
00026248,13,2026,856373,68382080601,2,N, , ,N,N,N
00026248,13,2026,603208,68382091306,5,Y,60,30,Y,N,N
00026248,13,2026,197973,68382091711,2,N, , ,N,N,N
00026248,13,2026,328161,68382091818,2,N, , ,N,N,N
00026248,13,2026,197971,68382091911,2,N, , ,N,N,N
00026248,13,2026,2054979,68418793906,5,N, , ,N,N,N
00026248,13,2026,2054983,68418794006,5,N, , ,N,N,N
00026248,13,2026,2055016,68418794106,5,N, , ,N,N,N
00026248,13,2026,2055014,68418794206,5,N, , ,N,N,N
00026248,13,2026,197700,68462010430,2,N, , ,N,N,N
00026248,13,2026,754508,68462011233,4,N, , ,Y,N,N
00026248,13,2026,310433,68462012605,2,Y,180,30,N,N,N
00026248,13,2026,310434,68462012705,2,Y,135,30,N,N,N
00026248,13,2026,403966,68462012801,3,N, , ,N,N,N
00026248,13,2026,403967,68462012901,3,N, , ,N,N,N
00026248,13,2026,1358776,68462013281,4,N, , ,N,N,N
00026248,13,2026,312136,68462013701,3,N, , ,N,N,N
00026248,13,2026,104894,68462015713,3,N, , ,N,N,N
00026248,13,2026,849431,68462017901,4,Y,90,30,N,N,N
00026248,13,2026,198014,68462019005,1,Y,90,30,N,N,N
00026248,13,2026,1299896,68462020801,2,N, , ,N,N,N
00026248,13,2026,1299897,68462020901,2,N, , ,N,N,N
00026248,13,2026,311355,68462022001,2,N, , ,N,N,N
00026248,13,2026,197891,68462022301,2,N, , ,N,N,N
00026248,13,2026,197892,68462022401,2,N, , ,N,N,N
00026248,13,2026,311265,68462022801,3,N, , ,N,N,N
00026248,13,2026,311264,68462022901,3,N, , ,N,N,N
00026248,13,2026,312847,68462025601,2,N, , ,N,N,N
00026248,13,2026,897649,68462026001,2,N, , ,N,N,N
00026248,13,2026,859747,68462026290,2,Y,45,30,N,N,N
00026248,13,2026,349592,68462026630,4,Y,60,30,N,N,N
00026248,13,2026,349594,68462026830,4,Y,60,30,N,N,N
00026248,13,2026,349595,68462026930,4,Y,30,30,N,N,N
00026248,13,2026,608143,68462027030,4,Y,30,30,N,N,N
00026248,13,2026,608139,68462027130,4,Y,30,30,N,N,N
00026248,13,2026,897659,68462029201,2,N, , ,N,N,N
00026248,13,2026,977836,68462030329,3,N, , ,N,N,N
00026248,13,2026,1000405,68462030450,3,N, , ,N,N,N
00026248,13,2026,1094543,68462031629,4,N, , ,N,N,N
00026248,13,2026,1252016,68462031829,4,N, , ,N,N,N
00026248,13,2026,348472,68462035601,3,N, , ,N,N,N
00026248,13,2026,313291,68462038001,3,N, , ,N,N,N
00026248,13,2026,1245919,68462038829,4,N, , ,N,N,N
00026248,13,2026,1242786,68462039429,4,N, , ,N,N,N
00026248,13,2026,200329,68462039710,2,Y,60,30,N,N,N
00026248,13,2026,864681,68462040201,4,N, , ,N,N,N
00026248,13,2026,864675,68462040467,4,N, , ,N,N,N
00026248,13,2026,259081,68462040560,4,N, , ,N,N,N
00026248,13,2026,861156,68462040860,4,N, , ,N,N,N
00026248,13,2026,861164,68462040960,4,N, , ,N,N,N
00026248,13,2026,861171,68462041060,4,N, , ,N,N,N
00026248,13,2026,1989873,68462041929,4,N, , ,N,N,N
00026248,13,2026,349373,68462043630,2,Y,60,30,N,N,N
00026248,13,2026,349401,68462043730,2,Y,30,30,N,N,N
00026248,13,2026,858751,68462047301,4,N, , ,N,N,N
00026248,13,2026,858733,68462047401,4,N, , ,N,N,N
00026248,13,2026,313921,68462050165,4,Y,120,30,N,N,N
00026248,13,2026,314266,68462053435,4,N, , ,Y,N,N
00026248,13,2026,749784,68462056529,4,N, , ,N,N,N
00026248,13,2026,200311,68462058001,3,Y,30,30,N,N,N
00026248,13,2026,644088,68462058340,4,N, , ,Y,N,N
00026248,13,2026,403810,68462058476,4,N, , ,Y,N,N
00026248,13,2026,198039,68462063945,2,N, , ,N,N,N
00026248,13,2026,198040,68462064001,2,N, , ,N,N,N
00026248,13,2026,748798,68462072029,4,N, , ,N,N,N
00026248,13,2026,1989507,68462073129,4,N, , ,N,N,N
00026248,13,2026,748800,68462073329,4,N, , ,N,N,N
00026248,13,2026,749788,68462089404,4,N, , ,N,N,N
00026248,13,2026,855657,68682010301,2,Y,60,30,N,N,N
00026248,13,2026,1366550,68682030930,5,Y,30,30,Y,N,N
00026248,13,2026,830795,68682037190,3,N, , ,N,N,N
00026248,13,2026,831359,68682037290,3,N, , ,N,N,N
00026248,13,2026,2721205,68727025001,5,Y,20,28,Y,N,N
00026248,13,2026,2265729,68968017203,5,Y,30,30,Y,N,N
00026248,13,2026,2265732,68968017303,5,Y,30,30,Y,N,N
00026248,13,2026,2265735,68968017403,5,Y,30,30,Y,N,N
00026248,13,2026,1251495,68968051408,4,N, , ,N,N,N
00026248,13,2026,1251501,68968052508,4,N, , ,N,N,N
00026248,13,2026,1664463,68992301001,4,N, , ,Y,N,N
00026248,13,2026,1664440,68992304001,5,N, , ,Y,N,N
00026248,13,2026,1664458,68992307501,4,N, , ,Y,N,N
00026248,13,2026,1495070,69051030001,5,N, , ,N,N,N
00026248,13,2026,199890,69097012503,2,N, , ,N,N,N
00026248,13,2026,2123111,69097014260,3,Y,13.4,30,N,N,N
00026248,13,2026,1437702,69097017353,2,N, , ,Y,N,N
00026248,13,2026,904396,69097022316,1,Y,4,28,N,N,N
00026248,13,2026,349477,69097030102,4,Y,30,30,N,N,N
00026248,13,2026,252559,69097032187,4,N, , ,Y,N,N
00026248,13,2026,239238,69097036108,4,N, , ,N,N,N
00026248,13,2026,602393,69097036202,4,Y,30,30,N,N,N
00026248,13,2026,477560,69097045805,3,Y,30,30,N,N,N
00026248,13,2026,477562,69097045905,3,Y,60,30,N,N,N
00026248,13,2026,861668,69097050327,5,Y,8,28,Y,N,N
00026248,13,2026,1437968,69097051607,4,N, , ,Y,N,N
00026248,13,2026,1437969,69097051707,4,N, , ,Y,N,N
00026248,13,2026,403875,69097064202,4,Y,30,30,N,N,N
00026248,13,2026,310430,69097081312,3,Y,1080,30,N,N,N
00026248,13,2026,310459,69097082112,2,Y,60,30,N,N,N
00026248,13,2026,603103,69097085107,2,Y,120,30,N,N,N
00026248,13,2026,314285,69097086107,3,N, , ,N,N,N
00026248,13,2026,2606516,69097090950,4,Y,1,84,Y,N,N
00026248,13,2026,250820,69097096453,5,Y,180,30,N,N,N
00026248,13,2026,311892,69097096507,2,Y,120,30,N,N,N
00026248,13,2026,1731020,69102010501,2,N, , ,N,N,N
00026248,13,2026,2001506,69102015006,2,N, , ,N,N,N
00026248,13,2026,2001508,69102030101,2,N, , ,N,N,N
00026248,13,2026,2003796,69102031901,2,N, , ,N,N,N
00026248,13,2026,2003801,69102032001,2,N, , ,N,N,N
00026248,13,2026,2724466,69102041801,5,N, , ,N,N,N
00026248,13,2026,403930,69238101703,4,N, , ,Y,N,N
00026248,13,2026,197843,69238117403,4,N, , ,Y,N,N
00026248,13,2026,197844,69238117503,4,N, , ,Y,N,N
00026248,13,2026,197845,69238117603,4,N, , ,Y,N,N
00026248,13,2026,312122,69238126601,3,Y,84,365,N,N,N
00026248,13,2026,197316,69238134401,4,N, , ,N,N,N
00026248,13,2026,197318,69238134501,4,N, , ,N,N,N
00026248,13,2026,314182,69238145802,4,N, , ,N,N,N
00026248,13,2026,312515,69238145902,4,N, , ,N,N,N
00026248,13,2026,197417,69238148901,3,N, , ,N,N,N
00026248,13,2026,197418,69238149001,3,N, , ,N,N,N
00026248,13,2026,198250,69238152201,4,N, , ,N,N,N
00026248,13,2026,198252,69238152301,4,N, , ,N,N,N
00026248,13,2026,242446,69238161503,3,N, , ,N,N,N
00026248,13,2026,1373497,69238162603,4,Y,60,30,Y,N,N
00026248,13,2026,197606,69238199201,2,Y,30,30,N,N,N
00026248,13,2026,309332,69238203107,4,N, , ,N,N,N
00026248,13,2026,308724,69238208806,5,N, , ,Y,N,N
00026248,13,2026,1744001,69238209203,4,Y,30,30,N,N,N
00026248,13,2026,1744005,69238209303,5,Y,30,30,N,N,N
00026248,13,2026,1744009,69238209403,4,Y,30,30,N,N,N
00026248,13,2026,308962,69292052801,4,N, , ,N,N,N
00026248,13,2026,1243585,69292072225,3,N, , ,N,N,N
00026248,13,2026,310429,69315011610,1,N, , ,N,N,N
00026248,13,2026,313988,69315011710,1,N, , ,N,N,N
00026248,13,2026,885219,69315013601,3,N, , ,N,N,N
00026248,13,2026,885213,69315013701,3,N, , ,N,N,N
00026248,13,2026,885209,69315013810,3,N, , ,N,N,N
00026248,13,2026,646456,69315030660,4,N, , ,N,N,N
00026248,13,2026,1790684,69315031228,2,Y,454,30,N,N,N
00026248,13,2026,197900,69315090405,2,Y,120,30,Y,N,N
00026248,13,2026,197901,69315090510,2,Y,120,30,Y,N,N
00026248,13,2026,197902,69315090601,2,Y,150,30,Y,N,N
00026248,13,2026,1190572,69315091001,4,N, , ,Y,N,N
00026248,13,2026,1099681,69452015020,2,N, , ,N,N,N
00026248,13,2026,308867,69452020720,2,N, , ,N,N,N
00026248,13,2026,308868,69452020820,2,N, , ,N,N,N
00026248,13,2026,198037,69452020913,4,N, , ,N,N,N
00026248,13,2026,903891,69452028820,3,Y,30,30,N,N,N
00026248,13,2026,205324,69452034313,3,Y,30,30,Y,N,N
00026248,13,2026,835593,69584042510,4,N, , ,N,N,N
00026248,13,2026,1437713,69639012001,5,Y,60,30,Y,N,N
00026248,13,2026,861232,70010003401,4,Y,30,30,N,N,N
00026248,13,2026,1091225,70010004301,4,Y,90,30,Y,N,N
00026248,13,2026,861007,70010006310,1,Y,150,30,N,N,N
00026248,13,2026,315183,70010014701,2,N, , ,N,N,N
00026248,13,2026,860975,70010049105,1,Y,120,30,N,N,N
00026248,13,2026,197943,70010075401,3,N, , ,N,N,N
00026248,13,2026,197944,70010077001,3,N, , ,N,N,N
00026248,13,2026,1923432,70069005101,2,N, , ,N,N,N
00026248,13,2026,1659929,70069007110,2,N, , ,N,N,N
00026248,13,2026,313415,70069013101,2,N, , ,N,N,N
00026248,13,2026,1000647,70069018101,4,N, , ,N,N,N
00026248,13,2026,1000862,70069019101,4,N, , ,N,N,N
00026248,13,2026,1000897,70069020101,4,N, , ,N,N,N
00026248,13,2026,861200,70069023101,2,N, , ,N,N,N
00026248,13,2026,2058906,70127010010,5,N, , ,Y,N,N
00026248,13,2026,2049133,70255001002,5,Y,180,30,Y,N,N
00026248,13,2026,2049121,70255002501,5,Y,180,30,Y,N,N
00026248,13,2026,2541513,70370106001,5,Y,30,30,Y,N,N
00026248,13,2026,1986331,70370108001,5,Y,30,30,Y,N,N
00026248,13,2026,1918230,70370204001,5,Y,30,30,Y,N,N
00026248,13,2026,2054269,70370204806,5,Y,28,28,Y,N,N
00026248,13,2026,2680780,70370404001,5,Y,30,30,Y,N,N
00026248,13,2026,2680782,70370406001,5,Y,30,30,Y,N,N
00026248,13,2026,2680784,70370408001,5,Y,30,30,Y,N,N
00026248,13,2026,998189,70377001022,5,Y,30,30,Y,N,N
00026248,13,2026,845515,70377001122,5,Y,60,30,Y,N,N
00026248,13,2026,1119400,70377001222,5,Y,30,30,Y,N,N
00026248,13,2026,845507,70377001322,5,Y,30,30,Y,N,N
00026248,13,2026,432402,70436000704,4,N, , ,Y,N,N
00026248,13,2026,432401,70436000804,4,N, , ,Y,N,N
00026248,13,2026,432400,70436000904,4,N, , ,Y,N,N
00026248,13,2026,993541,70436001002,3,Y,90,30,N,N,N
00026248,13,2026,993557,70436001102,3,Y,30,30,N,N,N
00026248,13,2026,1874553,70436001304,4,Y,30,30,N,N,N
00026248,13,2026,1668238,70436001982,4,N, , ,N,N,N
00026248,13,2026,1607617,70436003604,4,Y,30,30,N,N,N
00026248,13,2026,198116,70436015301,2,N, , ,N,N,N
00026248,13,2026,141963,70436022236,3,N, , ,N,N,N
00026248,13,2026,465355,70436023039,4,N, , ,Y,N,N
00026248,13,2026,1940654,70437024018,5,Y,180,30,Y,N,N
00026248,13,2026,1798999,70505022060,5,N, , ,N,N,N
00026248,13,2026,1807632,70512084111,4,N, , ,N,N,N
00026248,13,2026,1921081,70539000102,5,N, , ,Y,N,N
00026248,13,2026,1117522,70594002304,4,N, , ,N,N,N
00026248,13,2026,1866047,70700011385,4,N, , ,N,N,N
00026248,13,2026,1099026,70700011485,4,N, , ,N,N,N
00026248,13,2026,1099269,70700011585,4,N, , ,N,N,N
00026248,13,2026,1006065,70700011685,4,N, , ,N,N,N
00026248,13,2026,1020155,70700011787,4,N, , ,N,N,N
00026248,13,2026,1720616,70700011885,4,N, , ,N,N,N
00026248,13,2026,1369737,70700011985,4,N, , ,N,N,N
00026248,13,2026,1722676,70700012085,4,N, , ,N,N,N
00026248,13,2026,1369770,70700012185,4,N, , ,N,N,N
00026248,13,2026,2619677,70700014335,4,N, , ,N,N,N
00026248,13,2026,2619679,70700014435,4,N, , ,N,N,N
00026248,13,2026,2619683,70700014535,4,N, , ,N,N,N
00026248,13,2026,2644707,70700015691,3,N, , ,N,N,N
00026248,13,2026,260243,70700016201,3,N, , ,N,N,N
00026248,13,2026,312641,70700016301,3,N, , ,N,N,N
00026248,13,2026,2619681,70700019435,4,N, , ,N,N,N
00026248,13,2026,2619685,70700019535,4,N, , ,N,N,N
00026248,13,2026,808917,70700026894,3,N, , ,N,N,N
00026248,13,2026,1607784,70700027030,4,N, , ,Y,N,N
00026248,13,2026,2704561,70700030484,4,N, , ,N,N,N
00026248,13,2026,2704562,70700030584,3,N, , ,N,N,N
00026248,13,2026,2703269,70700030785,4,N, , ,N,N,N
00026248,13,2026,2703268,70700030884,4,N, , ,N,N,N
00026248,13,2026,2703270,70700030985,4,N, , ,N,N,N
00026248,13,2026,2703554,70700031085,4,N, , ,N,N,N
00026248,13,2026,2714657,70700031379,4,N, , ,N,N,N
00026248,13,2026,2712092,70700031479,4,N, , ,N,N,N
00026248,13,2026,2704560,70700031685,3,N, , ,N,N,N
00026248,13,2026,2716571,70700031784,3,N, , ,N,N,N
00026248,13,2026,2696255,70700032650,3,N, , ,N,N,N
00026248,13,2026,2706646,70700033085,4,N, , ,N,N,N
00026248,13,2026,2569480,70709001303,5,Y,18,30,Y,N,N
00026248,13,2026,866144,70710111001,4,N, , ,Y,N,N
00026248,13,2026,197698,70710113803,2,N, , ,N,N,N
00026248,13,2026,197383,70710116701,2,N, , ,N,N,N
00026248,13,2026,197382,70710116801,2,N, , ,N,N,N
00026248,13,2026,722122,70710117903,4,Y,30,30,Y,N,N
00026248,13,2026,722116,70710118003,4,Y,30,30,Y,N,N
00026248,13,2026,1534809,70710119003,3,N, , ,N,N,N
00026248,13,2026,856783,70710122501,3,N, , ,N,N,N
00026248,13,2026,1607796,70710127503,3,N, , ,Y,N,N
00026248,13,2026,1607792,70710127703,4,N, , ,Y,N,N
00026248,13,2026,1490026,70710138909,4,N, , ,Y,N,N
00026248,13,2026,1490034,70710139009,4,N, , ,Y,N,N
00026248,13,2026,1490038,70710139109,4,N, , ,Y,N,N
00026248,13,2026,801957,70710207802,4,Y,5,30,N,N,N
00026248,13,2026,1872458,70720012585,5,Y,90,30,Y,N,N
00026248,13,2026,2719335,70748023806,5,N, , ,Y,N,N
00026248,13,2026,2719337,70748023906,5,N, , ,Y,N,N
00026248,13,2026,2274815,70748024013,5,N, , ,Y,N,N
00026248,13,2026,2274813,70748024113,5,N, , ,Y,N,N
00026248,13,2026,2044968,70748024213,5,N, , ,Y,N,N
00026248,13,2026,2044966,70748024313,5,N, , ,Y,N,N
00026248,13,2026,2044970,70748024413,5,N, , ,Y,N,N
00026248,13,2026,1376336,70748033202,3,N, , ,N,N,N
00026248,13,2026,755497,70752010212,4,N, , ,N,N,N
00026248,13,2026,1085741,70752012905,3,Y,120,30,N,N,N
00026248,13,2026,198175,70752017110,3,N, , ,N,N,N
00026248,13,2026,351133,70756021490,3,Y,60,30,N,N,N
00026248,13,2026,857297,70756040511,4,N, , ,N,N,N
00026248,13,2026,857301,70756040611,4,N, , ,N,N,N
00026248,13,2026,857305,70756040711,4,N, , ,N,N,N
00026248,13,2026,863664,70954000520,2,Y,120,30,N,N,N
00026248,13,2026,313362,70954001410,4,N, , ,Y,N,N
00026248,13,2026,313364,70954001510,4,N, , ,Y,N,N
00026248,13,2026,313366,70954001610,4,N, , ,Y,N,N
00026248,13,2026,313361,70954001710,4,N, , ,Y,N,N
00026248,13,2026,312593,70954001910,3,N, , ,N,N,N
00026248,13,2026,312594,70954002010,3,N, , ,N,N,N
00026248,13,2026,198141,70954002110,3,N, , ,N,N,N
00026248,13,2026,197558,70954013510,3,N, , ,N,N,N
00026248,13,2026,197557,70954013610,3,N, , ,N,N,N
00026248,13,2026,315134,70954013910,4,N, , ,N,N,N
00026248,13,2026,307730,70954018810,4,N, , ,N,N,N
00026248,13,2026,197949,70954022810,4,N, , ,N,N,N
00026248,13,2026,308976,70954024010,4,N, , ,N,N,N
00026248,13,2026,312242,70954031910,4,Y,900,30,N,N,N
00026248,13,2026,1869684,70954041720,5,Y,180,30,Y,N,N
00026248,13,2026,311727,70954044310,3,N, , ,N,N,N
00026248,13,2026,317128,70954044410,3,N, , ,N,N,N
00026248,13,2026,198181,70954048430,4,N, , ,N,N,N
00026248,13,2026,197448,70954049210,4,N, , ,N,N,N
00026248,13,2026,198332,70954054110,2,N, , ,N,N,N
00026248,13,2026,311915,70954092810,2,Y,90,30,N,N,N
00026248,13,2026,2623654,71332000501,5,Y,60,30,Y,N,N
00026248,13,2026,2394947,71332000660,5,Y,120,30,Y,N,N
00026248,13,2026,2594744,71334020505,5,Y,56,28,Y,N,N
00026248,13,2026,2594742,71334021020,5,Y,56,28,Y,N,N
00026248,13,2026,2594795,71334021550,5,Y,56,28,Y,N,N
00026248,13,2026,2594746,71334022011,5,Y,7,28,Y,N,N
00026248,13,2026,2594748,71334022512,5,Y,14,28,Y,N,N
00026248,13,2026,2594750,71334023013,5,Y,14,28,Y,N,N
00026248,13,2026,2059189,71558059028,5,Y,235.2,28,Y,N,N
00026248,13,2026,2283527,71699002530,5,N, , ,N,N,N
00026248,13,2026,2265701,71699005030,5,N, , ,N,N,N
00026248,13,2026,2283505,71699010030,5,N, , ,N,N,N
00026248,13,2026,2283518,71699010356,5,N, , ,N,N,N
00026248,13,2026,2540432,71699010456,5,N, , ,N,N,N
00026248,13,2026,2283509,71699015030,5,N, , ,N,N,N
00026248,13,2026,2283513,71699020030,5,N, , ,N,N,N
00026248,13,2026,2283538,71699020128,4,N, , ,N,N,N
00026248,13,2026,2283536,71699020228,5,N, , ,N,N,N
00026248,13,2026,2283540,71699020328,5,N, , ,N,N,N
00026248,13,2026,861004,71717010611,1,Y,75,30,N,N,N
00026248,13,2026,2714922,71779062301,5,Y,66,28,Y,N,N
00026248,13,2026,905390,71863011460,5,N, , ,Y,N,N
00026248,13,2026,2636548,71881040012,5,Y,12,56,Y,N,N
00026248,13,2026,2607531,72060011040,5,Y,30,30,N,N,N
00026248,13,2026,2607535,72060012140,5,Y,30,30,N,N,N
00026248,13,2026,2275613,72060014240,5,Y,30,30,N,N,N
00026248,13,2026,2272118,72064011030,5,Y,30,30,Y,N,N
00026248,13,2026,2272122,72064012030,5,Y,30,30,Y,N,N
00026248,13,2026,2559725,72064012530,5,Y,30,30,Y,N,N
00026248,13,2026,2272126,72064013030,5,Y,30,30,Y,N,N
00026248,13,2026,2559729,72064015030,5,Y,30,30,Y,N,N
00026248,13,2026,2199304,72065012012,3,Y,0.4,30,N,N,N
00026248,13,2026,2199308,72065012112,3,Y,0.8,30,N,N,N
00026248,13,2026,2199316,72065013111,3,Y,0.8,30,N,N,N
00026248,13,2026,2587361,72065014011,3,Y,0.8,30,N,N,N
00026248,13,2026,206880,72143025130,4,N, , ,Y,N,N
00026248,13,2026,206883,72143025230,4,N, , ,Y,N,N
00026248,13,2026,206902,72143025430,4,N, , ,Y,N,N
00026248,13,2026,2628484,72187010103,5,Y,90,30,Y,N,N
00026248,13,2026,2628489,72187010203,5,Y,30,30,Y,N,N
00026248,13,2026,859751,72205000490,2,Y,45,30,N,N,N
00026248,13,2026,313472,72205000891,5,Y,240,30,Y,N,N
00026248,13,2026,483442,72205001190,3,Y,90,30,N,N,N
00026248,13,2026,483448,72205001290,3,Y,90,30,N,N,N
00026248,13,2026,483450,72205001390,3,Y,90,30,N,N,N
00026248,13,2026,483440,72205001590,3,Y,90,30,N,N,N
00026248,13,2026,483446,72205001690,3,Y,90,30,N,N,N
00026248,13,2026,577127,72205001790,3,Y,60,30,N,N,N
00026248,13,2026,483444,72205001890,3,Y,60,30,N,N,N
00026248,13,2026,859424,72205002790,2,Y,45,30,N,N,N
00026248,13,2026,1100075,72205003092,4,Y,120,30,Y,N,N
00026248,13,2026,310003,72205003960,4,N, , ,N,N,N
00026248,13,2026,310004,72205004060,4,N, , ,N,N,N
00026248,13,2026,310005,72205004160,4,N, , ,N,N,N
00026248,13,2026,728113,72205004311,3,Y,84,365,N,N,N
00026248,13,2026,199672,72205005108,4,N, , ,N,N,N
00026248,13,2026,1790122,72205007179,4,Y,680,28,N,N,N
00026248,13,2026,1299911,72205008430,4,N, , ,N,N,N
00026248,13,2026,1299917,72205008530,4,N, , ,N,N,N
00026248,13,2026,2001319,72205020132,4,Y,30,30,Y,N,N
00026248,13,2026,1086778,72205026130,4,Y,30,30,N,N,N
00026248,13,2026,1086784,72205026230,4,Y,30,30,N,N,N
00026248,13,2026,1656340,72205028060,3,Y,180,30,N,N,N
00026248,13,2026,1656349,72205028160,3,Y,60,30,N,N,N
00026248,13,2026,2382990,72237010103,5,Y,24,28,Y,N,N
00026248,13,2026,2178407,72237010104,5,Y,32,28,Y,N,N
00026248,13,2026,2548766,72237010202,5,Y,8,28,Y,N,N
00026248,13,2026,2548767,72237010206,5,Y,8,28,Y,N,N
00026248,13,2026,2548742,72237010305,5,Y,8,28,Y,N,N
00026248,13,2026,2548736,72237010401,5,Y,4,28,Y,N,N
00026248,13,2026,2730156,72237010501,5,Y,4,28,Y,N,N
00026248,13,2026,2708339,72237010601,5,Y,16,28,Y,N,N
00026248,13,2026,310385,72241000811,1,Y,120,30,N,N,N
00026248,13,2026,313989,72241000910,1,Y,60,30,N,N,N
00026248,13,2026,2272630,72252050505,4,Y,10,30,N,N,N
00026248,13,2026,2272622,72252051005,4,Y,10,30,N,N,N
00026248,13,2026,2272636,72252051510,4,Y,10,30,N,N,N
00026248,13,2026,2272624,72252052010,5,Y,10,30,N,N,N
00026248,13,2026,828755,72266010601,4,N, , ,N,N,N
00026248,13,2026,828539,72266010701,4,N, , ,N,N,N
00026248,13,2026,2595254,72482010012,5,Y,120,30,Y,N,N
00026248,13,2026,1665906,72511050101,3,Y,6,28,Y,N,N
00026248,13,2026,1665900,72511076002,3,Y,6,28,Y,N,N
00026248,13,2026,197310,72578000201,2,N, , ,N,N,N
00026248,13,2026,197405,72578009306,4,Y,135,30,N,N,N
00026248,13,2026,2719223,72579012201,5,Y,60,30,Y,N,N
00026248,13,2026,2700409,72606002701,4,Y,1.5,84,Y,N,N
00026248,13,2026,2700412,72606002801,5,Y,3,84,Y,N,N
00026248,13,2026,2717862,72606003701,4,N, , ,Y,N,N
00026248,13,2026,2717873,72606003801,5,N, , ,Y,N,N
00026248,13,2026,2274390,72607010000,5,Y,240,30,Y,N,N
00026248,13,2026,2282320,72618300002,3,Y,16,30,Y,N,N
00026248,13,2026,2049884,72694061760,5,Y,60,30,Y,N,N
00026248,13,2026,2690663,72694072840,5,Y,30,30,Y,N,N
00026248,13,2026,2690659,72694087910,5,Y,60,30,Y,N,N
00026248,13,2026,403888,72865019505,2,N, , ,N,N,N
00026248,13,2026,756059,72888017246,4,N, , ,N,N,N
00026248,13,2026,2472789,72974012001,5,Y,90,30,Y,N,N
00026248,13,2026,2058520,73116021556,5,Y,56,28,Y,N,N
00026248,13,2026,2058525,73116022556,5,Y,56,28,Y,N,N
00026248,13,2026,198286,73152002901,4,N, , ,N,N,N
00026248,13,2026,198285,73152003101,4,N, , ,N,N,N
00026248,13,2026,2369403,73207010130,5,Y,90,30,Y,N,N
00026248,13,2026,2705412,73207030240,5,Y,8,28,Y,N,N
00026248,13,2026,2705416,73207030340,5,Y,8,28,Y,N,N
00026248,13,2026,2705420,73207030440,5,Y,8,28,Y,N,N
00026248,13,2026,2712691,73289007102,5,N, , ,Y,N,N
00026248,13,2026,2678310,73352083015,4,Y,90,30,Y,N,N
00026248,13,2026,2587070,73536050001,5,Y,2,28,Y,N,N
00026248,13,2026,2698345,73555050000,5,Y,240,30,Y,N,N
00026248,13,2026,2698337,73555050100,5,Y,120,30,Y,N,N
00026248,13,2026,2698341,73555050200,5,Y,60,30,Y,N,N
00026248,13,2026,1595462,73562011001,3,N, , ,N,N,N
00026248,13,2026,1595473,73562011101,3,N, , ,N,N,N
00026248,13,2026,1595478,73562011201,3,N, , ,N,N,N
00026248,13,2026,1595292,73562011301,3,N, , ,N,N,N
00026248,13,2026,1995479,73562011401,3,N, , ,N,N,N
00026248,13,2026,1595457,73562011501,3,N, , ,N,N,N
00026248,13,2026,1594673,73562011601,3,N, , ,N,N,N
00026248,13,2026,2669472,73562011701,3,N, , ,N,N,N
00026248,13,2026,763457,73604091404,5,Y,8,28,Y,N,N
00026248,13,2026,199167,75826013910,4,N, , ,N,N,N
00026248,13,2026,199168,75826014110,4,N, , ,N,N,N
00026248,13,2026,197500,75834011001,2,N, , ,N,N,N
00026248,13,2026,897640,75834015801,2,N, , ,N,N,N
00026248,13,2026,835956,75907000530,4,N, , ,N,N,N
00026248,13,2026,310154,75907007601,4,N, , ,N,N,N
00026248,13,2026,1359027,75907008162,4,N, , ,N,N,N
00026248,13,2026,1358775,75907008262,4,N, , ,N,N,N
00026248,13,2026,1359032,75907008363,4,N, , ,N,N,N
00026248,13,2026,1359020,75907008463,4,N, , ,N,N,N
00026248,13,2026,751875,75907008532,4,N, , ,N,N,N
00026248,13,2026,1359134,75907008632,4,N, , ,N,N,N
00026248,13,2026,748859,75907008762,4,N, , ,N,N,N
00026248,13,2026,831872,75907009162,4,N, , ,N,N,N
00026248,13,2026,197980,75907016601,5,N, , ,N,N,N
00026248,13,2026,751970,75987011111,5,N, , ,Y,N,N
00026248,13,2026,351137,76204001055,4,N, , ,Y,N,N
00026248,13,2026,351136,76204001155,4,N, , ,Y,N,N
00026248,13,2026,630208,76204020025,4,N, , ,Y,N,N
00026248,13,2026,1191250,76329336901,2,N, , ,N,N,N
00026248,13,2026,2680741,76329366902,4,N, , ,N,N,N
00026248,13,2026,207373,76336008060,5,N, , ,N,N,N
00026248,13,2026,1922763,76385012701,2,N, , ,N,N,N
00026248,13,2026,198105,76385013101,3,N, , ,N,N,N
00026248,13,2026,198104,76385013201,3,N, , ,N,N,N
00026248,13,2026,2196792,78206011101,3,Y,13,30,N,N,N
00026248,13,2026,1536144,78206011201,3,Y,13,30,N,N,N
00026248,13,2026,1536148,78206011301,3,Y,13,30,N,N,N
00026248,13,2026,746804,78206011401,3,Y,1,30,N,N,N
00026248,13,2026,746815,78206011402,3,Y,1,30,N,N,N
00026248,13,2026,746813,78206011404,3,Y,1,30,N,N,N
00026248,13,2026,790284,78206011501,3,Y,1,30,N,N,N
00026248,13,2026,2196592,78206012501,3,Y,39,30,N,N,N
00026248,13,2026,1246313,78206012601,3,Y,39,30,N,N,N
00026248,13,2026,1246310,78206012701,3,Y,39,30,N,N,N
00026248,13,2026,1111011,78206014501,3,N, , ,N,N,N
00026248,13,2026,2640305,78206018301,5,Y,4.8,28,Y,N,N
00026248,13,2026,2640300,78206018401,5,Y,4.8,28,Y,N,N
00026248,13,2026,2640428,78206018601,5,Y,2.4,28,Y,N,N
00026248,13,2026,2640432,78206018701,5,Y,2.4,28,Y,N,N
00026248,13,2026,2673205,78670015001,5,Y,240,30,Y,N,N
00026248,13,2026,197894,80005011402,4,N, , ,N,N,N
00026248,13,2026,197896,80005011502,4,N, , ,N,N,N
00026248,13,2026,197895,80005011602,5,N, , ,N,N,N
00026248,13,2026,205646,80725014318,5,N, , ,N,N,N
00026248,13,2026,207347,80725025001,5,N, , ,N,N,N
00026248,13,2026,105553,80725061025,5,N, , ,N,N,N
00026248,13,2026,105590,80725063025,5,N, , ,N,N,N
00026248,13,2026,2625923,80739081218,5,Y,180,30,Y,N,N
00026248,13,2026,2685012,80777034563,1,Y,0.5,999,N,N,N
00026248,13,2026,2685223,80789000315,5,Y,750,30,N,N,N
00026248,13,2026,2604700,81583010001,5,Y,1100,30,Y,N,N
00026248,13,2026,311192,81665010210,2,N, , ,N,N,N
00026248,13,2026,311197,81665010310,2,N, , ,N,N,N
00026248,13,2026,311166,81665010710,2,N, , ,N,N,N
00026248,13,2026,197832,81665010810,2,N, , ,N,N,N
00026248,13,2026,2665224,81864010130,5,Y,30,30,Y,N,N
00026248,13,2026,2665220,81864010230,5,Y,30,30,Y,N,N
00026248,13,2026,2665216,81864010330,5,Y,30,30,Y,N,N
00026248,13,2026,2699837,81927020101,5,Y,280,28,Y,N,N
00026248,13,2026,2644512,81942012501,5,N, , ,Y,N,N
00026248,13,2026,1361574,81952011606,3,N, , ,N,N,N
00026248,13,2026,2611266,81968004530,5,Y,60,30,N,N,N
00026248,13,2026,197361,82009002710,1,N, , ,N,N,N
00026248,13,2026,352297,82154044901,5,N, , ,Y,N,N
00026248,13,2026,731328,82154045104,5,N, , ,Y,N,N
00026248,13,2026,1862595,82154078301,5,Y,120,30,Y,N,N
00026248,13,2026,1921589,82154078401,5,Y,120,30,Y,N,N
00026248,13,2026,1862590,82154078501,5,Y,120,30,Y,N,N
00026248,13,2026,2698324,82228071228,5,Y,112,28,Y,N,N
00026248,13,2026,2702601,82249001112,4,Y,120,30,Y,N,N
00026248,13,2026,993470,82293000410,4,N, , ,N,N,N
00026248,13,2026,993462,82293000510,4,N, , ,N,N,N
00026248,13,2026,2680364,82448010014,5,Y,56,28,Y,N,N
00026248,13,2026,2705623,82448013042,5,Y,168,28,Y,N,N
00026248,13,2026,2705635,82448013484,5,Y,168,28,Y,N,N
00026248,13,2026,2680370,82448015014,5,Y,56,28,Y,N,N
00026248,13,2026,2705628,82448026084,5,Y,84,28,Y,N,N
00026248,13,2026,2677909,82576006030,5,Y,30,30,Y,N,N
00026248,13,2026,2677913,82576008030,5,Y,30,30,Y,N,N
00026248,13,2026,2677905,82576010030,5,Y,30,30,Y,N,N
00026248,13,2026,1551923,82625880101,3,Y,30,30,N,N,N
00026248,13,2026,1601373,82625880201,3,Y,30,30,N,N,N
00026248,13,2026,207100,82667001205,4,N, , ,N,N,N
00026248,13,2026,2665617,82682000105,4,N, , ,N,N,N
00026248,13,2026,2690858,82950000116,5,Y,24,28,Y,N,N
00026248,13,2026,2690860,82950000120,5,Y,24,28,Y,N,N
00026248,13,2026,2690862,82950000124,5,Y,24,28,Y,N,N
00026248,13,2026,2682445,82950001201,5,Y,96,28,Y,N,N
00026248,13,2026,2712644,83076102503,5,Y,60,30,Y,N,N
00026248,13,2026,2712640,83076110006,5,Y,60,30,Y,N,N
00026248,13,2026,310027,83634011120,4,N, , ,N,N,N
00026248,13,2026,2716931,84651020030,5,Y,90,30,Y,N,N
00026354,11,2026,1551300,00002143380,3,Y,2,28,Y,N,N
00026354,11,2026,1551306,00002143480,3,Y,2,28,Y,N,N
00026354,11,2026,2058877,00002143611,3,Y,2,30,Y,N,N
00026354,11,2026,2601758,00002145780,3,Y,2,28,Y,N,N
00026354,11,2026,2601776,00002146080,3,Y,2,28,Y,N,N
00026354,11,2026,2601770,00002147180,3,Y,2,28,Y,N,N
00026354,11,2026,2601785,00002148480,3,Y,2,28,Y,N,N
00026354,11,2026,2601746,00002149580,3,Y,2,28,Y,N,N
00026354,11,2026,2601764,00002150680,3,Y,2,28,Y,N,N
00026354,11,2026,2725923,00002171756,5,Y,60,30,Y,N,N
00026354,11,2026,2395779,00002223680,3,Y,2,28,Y,N,N
00026354,11,2026,2058887,00002237711,3,Y,2,30,Y,N,N
00026354,11,2026,2170613,00002311509,3,Y,3,30,Y,N,N
00026354,11,2026,2395785,00002318280,3,Y,2,28,Y,N,N
00026354,11,2026,1946836,00002448354,5,Y,56,28,Y,N,N
00026354,11,2026,1946840,00002481554,5,Y,56,28,Y,N,N
00026354,11,2026,1946844,00002533754,5,Y,56,28,Y,N,N
00026354,11,2026,2679814,00002534060,5,Y,90,30,Y,N,N
00026354,11,2026,2679812,00002556260,5,Y,60,30,Y,N,N
00026354,11,2026,2679816,00002608260,5,Y,60,30,Y,N,N
00026354,11,2026,2679808,00002612060,5,Y,60,30,Y,N,N
00026354,11,2026,1946848,00002621654,5,Y,56,28,Y,N,N
00026354,11,2026,2629353,00002690230,5,Y,90,30,Y,N,N
00026354,11,2026,2629349,00002702660,5,Y,60,30,Y,N,N
00026354,11,2026,242120,00002773701,3,Y,40,28,N,N,N
00026354,11,2026,351859,00002850101,3,Y,40,28,N,N,N
00026354,11,2026,1731317,00002882427,3,Y,24,28,N,N,N
00026354,11,2026,2694850,00003005060,5,Y,60,30,N,Y,N
00026354,11,2026,2694855,00003012560,5,Y,60,30,N,Y,N
00026354,11,2026,1364441,00003089321,3,Y,60,30,N,N,Y
00026354,11,2026,1364447,00003089421,3,Y,74,30,N,N,Y
00026354,11,2026,2694991,00003110060,5,Y,60,30,N,Y,N
00026354,11,2026,1145932,00003218811,5,N, , ,Y,N,N
00026354,11,2026,1799230,00003218851,5,N, , ,Y,N,N
00026354,11,2026,1925255,00003281411,5,N, , ,Y,N,N
00026354,11,2026,1925257,00003281811,5,N, , ,Y,N,N
00026354,11,2026,1598989,00003363810,5,N, , ,N,N,N
00026354,11,2026,1601660,00003364111,5,N, , ,N,N,N
00026354,11,2026,1992428,00003376474,3,N, , ,N,N,Y
00026354,11,2026,2670655,00003404060,5,Y,240,30,Y,N,N
00026354,11,2026,2696878,00003416060,5,Y,60,30,Y,N,N
00026354,11,2026,2694993,00003520056,5,N, , ,N,Y,N
00026354,11,2026,1593140,00005010005,3,N, , ,N,N,N
00026354,11,2026,1547575,00006000530,3,Y,30,30,N,N,N
00026354,11,2026,1547110,00006003330,3,Y,30,30,N,N,N
00026354,11,2026,1243848,00006007861,3,Y,60,30,N,N,N
00026354,11,2026,1243843,00006008061,3,Y,60,30,N,N,N
00026354,11,2026,1243833,00006008131,3,Y,30,30,N,N,N
00026354,11,2026,665044,00006011231,3,Y,30,30,N,N,Y
00026354,11,2026,665040,00006022131,3,Y,30,30,N,N,Y
00026354,11,2026,744846,00006022761,5,N, , ,N,N,N
00026354,11,2026,665036,00006027731,3,Y,30,30,N,N,Y
00026354,11,2026,1547114,00006032530,3,Y,30,30,N,N,N
00026354,11,2026,1547118,00006033530,3,Y,30,30,N,N,N
00026354,11,2026,1235595,00006047361,3,N, , ,N,N,N
00026354,11,2026,1235591,00006047761,5,N, , ,N,N,N
00026354,11,2026,668606,00006056840,5,N, , ,N,N,N
00026354,11,2026,861821,00006057561,3,Y,60,30,N,N,N
00026354,11,2026,861771,00006057761,3,Y,60,30,N,N,N
00026354,11,2026,2055766,00006306901,5,N, , ,N,N,N
00026354,11,2026,1988671,00006307502,5,Y,28,28,Y,N,N
00026354,11,2026,1988675,00006307602,5,Y,28,28,Y,N,N
00026354,11,2026,1924315,00006308001,5,N, , ,N,N,N
00026354,11,2026,1486841,00006360361,5,N, , ,N,N,N
00026354,11,2026,798300,00006404741,3,N, , ,N,N,N
00026354,11,2026,830253,00006409302,3,N, , ,Y,N,N
00026354,11,2026,830245,00006409402,3,N, , ,Y,N,N
00026354,11,2026,836636,00006409502,3,N, , ,N,N,N
00026354,11,2026,836634,00006409602,3,N, , ,N,N,N
00026354,11,2026,1597099,00006411903,3,N, , ,N,N,N
00026354,11,2026,1597103,00006412102,3,N, , ,N,N,N
00026354,11,2026,1292443,00006417100,3,N, , ,N,N,N
00026354,11,2026,804186,00006468100,3,N, , ,N,N,N
00026354,11,2026,1292459,00006482700,3,N, , ,N,N,N
00026354,11,2026,1658106,00006483141,3,N, , ,N,N,N
00026354,11,2026,1658102,00006484141,3,N, , ,N,N,N
00026354,11,2026,798451,00006489700,3,N, , ,N,N,N
00026354,11,2026,1658155,00006498101,3,N, , ,Y,N,N
00026354,11,2026,830263,00006499200,3,N, , ,Y,N,N
00026354,11,2026,1658150,00006499541,3,N, , ,Y,N,N
00026354,11,2026,2055815,00006500701,5,N, , ,N,N,N
00026354,11,2026,2475856,00006502802,4,Y,30,30,Y,N,N
00026354,11,2026,2475860,00006502902,4,Y,30,30,Y,N,N
00026354,11,2026,2475852,00006503001,4,Y,30,30,Y,N,N
00026354,11,2026,2678949,00006508701,5,Y,1,21,Y,N,N
00026354,11,2026,2678951,00006508801,5,Y,1,21,Y,N,N
00026354,11,2026,2678943,00006509001,5,Y,1,21,Y,N,N
00026354,11,2026,2678947,00006509101,5,Y,1,21,Y,N,N
00026354,11,2026,2567237,00006533101,5,Y,90,30,Y,N,N
00026354,11,2026,1000158,00009470913,3,Y,0.65,84,N,N,N
00026354,11,2026,1797888,00009540101,4,Y,240,180,N,N,N
00026354,11,2026,404457,00009716601,5,N, , ,Y,N,N
00026354,11,2026,404458,00009716801,5,N, , ,Y,N,N
00026354,11,2026,404459,00009718801,5,N, , ,Y,N,N
00026354,11,2026,1549456,00009719901,5,N, , ,Y,N,N
00026354,11,2026,1549454,00009720001,5,N, , ,Y,N,N
00026354,11,2026,1009341,00023320503,3,Y,2.5,25,N,N,N
00026354,11,2026,1605257,00023585801,3,N, , ,N,N,N
00026354,11,2026,2268231,00023649810,3,Y,16,30,Y,N,N
00026354,11,2026,2268227,00023650110,3,Y,16,30,Y,N,N
00026354,11,2026,904170,00024159601,4,N, , ,N,N,N
00026354,11,2026,854859,00024414260,3,N, , ,N,N,N
00026354,11,2026,1859000,00024576105,3,Y,30,30,N,N,N
00026354,11,2026,1604544,00024586903,3,Y,13.5,28,N,N,N
00026354,11,2026,2002420,00024587102,3,Y,18,28,N,N,N
00026354,11,2026,1876406,00024591401,5,N, , ,Y,N,N
00026354,11,2026,2375329,00024591502,5,N, , ,Y,N,N
00026354,11,2026,2099302,00024591801,5,N, , ,Y,N,N
00026354,11,2026,2559707,00024591902,5,N, , ,Y,N,N
00026354,11,2026,863836,00032004670,3,N, , ,N,N,N
00026354,11,2026,863841,00032004770,3,N, , ,N,N,N
00026354,11,2026,1113046,00032120370,3,N, , ,N,N,N
00026354,11,2026,863829,00032122401,3,N, , ,N,N,N
00026354,11,2026,1373327,00032301613,3,N, , ,N,N,N
00026354,11,2026,688242,00046087221,3,N, , ,N,N,N
00026354,11,2026,1000491,00046110511,3,N, , ,Y,N,N
00026354,11,2026,1000497,00046110611,3,N, , ,Y,N,N
00026354,11,2026,1000499,00046110711,3,N, , ,Y,N,N
00026354,11,2026,1000500,00046110811,3,N, , ,Y,N,N
00026354,11,2026,1000487,00046257512,3,N, , ,Y,N,N
00026354,11,2026,1653579,00052060302,3,N, , ,N,N,N
00026354,11,2026,198148,00054001925,1,N, , ,Y,N,N
00026354,11,2026,885857,00054007928,2,N, , ,N,N,N
00026354,11,2026,860901,00054013749,2,Y,200,30,N,N,N
00026354,11,2026,199149,00054014125,2,N, , ,N,N,N
00026354,11,2026,199150,00054014225,2,N, , ,N,N,N
00026354,11,2026,351264,00054017613,2,N, , ,N,N,N
00026354,11,2026,351265,00054017713,2,N, , ,N,N,N
00026354,11,2026,351266,00054018813,2,N, , ,N,N,N
00026354,11,2026,351267,00054018913,2,N, , ,N,N,N
00026354,11,2026,894780,00054023863,2,Y,300,30,N,N,N
00026354,11,2026,310792,00054025422,6,N, , ,N,N,N
00026354,11,2026,310793,00054025522,6,N, , ,N,N,N
00026354,11,2026,904447,00054028259,2,Y,300,28,N,N,N
00026354,11,2026,896228,00054032856,2,Y,60,30,N,N,N
00026354,11,2026,1874559,00054040013,2,Y,30,30,N,N,N
00026354,11,2026,824295,00054042523,2,N, , ,N,Y,N
00026354,11,2026,824301,00054042623,5,N, , ,N,Y,N
00026354,11,2026,977427,00054047021,2,N, , ,Y,N,N
00026354,11,2026,977434,00054047121,5,N, , ,Y,N,N
00026354,11,2026,977438,00054047221,5,N, , ,Y,N,N
00026354,11,2026,1304979,00054050823,2,Y,120,30,N,N,N
00026354,11,2026,1092357,00054052863,5,N, , ,N,Y,N
00026354,11,2026,2056895,00054060421,5,N, , ,Y,N,N
00026354,11,2026,1044427,00054084363,2,Y,2700,30,N,N,N
00026354,11,2026,1536484,00054087949,5,N, , ,N,N,N
00026354,11,2026,197893,00054253125,1,N, , ,N,N,N
00026354,11,2026,309686,00054317763,2,N, , ,N,N,N
00026354,11,2026,309844,00054318544,2,Y,1200,30,N,N,N
00026354,11,2026,309843,00054318863,2,Y,1200,30,N,N,N
00026354,11,2026,197730,00054329446,2,N, , ,N,N,N
00026354,11,2026,197731,00054329863,2,N, , ,N,N,N
00026354,11,2026,1010739,00054350049,2,N, , ,N,N,N
00026354,11,2026,311376,00054353244,2,Y,150,30,N,N,N
00026354,11,2026,315187,00054372250,2,N, , ,Y,N,N
00026354,11,2026,197577,00054417925,2,N, , ,N,N,N
00026354,11,2026,343033,00054418025,2,N, , ,N,N,N
00026354,11,2026,197579,00054418125,2,N, , ,N,N,N
00026354,11,2026,197580,00054418225,2,N, , ,N,N,N
00026354,11,2026,197581,00054418325,2,N, , ,N,N,N
00026354,11,2026,197582,00054418425,2,N, , ,N,N,N
00026354,11,2026,197583,00054418625,2,N, , ,N,N,N
00026354,11,2026,197863,00054449613,2,N, , ,N,N,N
00026354,11,2026,197860,00054449710,2,N, , ,N,N,N
00026354,11,2026,197861,00054449810,2,N, , ,N,N,N
00026354,11,2026,197862,00054449911,2,N, , ,N,N,N
00026354,11,2026,197890,00054452725,1,N, , ,N,N,N
00026354,11,2026,197931,00054458111,2,N, , ,N,N,N
00026354,11,2026,312617,00054472831,1,N, , ,Y,N,N
00026354,11,2026,198144,00054474125,1,N, , ,Y,N,N
00026354,11,2026,198146,00054474225,1,N, , ,Y,N,N
00026354,11,2026,349482,00054962857,5,Y,540,30,Y,N,N
00026354,11,2026,1421456,00065414727,3,N, , ,N,N,N
00026354,11,2026,1307630,00069013501,5,Y,180,30,Y,N,N
00026354,11,2026,1307635,00069013601,5,Y,30,30,Y,N,N
00026354,11,2026,1243010,00069014501,5,Y,180,30,Y,N,N
00026354,11,2026,1243014,00069015111,5,Y,120,30,Y,N,N
00026354,11,2026,1601394,00069018721,5,Y,21,28,Y,N,N
00026354,11,2026,1601386,00069018821,5,Y,21,28,Y,N,N
00026354,11,2026,1601390,00069018921,5,Y,21,28,Y,N,N
00026354,11,2026,1987734,00069019301,5,Y,30,30,Y,N,N
00026354,11,2026,2058922,00069019730,5,Y,30,30,Y,N,N
00026354,11,2026,2103175,00069022701,5,Y,90,30,Y,N,N
00026354,11,2026,2103179,00069023101,5,Y,30,30,Y,N,N
00026354,11,2026,2670174,00069025160,5,Y,240,30,Y,N,N
00026354,11,2026,2639962,00069025230,5,Y,30,30,Y,N,N
00026354,11,2026,2284108,00069028403,5,Y,21,28,Y,N,N
00026354,11,2026,2057205,00069029101,5,N, , ,Y,N,N
00026354,11,2026,2057216,00069029201,5,N, , ,Y,N,N
00026354,11,2026,2057212,00069029310,5,N, , ,Y,N,N
00026354,11,2026,2057219,00069029410,5,N, , ,Y,N,N
00026354,11,2026,2583647,00069029702,3,N, , ,N,N,N
00026354,11,2026,2105860,00069029860,5,Y,60,30,Y,N,N
00026354,11,2026,2469340,00069032401,5,N, , ,Y,N,N
00026354,11,2026,2099952,00069035330,5,Y,30,30,Y,N,N
00026354,11,2026,2583650,00069041102,3,N, , ,N,N,N
00026354,11,2026,2639966,00069045430,5,Y,30,30,Y,N,N
00026354,11,2026,2284104,00069048603,5,Y,21,28,Y,N,N
00026354,11,2026,1741049,00069050130,5,N, , ,Y,N,N
00026354,11,2026,2273115,00069050230,5,N, , ,Y,N,N
00026354,11,2026,2672328,00069050430,5,Y,30,30,Y,N,N
00026354,11,2026,2670178,00069050760,5,Y,120,30,Y,N,N
00026354,11,2026,2591512,00069054630,5,Y,30,30,Y,N,N
00026354,11,2026,2670566,00069060001,3,N, , ,N,N,N
00026354,11,2026,2591521,00069065530,5,Y,30,30,Y,N,N
00026354,11,2026,2284106,00069068803,5,Y,21,28,Y,N,N
00026354,11,2026,2099956,00069075730,5,Y,30,30,Y,N,N
00026354,11,2026,1357547,00069100101,5,N, , ,Y,N,N
00026354,11,2026,2048568,00069100201,5,N, , ,Y,N,N
00026354,11,2026,2672326,00069101415,5,Y,180,30,Y,N,N
00026354,11,2026,2478437,00069102902,5,N, , ,Y,N,N
00026354,11,2026,2058926,00069119830,5,Y,30,30,Y,N,N
00026354,11,2026,2047602,00069130510,3,Y,12,28,Y,N,N
00026354,11,2026,2047608,00069130610,3,Y,12,28,Y,N,N
00026354,11,2026,2047614,00069130710,3,Y,12,28,Y,N,N
00026354,11,2026,2047596,00069130810,3,Y,12,28,Y,N,N
00026354,11,2026,2047623,00069130904,3,Y,4,28,Y,N,N
00026354,11,2026,2463737,00069131110,3,Y,12,28,Y,N,N
00026354,11,2026,2463733,00069131810,3,Y,12,28,Y,N,N
00026354,11,2026,2670170,00069150060,5,Y,180,30,Y,N,N
00026354,11,2026,2105856,00069153130,5,Y,30,30,Y,N,N
00026354,11,2026,2058932,00069229930,5,Y,30,30,Y,N,N
00026354,11,2026,2642148,00069246519,3,N, , ,N,N,N
00026354,11,2026,2587899,00069504530,2,Y,30,5,N,N,N
00026354,11,2026,2599543,00069543420,2,Y,20,5,N,N,N
00026354,11,2026,2704987,00069545011,2,Y,11,28,N,N,N
00026354,11,2026,1148506,00069814020,5,Y,120,30,Y,N,N
00026354,11,2026,1148502,00069814120,5,Y,120,30,Y,N,N
00026354,11,2026,2168540,00069873030,5,Y,30,30,Y,N,N
00026354,11,2026,2049858,00074003828,5,Y,28,28,Y,N,N
00026354,11,2026,2049862,00074003956,5,Y,56,28,Y,N,N
00026354,11,2026,1921240,00074012402,5,N, , ,Y,N,N
00026354,11,2026,1921245,00074012403,5,N, , ,Y,N,N
00026354,11,2026,1726846,00074024302,5,N, , ,Y,N,N
00026354,11,2026,1872980,00074055402,5,N, , ,Y,N,N
00026354,11,2026,1747577,00074056114,3,Y,60,30,Y,N,N
00026354,11,2026,1747579,00074056607,5,Y,30,30,Y,N,N
00026354,11,2026,1747567,00074057622,5,Y,180,30,Y,N,N
00026354,11,2026,1747580,00074057928,5,N, , ,Y,N,N
00026354,11,2026,1921017,00074061602,5,N, , ,Y,N,N
00026354,11,2026,1921010,00074081702,5,N, , ,Y,N,N
00026354,11,2026,2596960,00074104328,5,N, , ,Y,N,N
00026354,11,2026,2540699,00074105001,5,N, , ,Y,N,N
00026354,11,2026,2613759,00074106501,5,N, , ,Y,N,N
00026354,11,2026,2604628,00074107001,5,N, , ,Y,N,N
00026354,11,2026,1921468,00074153903,5,N, , ,Y,N,N
00026354,11,2026,2540695,00074210001,5,N, , ,Y,N,N
00026354,11,2026,2196900,00074230630,5,N, , ,Y,N,N
00026354,11,2026,2590054,00074231030,5,N, , ,Y,N,N
00026354,11,2026,2681019,00074232001,5,Y,360,30,Y,N,N
00026354,11,2026,835896,00074310832,2,N, , ,Y,N,N
00026354,11,2026,835835,00074310932,2,N, , ,Y,N,N
00026354,11,2026,1115468,00074334603,5,N, , ,Y,N,N
00026354,11,2026,1926069,00074339930,4,N, , ,N,N,N
00026354,11,2026,1115259,00074347303,5,N, , ,Y,N,N
00026354,11,2026,2639669,00074357501,5,N, , ,Y,N,N
00026354,11,2026,1115459,00074364103,5,N, , ,Y,N,N
00026354,11,2026,1115464,00074364203,5,N, , ,Y,N,N
00026354,11,2026,1115473,00074366303,5,N, , ,Y,N,N
00026354,11,2026,1946522,00074368303,5,N, , ,Y,N,N
00026354,11,2026,2639750,00074377903,5,N, , ,Y,N,N
00026354,11,2026,727705,00074379902,5,N, , ,Y,N,N
00026354,11,2026,847749,00074395646,4,Y,480,30,N,N,N
00026354,11,2026,1655728,00074433902,5,N, , ,Y,N,N
00026354,11,2026,2571850,00074709430,3,Y,30,30,Y,N,N
00026354,11,2026,2571842,00074709530,3,Y,30,30,Y,N,N
00026354,11,2026,2571846,00074709630,3,Y,30,30,Y,N,N
00026354,11,2026,746609,00078052687,5,Y,112,28,Y,N,N
00026354,11,2026,847734,00078056845,4,N, , ,N,N,N
00026354,11,2026,1002300,00078059287,5,Y,112,28,Y,N,N
00026354,11,2026,1653243,00078063941,5,N, , ,Y,N,N
00026354,11,2026,1599797,00078063998,5,N, , ,Y,N,N
00026354,11,2026,1656346,00078065920,3,Y,60,30,N,N,Y
00026354,11,2026,1425230,00078068166,5,Y,120,30,Y,N,N
00026354,11,2026,1425228,00078068266,5,Y,120,30,Y,N,N
00026354,11,2026,2121061,00078069484,5,Y,84,28,Y,N,N
00026354,11,2026,1656356,00078069620,3,Y,60,30,N,N,Y
00026354,11,2026,1919094,00078069899,5,Y,224,28,Y,N,N
00026354,11,2026,2169314,00078070184,5,Y,28,28,Y,N,N
00026354,11,2026,2169322,00078070802,5,Y,56,28,Y,N,N
00026354,11,2026,2362240,00078070956,5,Y,112,28,Y,N,N
00026354,11,2026,2169320,00078071502,5,Y,56,28,Y,N,N
00026354,11,2026,2362244,00078071656,5,Y,112,28,Y,N,N
00026354,11,2026,1656351,00078077720,3,Y,60,30,N,N,Y
00026354,11,2026,1873991,00078086001,5,Y,21,28,Y,N,N
00026354,11,2026,1873993,00078086742,5,Y,42,28,Y,N,N
00026354,11,2026,1873995,00078087463,5,Y,63,28,Y,N,N
00026354,11,2026,1801840,00078091112,3,Y,60,30,N,N,N
00026354,11,2026,1923056,00078091661,5,Y,70,28,Y,N,N
00026354,11,2026,1923058,00078092361,5,Y,91,28,Y,N,N
00026354,11,2026,2002719,00078095166,5,Y,120,30,Y,N,N
00026354,11,2026,2123314,00078097912,5,N, , ,Y,N,N
00026354,11,2026,2121096,00078097950,5,Y,112,28,Y,N,N
00026354,11,2026,2594797,00078097989,3,N, , ,Y,N,N
00026354,11,2026,2121100,00078098615,5,Y,30,30,Y,N,N
00026354,11,2026,2390954,00078100768,5,Y,1.2,28,Y,N,N
00026354,11,2026,2594608,00078101415,5,Y,30,30,Y,N,N
00026354,11,2026,2550713,00078105697,5,N, , ,Y,N,N
00026354,11,2026,2637348,00078107068,5,N, , ,Y,N,N
00026354,11,2026,2584326,00078109120,5,Y,60,30,Y,N,N
00026354,11,2026,2584330,00078109820,5,Y,300,30,Y,N,N
00026354,11,2026,1425110,00078110515,5,Y,90,30,Y,N,N
00026354,11,2026,1425118,00078111215,5,Y,30,30,Y,N,N
00026354,11,2026,2632556,00078115421,5,Y,900,30,Y,N,N
00026354,11,2026,2632564,00078116147,5,Y,1260,30,Y,N,N
00026354,11,2026,2680280,00078119620,5,Y,120,30,Y,N,N
00026354,11,2026,2679802,00078123120,3,Y,240,30,N,N,Y
00026354,11,2026,2679797,00078123820,3,Y,240,30,N,N,Y
00026354,11,2026,261101,00088210224,4,N, , ,N,N,N
00026354,11,2026,847232,00088221905,3,Y,30,28,N,N,N
00026354,11,2026,285018,00088222033,3,Y,40,28,N,N,N
00026354,11,2026,855178,00093001006,2,N, , ,N,N,N
00026354,11,2026,855194,00093001806,2,N, , ,N,N,N
00026354,11,2026,866094,00093005301,1,N, , ,N,N,N
00026354,11,2026,866083,00093005401,1,N, , ,N,N,N
00026354,11,2026,978006,00093031101,2,N, , ,N,N,N
00026354,11,2026,834022,00093031401,2,Y,20,30,Y,N,N
00026354,11,2026,833217,00093031801,2,N, , ,N,N,N
00026354,11,2026,831103,00093031901,2,N, , ,N,N,N
00026354,11,2026,831102,00093032001,2,N, , ,N,N,N
00026354,11,2026,831054,00093032101,2,N, , ,N,N,N
00026354,11,2026,198046,00093081201,1,N, , ,N,N,N
00026354,11,2026,197905,00093092810,6,N, , ,N,N,N
00026354,11,2026,855942,00093094801,2,Y,120,30,N,N,N
00026354,11,2026,866018,00093100301,1,N, , ,N,N,N
00026354,11,2026,106346,00093101042,1,Y,220,30,N,N,N
00026354,11,2026,1098649,00093102406,2,N, , ,N,N,N
00026354,11,2026,1098670,00093102506,2,N, , ,N,N,N
00026354,11,2026,1098674,00093102606,2,N, , ,N,N,N
00026354,11,2026,866042,00093117701,2,N, , ,N,N,N
00026354,11,2026,855288,00093171201,1,N, , ,N,N,N
00026354,11,2026,855302,00093171301,1,N, , ,N,N,N
00026354,11,2026,855312,00093171401,1,N, , ,N,N,N
00026354,11,2026,855318,00093171501,1,N, , ,N,N,N
00026354,11,2026,855324,00093171601,1,N, , ,N,N,N
00026354,11,2026,855338,00093171801,1,N, , ,N,N,N
00026354,11,2026,855296,00093172001,1,N, , ,N,N,N
00026354,11,2026,855332,00093172101,1,N, , ,N,N,N
00026354,11,2026,855344,00093172301,1,N, , ,N,N,N
00026354,11,2026,242461,00093206406,2,N, , ,N,N,N
00026354,11,2026,242462,00093206506,2,N, , ,N,N,N
00026354,11,2026,856467,00093214062,2,N, , ,N,N,N
00026354,11,2026,311666,00093220305,1,N, , ,N,N,N
00026354,11,2026,311668,00093220401,1,N, , ,N,N,N
00026354,11,2026,308177,00093226701,2,N, , ,N,N,N
00026354,11,2026,598025,00093226801,2,N, , ,N,N,N
00026354,11,2026,1148141,00093306693,5,Y,18,30,Y,N,N
00026354,11,2026,197595,00093312301,2,N, , ,N,N,N
00026354,11,2026,197596,00093312501,2,N, , ,N,N,N
00026354,11,2026,309114,00093314705,1,N, , ,N,N,N
00026354,11,2026,884707,00093322308,2,Y,18,28,N,N,N
00026354,11,2026,198232,00093323401,2,N, , ,N,N,N
00026354,11,2026,753543,00093330416,2,N, , ,N,N,N
00026354,11,2026,349591,00093354256,2,Y,60,30,N,N,N
00026354,11,2026,349593,00093354456,2,Y,60,30,N,N,N
00026354,11,2026,855626,00093372755,4,Y,60,30,Y,N,N
00026354,11,2026,834046,00093412573,2,N, , ,N,N,N
00026354,11,2026,834040,00093412773,2,N, , ,N,N,N
00026354,11,2026,1000001,00093500456,6,N, , ,N,N,N
00026354,11,2026,999967,00093500556,6,N, , ,N,N,N
00026354,11,2026,999996,00093500656,6,N, , ,N,N,N
00026354,11,2026,866090,00093520006,1,N, , ,N,N,N
00026354,11,2026,643066,00093523456,2,N, , ,N,N,N
00026354,11,2026,1652084,00093532862,2,N, , ,N,N,N
00026354,11,2026,1006801,00093537601,2,Y,180,30,N,Y,N
00026354,11,2026,996921,00093537701,2,Y,120,30,N,Y,N
00026354,11,2026,721773,00093541601,2,Y,90,30,N,Y,N
00026354,11,2026,476179,00093541701,2,Y,90,30,N,Y,N
00026354,11,2026,476177,00093541901,2,Y,90,30,N,Y,N
00026354,11,2026,199703,00093542088,2,N, , ,N,N,N
00026354,11,2026,1359129,00093545528,2,N, , ,Y,N,N
00026354,11,2026,727316,00093598527,2,Y,4,30,N,N,N
00026354,11,2026,1870207,00093598627,2,Y,4,30,N,N,N
00026354,11,2026,349094,00093681573,2,Y,120,30,Y,N,N
00026354,11,2026,351109,00093681673,2,Y,120,30,Y,N,N
00026354,11,2026,1098666,00093711306,2,N, , ,N,N,N
00026354,11,2026,1098678,00093717801,2,N, , ,N,N,N
00026354,11,2026,317573,00093727156,6,Y,30,30,N,N,N
00026354,11,2026,312440,00093727256,6,Y,30,30,N,N,N
00026354,11,2026,312441,00093727356,6,Y,30,30,N,N,N
00026354,11,2026,403878,00093762998,2,Y,180,30,Y,N,N
00026354,11,2026,403879,00093763056,2,Y,60,30,Y,N,N
00026354,11,2026,603203,00093766356,5,Y,60,30,Y,N,N
00026354,11,2026,603206,00093766456,5,Y,90,30,Y,N,N
00026354,11,2026,476556,00093770456,2,N, , ,N,N,N
00026354,11,2026,1299903,00093807256,2,N, , ,N,N,N
00026354,11,2026,1299909,00093807656,2,N, , ,N,N,N
00026354,11,2026,197737,00093834201,6,N, , ,Y,N,N
00026354,11,2026,310534,00093834301,6,N, , ,Y,N,N
00026354,11,2026,835925,00093901965,2,N, , ,Y,N,N
00026354,11,2026,241834,00093902065,2,N, , ,Y,N,N
00026354,11,2026,313582,00093914701,2,N, , ,N,N,N
00026354,11,2026,313584,00093914801,2,N, , ,N,N,N
00026354,11,2026,314277,00093914901,2,N, , ,N,N,N
00026354,11,2026,313586,00093915701,2,N, , ,N,N,N
00026354,11,2026,313580,00093916301,2,N, , ,N,N,N
00026354,11,2026,197443,00093970101,2,N, , ,N,N,N
00026354,11,2026,197444,00093970201,2,N, , ,N,N,N
00026354,11,2026,311995,00115164301,2,Y,120,30,N,N,N
00026354,11,2026,856556,00115169301,2,N, , ,N,N,N
00026354,11,2026,1870230,00115169449,3,Y,4,30,N,N,N
00026354,11,2026,1870225,00115169549,3,Y,4,30,N,N,N
00026354,11,2026,242831,00115172401,2,N, , ,N,N,N
00026354,11,2026,239239,00115172501,2,N, , ,N,N,N
00026354,11,2026,995253,00115180301,1,N, , ,N,N,N
00026354,11,2026,903857,00115351101,2,N, , ,N,N,N
00026354,11,2026,856656,00115441101,2,N, , ,N,N,N
00026354,11,2026,856660,00115442201,2,N, , ,N,N,N
00026354,11,2026,856652,00115443301,2,N, , ,N,N,N
00026354,11,2026,1048445,00115521116,2,N, , ,N,N,N
00026354,11,2026,313979,00115703301,2,N, , ,N,N,N
00026354,11,2026,834127,00116200116,1,N, , ,N,N,N
00026354,11,2026,141935,00121058104,2,N, , ,N,N,N
00026354,11,2026,849385,00121064616,2,N, , ,N,N,N
00026354,11,2026,861848,00121065304,2,N, , ,N,N,N
00026354,11,2026,859835,00121065402,2,N, , ,N,N,N
00026354,11,2026,251322,00121067016,2,N, , ,N,N,N
00026354,11,2026,1099687,00121067585,2,N, , ,N,N,N
00026354,11,2026,312036,00121067816,2,N, , ,N,N,N
00026354,11,2026,312055,00121086816,2,N, , ,N,N,N
00026354,11,2026,391937,00121087316,2,N, , ,N,N,N
00026354,11,2026,702519,00121094216,2,N, , ,Y,N,N
00026354,11,2026,834137,00126027216,1,N, , ,N,N,N
00026354,11,2026,308963,00143117101,6,N, , ,N,N,N
00026354,11,2026,317173,00143117201,6,N, , ,N,N,N
00026354,11,2026,308964,00143117301,6,N, , ,N,N,N
00026354,11,2026,991086,00143122701,2,N, , ,N,N,N
00026354,11,2026,197604,00143124010,2,N, , ,N,N,N
00026354,11,2026,198089,00143145505,2,N, , ,Y,N,N
00026354,11,2026,198083,00143145805,2,N, , ,Y,N,N
00026354,11,2026,312357,00143149505,2,N, , ,Y,N,N
00026354,11,2026,312362,00143150005,2,N, , ,Y,N,N
00026354,11,2026,314055,00143176901,2,N, , ,N,N,N
00026354,11,2026,381056,00143177101,2,N, , ,N,N,N
00026354,11,2026,206842,00143177201,2,N, , ,N,N,N
00026354,11,2026,1655960,00143951910,2,N, , ,N,N,N
00026354,11,2026,2047882,00143965901,2,N, , ,Y,N,N
00026354,11,2026,835809,00143975001,2,Y,5,28,Y,N,N
00026354,11,2026,313850,00143988601,1,N, , ,N,N,N
00026354,11,2026,308189,00143988701,1,N, , ,N,N,N
00026354,11,2026,313797,00143988815,1,N, , ,N,N,N
00026354,11,2026,239191,00143988915,1,N, , ,N,N,N
00026354,11,2026,197511,00143992701,1,N, , ,N,N,N
00026354,11,2026,309309,00143992801,1,N, , ,N,N,N
00026354,11,2026,197512,00143992950,1,N, , ,N,N,N
00026354,11,2026,1665444,00143997722,2,N, , ,N,N,N
00026354,11,2026,1665449,00143997922,2,N, , ,N,N,N
00026354,11,2026,106258,00168001531,2,N, , ,N,N,N
00026354,11,2026,203105,00168002031,1,N, , ,N,N,N
00026354,11,2026,197408,00168004160,2,N, , ,N,N,N
00026354,11,2026,103401,00168014630,1,N, , ,N,N,N
00026354,11,2026,311678,00168032346,2,N, , ,N,N,N
00026354,11,2026,313852,00168042446,2,N, , ,N,N,N
00026354,11,2026,311033,00169183311,3,Y,40,28,N,N,N
00026354,11,2026,311027,00169183411,3,Y,40,28,N,N,N
00026354,11,2026,213442,00169183711,3,Y,40,28,N,N,N
00026354,11,2026,1860172,00169291115,3,Y,15,28,N,N,N
00026354,11,2026,2206092,00169300315,3,Y,30,28,N,N,N
00026354,11,2026,2206099,00169300415,3,Y,30,28,N,N,N
00026354,11,2026,2049380,00169300715,3,Y,30,28,N,N,N
00026354,11,2026,1986354,00169320111,3,Y,40,28,N,N,Y
00026354,11,2026,1986356,00169320415,3,Y,30,28,N,N,Y
00026354,11,2026,2205454,00169320515,3,Y,30,28,N,N,Y
00026354,11,2026,1653198,00169330312,3,Y,30,28,N,N,Y
00026354,11,2026,977842,00169368512,3,Y,40,28,N,N,N
00026354,11,2026,977840,00169369619,3,Y,30,28,N,N,N
00026354,11,2026,2398842,00169413013,3,Y,3,28,Y,N,N
00026354,11,2026,2619154,00169418113,3,Y,3,28,Y,N,N
00026354,11,2026,2200654,00169430330,3,Y,30,30,Y,N,N
00026354,11,2026,2200658,00169430730,3,Y,30,30,Y,N,N
00026354,11,2026,2200650,00169431430,3,Y,30,30,Y,N,N
00026354,11,2026,2599365,00169477212,3,Y,3,28,Y,N,N
00026354,11,2026,1653204,00169633910,3,Y,30,28,N,N,Y
00026354,11,2026,351926,00169750111,3,Y,40,28,N,N,Y
00026354,11,2026,847247,00169770421,5,N, , ,Y,N,N
00026354,11,2026,847348,00169770521,5,N, , ,Y,N,N
00026354,11,2026,847245,00169770821,5,N, , ,Y,N,N
00026354,11,2026,197770,00172208980,1,N, , ,N,N,N
00026354,11,2026,197590,00172392570,1,Y,120,30,N,N,N
00026354,11,2026,197591,00172392670,1,Y,120,30,N,N,N
00026354,11,2026,197589,00172392770,1,Y,120,30,N,N,N
00026354,11,2026,197391,00172409680,2,N, , ,N,N,N
00026354,11,2026,831246,00172640649,2,N, , ,Y,N,N
00026354,11,2026,835886,00172731320,2,N, , ,Y,N,N
00026354,11,2026,866049,00173052100,3,Y,60,30,N,N,N
00026354,11,2026,759473,00173068101,4,Y,60,180,N,N,N
00026354,11,2026,896237,00173071520,3,Y,12,30,N,N,N
00026354,11,2026,896245,00173071620,3,Y,12,30,N,N,N
00026354,11,2026,896273,00173071720,3,Y,12,30,N,N,N
00026354,11,2026,1539893,00173085910,3,Y,60,30,N,N,N
00026354,11,2026,1487528,00173086910,3,Y,60,30,N,N,N
00026354,11,2026,1547660,00173087410,3,Y,30,30,N,N,N
00026354,11,2026,1547672,00173087610,3,Y,30,30,N,N,N
00026354,11,2026,1720606,00173088101,5,Y,3,28,Y,N,N
00026354,11,2026,1648789,00173088210,3,Y,60,30,N,N,N
00026354,11,2026,1945048,00173088710,3,Y,60,30,N,N,N
00026354,11,2026,2045382,00173088810,3,Y,30,30,N,N,N
00026354,11,2026,2170993,00173089201,5,Y,3,28,Y,N,N
00026354,11,2026,2173822,00173089242,5,Y,3,28,Y,N,N
00026354,11,2026,2395775,00173089310,3,Y,60,30,N,N,N
00026354,11,2026,2596445,00173090442,5,Y,0.4,28,Y,N,N
00026354,11,2026,2640210,00173090913,5,Y,30,30,Y,N,N
00026354,11,2026,2640212,00173091213,5,Y,30,30,Y,N,N
00026354,11,2026,2640214,00173091513,5,Y,30,30,Y,N,N
00026354,11,2026,2637476,00173091610,3,Y,60,30,N,N,N
00026354,11,2026,898367,00185021101,6,N, , ,N,N,N
00026354,11,2026,898378,00185023601,6,N, , ,N,N,N
00026354,11,2026,898372,00185027701,6,N, , ,N,N,N
00026354,11,2026,898362,00185032501,6,N, , ,N,N,N
00026354,11,2026,197978,00185560001,2,N, , ,N,N,N
00026354,11,2026,2055008,00187000545,4,N, , ,Y,N,N
00026354,11,2026,884173,00228212750,1,N, , ,N,N,N
00026354,11,2026,884189,00228212910,1,N, , ,N,N,N
00026354,11,2026,861237,00228306211,2,Y,30,30,N,N,N
00026354,11,2026,861223,00228306311,2,Y,30,30,N,N,N
00026354,11,2026,861227,00228306411,2,Y,60,30,N,N,N
00026354,11,2026,966787,00228331503,2,Y,30,30,N,N,N
00026354,11,2026,966793,00228331603,2,Y,30,30,N,N,N
00026354,11,2026,848951,00245003660,2,N, , ,N,N,N
00026354,11,2026,835958,00245014430,2,N, , ,N,N,N
00026354,11,2026,834346,00245014790,2,N, , ,N,N,N
00026354,11,2026,993466,00245021111,2,N, , ,N,N,N
00026354,11,2026,2047868,00245055650,5,Y,180,30,Y,N,N
00026354,11,2026,2685202,00245082230,5,Y,30,30,Y,N,N
00026354,11,2026,2685206,00245082330,5,Y,30,30,Y,N,N
00026354,11,2026,2685208,00245082430,5,Y,30,30,Y,N,N
00026354,11,2026,2685204,00245082530,5,Y,60,30,Y,N,N
00026354,11,2026,834350,00245164530,2,N, , ,N,N,N
00026354,11,2026,1801299,00245531711,2,N, , ,N,N,N
00026354,11,2026,832731,00245531811,2,N, , ,N,N,N
00026354,11,2026,1801295,00245531911,2,N, , ,N,N,N
00026354,11,2026,2642353,00245600111,5,Y,180,30,Y,N,N
00026354,11,2026,1550940,00254046001,2,Y,60,30,N,N,N
00026354,11,2026,198071,00254200001,5,N, , ,Y,N,N
00026354,11,2026,351173,00254302002,5,N, , ,Y,N,N
00026354,11,2026,351174,00254302102,5,N, , ,Y,N,N
00026354,11,2026,351175,00254302202,5,N, , ,Y,N,N
00026354,11,2026,2289424,00310061060,5,Y,300,30,Y,N,N
00026354,11,2026,2289428,00310062560,5,Y,120,30,Y,N,N
00026354,11,2026,2723657,00310063560,5,Y,600,30,Y,N,N
00026354,11,2026,2723661,00310064060,5,Y,390,30,Y,N,N
00026354,11,2026,1942485,00310066812,5,Y,120,30,Y,N,N
00026354,11,2026,1942489,00310067912,5,Y,120,30,Y,N,N
00026354,11,2026,2047639,00310110530,3,N, , ,N,N,N
00026354,11,2026,2053927,00310111030,3,N, , ,N,N,N
00026354,11,2026,1721571,00310134930,5,Y,30,30,Y,N,N
00026354,11,2026,1721583,00310135030,5,Y,30,30,Y,N,N
00026354,11,2026,1989109,00310173030,5,Y,1,28,Y,N,N
00026354,11,2026,2679502,00310174501,5,Y,1,28,Y,N,N
00026354,11,2026,2205634,00310183030,5,Y,1,28,Y,N,N
00026354,11,2026,2607737,00310351260,5,Y,60,30,Y,N,N
00026354,11,2026,2387331,00310461612,3,Y,10.7,30,N,N,N
00026354,11,2026,1486981,00310620530,3,Y,30,30,N,N,Y
00026354,11,2026,1486977,00310621030,3,Y,30,30,N,N,Y
00026354,11,2026,1940498,00310622560,3,Y,60,30,N,N,N
00026354,11,2026,1593831,00310625030,3,Y,60,30,N,N,N
00026354,11,2026,1593833,00310626060,3,Y,60,30,N,N,N
00026354,11,2026,1593835,00310627030,3,Y,30,30,N,N,N
00026354,11,2026,1593775,00310628030,3,Y,30,30,N,N,N
00026354,11,2026,1246304,00310737020,2,Y,30.6,30,N,N,N
00026354,11,2026,1246288,00310737220,2,Y,30.6,30,N,N,N
00026354,11,2026,2665912,00310908012,3,Y,32.1,30,N,N,N
00026354,11,2026,2669982,00310950101,5,Y,64,28,Y,N,N
00026354,11,2026,206347,00316012601,2,N, , ,N,N,N
00026354,11,2026,1807552,00338004304,2,N, , ,N,N,N
00026354,11,2026,866924,00378001805,1,N, , ,N,N,N
00026354,11,2026,856720,00378004201,2,N, , ,N,N,N
00026354,11,2026,856840,00378007301,2,N, , ,N,N,N
00026354,11,2026,198284,00378022101,2,N, , ,N,N,N
00026354,11,2026,856706,00378033001,2,N, , ,N,N,N
00026354,11,2026,856797,00378044201,2,N, , ,N,N,N
00026354,11,2026,856825,00378057401,2,N, , ,N,N,N
00026354,11,2026,313354,00378061201,2,N, , ,N,N,N
00026354,11,2026,198274,00378061401,2,N, , ,N,N,N
00026354,11,2026,198275,00378061601,2,N, , ,N,N,N
00026354,11,2026,198270,00378061801,2,N, , ,N,N,N
00026354,11,2026,722134,00378172193,6,N, , ,N,N,N
00026354,11,2026,722126,00378172293,6,N, , ,N,N,N
00026354,11,2026,722137,00378172393,6,N, , ,N,N,N
00026354,11,2026,722131,00378172493,6,N, , ,N,N,N
00026354,11,2026,966220,00378180010,1,N, , ,N,N,N
00026354,11,2026,966221,00378180310,1,N, , ,N,N,N
00026354,11,2026,966222,00378180510,1,N, , ,N,N,N
00026354,11,2026,966253,00378180710,1,N, , ,N,N,N
00026354,11,2026,892246,00378180910,1,N, , ,N,N,N
00026354,11,2026,966248,00378181110,1,N, , ,N,N,N
00026354,11,2026,966224,00378181310,1,N, , ,N,N,N
00026354,11,2026,966225,00378181510,1,N, , ,N,N,N
00026354,11,2026,966249,00378181710,1,N, , ,N,N,N
00026354,11,2026,966270,00378182377,1,N, , ,N,N,N
00026354,11,2026,198324,00378240201,2,N, , ,N,N,N
00026354,11,2026,198325,00378240501,2,N, , ,N,N,N
00026354,11,2026,198323,00378241001,2,N, , ,N,N,N
00026354,11,2026,855863,00378267001,2,N, , ,N,N,N
00026354,11,2026,1536586,00378334053,2,Y,3,28,N,N,N
00026354,11,2026,242333,00378334999,2,Y,4,28,N,N,N
00026354,11,2026,238003,00378335099,2,Y,4,28,N,N,N
00026354,11,2026,241527,00378335199,2,Y,4,28,N,N,N
00026354,11,2026,238004,00378335299,2,Y,4,28,N,N,N
00026354,11,2026,403922,00378336099,2,Y,4,28,N,N,N
00026354,11,2026,403923,00378336199,2,Y,4,28,N,N,N
00026354,11,2026,402109,00378352091,5,N, , ,N,N,N
00026354,11,2026,855875,00378375093,2,N, , ,N,N,N
00026354,11,2026,628953,00378456105,2,N, , ,N,N,N
00026354,11,2026,242892,00378464026,2,Y,8,28,N,N,N
00026354,11,2026,1149632,00378464126,2,Y,8,28,N,N,N
00026354,11,2026,242891,00378464226,2,Y,8,28,N,N,N
00026354,11,2026,241946,00378464326,2,Y,8,28,N,N,N
00026354,11,2026,248478,00378464426,2,Y,8,28,N,N,N
00026354,11,2026,1000097,00378537501,2,N, , ,N,N,N
00026354,11,2026,1147334,00378544093,5,N, , ,N,N,N
00026354,11,2026,349483,00378580793,6,N, , ,N,N,N
00026354,11,2026,349199,00378581377,6,N, , ,N,N,N
00026354,11,2026,349201,00378581477,6,N, , ,N,N,N
00026354,11,2026,349200,00378581577,6,N, , ,N,N,N
00026354,11,2026,830865,00378606001,2,N, , ,N,N,N
00026354,11,2026,830869,00378609001,2,N, , ,N,N,N
00026354,11,2026,830872,00378612001,2,N, , ,N,N,N
00026354,11,2026,897612,00378632001,2,N, , ,N,N,N
00026354,11,2026,200284,00378632177,6,N, , ,N,N,N
00026354,11,2026,200285,00378632277,6,N, , ,N,N,N
00026354,11,2026,349353,00378632377,6,N, , ,N,N,N
00026354,11,2026,636042,00378632477,6,N, , ,N,N,N
00026354,11,2026,835726,00378633380,2,N, , ,N,N,N
00026354,11,2026,897618,00378638001,2,N, , ,N,N,N
00026354,11,2026,226552,00378647099,2,Y,10,30,Y,N,N
00026354,11,2026,748878,00378655053,2,N, , ,N,N,N
00026354,11,2026,1918042,00378692191,5,Y,120,30,Y,N,N
00026354,11,2026,1111641,00378696093,5,Y,30,30,Y,N,N
00026354,11,2026,1487361,00378696112,5,Y,12,28,Y,N,N
00026354,11,2026,2597673,00378750232,2,Y,30.9,30,N,N,N
00026354,11,2026,2597670,00378750332,2,Y,30.9,30,N,N,N
00026354,11,2026,310404,00378802093,6,Y,60,30,N,N,N
00026354,11,2026,310405,00378802193,6,Y,60,30,N,N,N
00026354,11,2026,2572292,00378876091,2,Y,60,30,N,N,N
00026354,11,2026,861657,00378910293,2,N, , ,N,N,N
00026354,11,2026,486148,00378910493,2,N, , ,N,N,N
00026354,11,2026,486152,00378911293,2,N, , ,N,N,N
00026354,11,2026,486146,00378911693,2,N, , ,N,N,N
00026354,11,2026,577057,00378911998,2,Y,10,30,N,N,N
00026354,11,2026,245134,00378912198,2,Y,10,30,N,N,N
00026354,11,2026,245135,00378912298,2,Y,10,30,N,N,N
00026354,11,2026,197696,00378912398,2,Y,10,30,N,N,N
00026354,11,2026,245136,00378912498,2,Y,10,30,N,N,N
00026354,11,2026,2110510,00378932032,2,Y,60,30,N,N,N
00026354,11,2026,2110513,00378932132,2,Y,60,30,N,N,N
00026354,11,2026,2110516,00378932232,2,Y,60,30,N,N,N
00026354,11,2026,857002,00406012305,2,Y,240,30,N,N,N
00026354,11,2026,857005,00406012405,2,Y,180,30,N,N,N
00026354,11,2026,856999,00406012505,2,Y,180,30,N,N,N
00026354,11,2026,993890,00406048501,2,Y,180,30,N,N,N
00026354,11,2026,1049221,00406051205,2,Y,360,30,N,N,N
00026354,11,2026,1049225,00406052201,2,Y,240,30,N,N,N
00026354,11,2026,1049214,00406052301,2,Y,180,30,N,N,N
00026354,11,2026,1049621,00406055201,2,Y,180,30,N,N,N
00026354,11,2026,1091497,00406114201,2,Y,90,30,N,N,N
00026354,11,2026,1091150,00406114401,2,Y,90,30,N,N,N
00026354,11,2026,1091392,00406114601,2,Y,90,30,N,N,N
00026354,11,2026,1483744,00406117003,2,N, , ,N,N,N
00026354,11,2026,897696,00406324301,2,Y,180,30,N,N,N
00026354,11,2026,897702,00406324401,2,Y,180,30,N,N,N
00026354,11,2026,897710,00406324901,2,Y,180,30,N,N,N
00026354,11,2026,892582,00406511801,4,Y,180,30,N,N,N
00026354,11,2026,892672,00406511901,4,Y,120,30,N,N,N
00026354,11,2026,864718,00406575501,2,Y,180,30,N,N,N
00026354,11,2026,864706,00406577101,2,Y,120,30,N,N,N
00026354,11,2026,892625,00406800330,2,Y,180,30,Y,N,N
00026354,11,2026,1049611,00406851501,2,Y,120,30,N,N,N
00026354,11,2026,1049618,00406853001,2,Y,120,30,N,N,N
00026354,11,2026,861221,00406895201,2,Y,30,30,N,N,N
00026354,11,2026,861225,00406895401,2,Y,60,30,N,N,N
00026354,11,2026,1664986,00409083011,2,N, , ,N,N,N
00026354,11,2026,1870650,00409120703,2,N, , ,N,N,N
00026354,11,2026,829762,00409175415,2,N, , ,N,N,N
00026354,11,2026,1191234,00409178269,2,N, , ,N,N,N
00026354,11,2026,1665210,00409230024,2,N, , ,N,N,N
00026354,11,2026,1658637,00409272101,2,N, , ,N,N,N
00026354,11,2026,1807516,00409433201,2,N, , ,N,N,N
00026354,11,2026,1659292,00409508216,2,N, , ,N,N,N
00026354,11,2026,1659294,00409508411,2,N, , ,N,N,N
00026354,11,2026,206423,00409508611,2,N, , ,N,N,N
00026354,11,2026,1807518,00409653102,2,N, , ,N,N,N
00026354,11,2026,835840,00409656220,2,N, , ,Y,N,N
00026354,11,2026,1307415,00456120130,3,Y,30,30,N,N,N
00026354,11,2026,1307421,00456120230,3,Y,30,30,N,N,N
00026354,11,2026,1869699,00456120330,3,Y,30,30,N,N,N
00026354,11,2026,1433250,00456220228,4,N, , ,N,Y,N
00026354,11,2026,1433223,00456221230,4,Y,30,30,N,Y,N
00026354,11,2026,1433229,00456222030,4,Y,30,30,N,Y,N
00026354,11,2026,1433235,00456224030,4,Y,30,30,N,Y,N
00026354,11,2026,1433241,00456228030,4,Y,30,30,N,Y,N
00026354,11,2026,1307309,00469012599,5,Y,120,30,Y,N,N
00026354,11,2026,1608333,00469052002,5,N, , ,Y,N,N
00026354,11,2026,2390646,00469062599,5,Y,120,30,Y,N,N
00026354,11,2026,1431977,00469064773,4,N, , ,Y,N,N
00026354,11,2026,1431982,00469067773,4,N, , ,Y,N,N
00026354,11,2026,1431987,00469068773,5,N, , ,Y,N,N
00026354,11,2026,2390650,00469072560,5,Y,60,30,Y,N,N
00026354,11,2026,2052609,00469123050,4,N, , ,Y,N,N
00026354,11,2026,2052704,00469133050,4,N, , ,Y,N,N
00026354,11,2026,2105817,00469142590,5,Y,90,30,Y,N,N
00026354,11,2026,1300797,00469260130,2,N, , ,N,N,N
00026354,11,2026,1300803,00469260230,2,N, , ,N,N,N
00026354,11,2026,2637147,00469266030,4,Y,30,30,Y,N,N
00026354,11,2026,2623472,00469286035,5,N, , ,Y,N,N
00026354,11,2026,884308,00472016630,2,Y,60,30,N,N,N
00026354,11,2026,992765,00472173803,2,N, , ,N,N,N
00026354,11,2026,1811180,00480012649,2,Y,240,30,N,N,N
00026354,11,2026,402010,00480123208,2,Y,2,28,N,N,N
00026354,11,2026,602912,00480124228,5,Y,28,28,Y,N,N
00026354,11,2026,602910,00480124328,5,Y,28,28,Y,N,N
00026354,11,2026,643712,00480124421,5,Y,28,28,Y,N,N
00026354,11,2026,643720,00480124621,5,Y,28,28,Y,N,N
00026354,11,2026,402011,00480134208,5,Y,2,28,N,N,N
00026354,11,2026,402012,00480145308,5,Y,2,28,N,N,N
00026354,11,2026,706822,00480155408,2,Y,2,28,N,N,N
00026354,11,2026,1111106,00480259634,5,Y,20,10,N,N,N
00026354,11,2026,1666332,00480268806,2,N, , ,N,N,N
00026354,11,2026,2675205,00480327356,5,Y,60,30,Y,N,N
00026354,11,2026,2675193,00480327456,5,Y,60,30,Y,N,N
00026354,11,2026,2675197,00480327556,5,Y,60,30,Y,N,N
00026354,11,2026,2675201,00480327656,5,Y,60,30,Y,N,N
00026354,11,2026,794639,00480347906,2,Y,120,30,N,N,N
00026354,11,2026,750265,00480349316,2,N, , ,N,N,N
00026354,11,2026,1868014,00480361087,5,Y,270,30,Y,N,N
00026354,11,2026,1868018,00480361198,5,Y,90,30,Y,N,N
00026354,11,2026,616578,00480413806,2,Y,60,30,N,N,N
00026354,11,2026,1356557,00480706256,2,Y,30,30,N,Y,N
00026354,11,2026,1356570,00480706356,5,Y,60,30,N,Y,N
00026354,11,2026,1356574,00480706556,5,Y,60,30,N,Y,N
00026354,11,2026,1356578,00480706656,5,Y,30,30,N,Y,N
00026354,11,2026,1356582,00480706756,5,Y,30,30,N,Y,N
00026354,11,2026,1356586,00480706856,5,Y,30,30,N,Y,N
00026354,11,2026,2110455,00480927706,2,Y,60,30,Y,N,N
00026354,11,2026,836358,00487980125,2,N, , ,Y,N,N
00026354,11,2026,245314,00487990130,2,N, , ,Y,N,N
00026354,11,2026,485968,00517095501,2,Y,30,30,N,N,N
00026354,11,2026,307718,00517750425,2,N, , ,Y,N,N
00026354,11,2026,991061,00527058601,2,N, , ,N,N,N
00026354,11,2026,1000913,00527131301,2,N, , ,N,N,N
00026354,11,2026,858747,00527132601,2,N, , ,N,N,N
00026354,11,2026,197392,00527133701,2,N, , ,N,N,N
00026354,11,2026,198152,00527136701,2,N, , ,N,N,N
00026354,11,2026,311386,00527139401,2,N, , ,N,N,N
00026354,11,2026,314078,00527139501,2,N, , ,N,N,N
00026354,11,2026,311385,00527139601,2,N, , ,N,N,N
00026354,11,2026,314075,00527139701,2,N, , ,N,N,N
00026354,11,2026,1001004,00527140701,2,N, , ,N,N,N
00026354,11,2026,198316,00527163210,1,N, , ,N,N,N
00026354,11,2026,238154,00527169505,2,Y,180,30,Y,N,N
00026354,11,2026,865117,00527178801,2,N, , ,N,N,N
00026354,11,2026,865123,00527178901,2,N, , ,N,N,N
00026354,11,2026,860918,00527179001,2,N, , ,N,N,N
00026354,11,2026,859841,00527179101,2,N, , ,N,N,N
00026354,11,2026,197516,00527193106,2,N, , ,N,N,N
00026354,11,2026,477391,00527194866,2,N, , ,N,N,N
00026354,11,2026,1482908,00527213335,5,N, , ,Y,N,N
00026354,11,2026,360507,00527258032,6,N, , ,N,N,N
00026354,11,2026,991039,00527296137,2,N, , ,N,N,N
00026354,11,2026,991194,00527296237,2,N, , ,N,N,N
00026354,11,2026,1435115,00548231100,5,Y,2.24,28,Y,N,N
00026354,11,2026,854228,00548560100,2,Y,18,30,N,N,N
00026354,11,2026,854238,00548560300,2,Y,36,30,N,N,N
00026354,11,2026,854241,00548560400,2,Y,48,30,N,N,N
00026354,11,2026,854248,00548560500,2,Y,60,30,N,N,N
00026354,11,2026,854245,00548560600,2,Y,48,30,N,N,N
00026354,11,2026,310497,00548585000,3,N, , ,N,N,N
00026354,11,2026,2180671,00548835101,3,N, , ,N,N,N
00026354,11,2026,905369,00555003302,2,Y,120,30,N,N,N
00026354,11,2026,905516,00555015802,2,Y,120,30,N,N,N
00026354,11,2026,905495,00555015902,2,Y,120,30,N,N,N
00026354,11,2026,835913,00555017178,2,N, , ,N,N,N
00026354,11,2026,995232,00555032402,2,N, , ,N,N,N
00026354,11,2026,977883,00555048302,2,N, , ,N,N,N
00026354,11,2026,197556,00555063302,2,N, , ,N,N,N
00026354,11,2026,197554,00555063402,2,N, , ,N,N,N
00026354,11,2026,197555,00555063502,2,N, , ,N,N,N
00026354,11,2026,1009145,00555077502,2,Y,60,30,N,N,N
00026354,11,2026,687043,00555077602,2,Y,60,30,N,N,N
00026354,11,2026,577957,00555077702,2,Y,60,30,N,N,N
00026354,11,2026,1000114,00555077902,1,N, , ,N,N,N
00026354,11,2026,1000135,00555087202,1,N, , ,N,N,N
00026354,11,2026,1000141,00555087302,1,N, , ,N,N,N
00026354,11,2026,197658,00555088602,1,N, , ,N,N,N
00026354,11,2026,197659,00555088702,1,N, , ,N,N,N
00026354,11,2026,197657,00555089902,1,N, , ,N,N,N
00026354,11,2026,541878,00555097102,2,Y,60,30,N,N,N
00026354,11,2026,541892,00555097202,2,Y,60,30,N,N,N
00026354,11,2026,577961,00555097302,2,Y,60,30,N,N,N
00026354,11,2026,541363,00555097402,2,Y,60,30,N,N,N
00026354,11,2026,751871,00555900942,2,N, , ,N,N,N
00026354,11,2026,751870,00555901058,2,N, , ,N,N,N
00026354,11,2026,762007,00555901258,2,N, , ,N,N,N
00026354,11,2026,751885,00555901467,2,N, , ,N,N,N
00026354,11,2026,753481,00555901658,2,N, , ,N,N,N
00026354,11,2026,762333,00555901858,2,N, , ,N,N,N
00026354,11,2026,751890,00555902058,2,N, , ,N,N,N
00026354,11,2026,1358780,00555902542,2,N, , ,N,N,N
00026354,11,2026,1358765,00555902658,2,N, , ,N,N,N
00026354,11,2026,1359030,00555902742,2,N, , ,N,N,N
00026354,11,2026,1359025,00555902858,2,N, , ,N,N,N
00026354,11,2026,1359135,00555903270,2,N, , ,N,N,N
00026354,11,2026,753482,00555904358,2,N, , ,N,N,N
00026354,11,2026,750268,00555904558,2,N, , ,N,N,N
00026354,11,2026,762001,00555905058,2,N, , ,N,N,N
00026354,11,2026,753483,00555906458,2,N, , ,N,N,N
00026354,11,2026,197411,00574010603,2,N, , ,N,N,N
00026354,11,2026,309371,00574010770,2,N, , ,N,N,N
00026354,11,2026,977880,00574029201,1,N, , ,N,N,N
00026354,11,2026,582926,00574061105,2,N, , ,N,N,N
00026354,11,2026,261178,00574200802,2,Y,60,30,N,N,N
00026354,11,2026,197877,00574204230,2,Y,30,30,Y,N,N
00026354,11,2026,198300,00574220145,2,N, , ,Y,N,N
00026354,11,2026,106303,00574220545,2,N, , ,Y,N,N
00026354,11,2026,308508,00574402235,2,N, , ,N,N,N
00026354,11,2026,309683,00574403105,2,N, , ,N,N,N
00026354,11,2026,284254,00574722612,2,N, , ,N,N,N
00026354,11,2026,308725,00591283201,5,N, , ,Y,N,N
00026354,11,2026,1596780,00591292102,2,Y,300,30,Y,N,N
00026354,11,2026,1597123,00591321630,2,Y,300,30,Y,N,N
00026354,11,2026,998671,00591350804,2,N, , ,N,N,N
00026354,11,2026,998675,00591350904,2,N, , ,N,N,N
00026354,11,2026,998679,00591351004,2,N, , ,N,N,N
00026354,11,2026,1801289,00591354360,2,N, , ,N,N,N
00026354,11,2026,199521,00591385101,5,Y,180,30,Y,N,N
00026354,11,2026,1245262,00591439096,5,Y,112,28,Y,N,N
00026354,11,2026,312615,00591544305,1,N, , ,Y,N,N
00026354,11,2026,197365,00591571301,2,N, , ,N,N,N
00026354,11,2026,197366,00591571401,2,N, , ,N,N,N
00026354,11,2026,197363,00591571501,2,N, , ,N,N,N
00026354,11,2026,197364,00591571630,2,N, , ,N,N,N
00026354,11,2026,603378,00597000302,5,N, , ,N,N,N
00026354,11,2026,1190225,00597002402,3,Y,8,30,N,N,N
00026354,11,2026,836368,00597008717,4,Y,25.8,28,N,N,N
00026354,11,2026,1552004,00597010061,3,Y,4,30,N,N,N
00026354,11,2026,1430453,00597013730,5,Y,30,30,Y,N,N
00026354,11,2026,1430457,00597013830,5,Y,30,30,Y,N,N
00026354,11,2026,1100706,00597014030,3,Y,30,30,N,N,N
00026354,11,2026,1430449,00597014130,5,Y,30,30,Y,N,N
00026354,11,2026,1592748,00597014360,5,Y,60,30,Y,N,N
00026354,11,2026,1592752,00597014560,5,Y,60,30,Y,N,N
00026354,11,2026,1243033,00597014660,3,Y,60,30,N,N,N
00026354,11,2026,1243026,00597014860,3,Y,60,30,N,N,N
00026354,11,2026,1545664,00597015230,3,Y,30,30,N,N,Y
00026354,11,2026,1545668,00597015330,3,Y,30,30,N,N,Y
00026354,11,2026,1651275,00597015561,3,Y,4,30,N,N,N
00026354,11,2026,1664321,00597015960,3,Y,60,30,N,N,N
00026354,11,2026,1667882,00597016061,3,Y,4,30,N,N,N
00026354,11,2026,1602120,00597016430,3,Y,30,30,N,N,N
00026354,11,2026,1665369,00597016860,3,Y,60,30,N,N,N
00026354,11,2026,1664328,00597017560,3,Y,60,30,N,N,N
00026354,11,2026,1664325,00597018060,3,Y,60,30,N,N,N
00026354,11,2026,1602115,00597018230,3,Y,30,30,N,N,N
00026354,11,2026,1546083,00597019261,3,Y,4,28,N,N,N
00026354,11,2026,1796091,00597027073,3,Y,60,30,N,N,N
00026354,11,2026,1796096,00597027533,3,Y,30,30,N,N,N
00026354,11,2026,1862688,00597028073,3,Y,30,30,N,N,N
00026354,11,2026,1862701,00597029074,3,Y,60,30,N,N,N
00026354,11,2026,1862697,00597029588,3,Y,30,30,N,N,N
00026354,11,2026,1862692,00597030045,3,Y,60,30,N,N,N
00026354,11,2026,2640889,00597037082,5,N, , ,Y,N,N
00026354,11,2026,2640898,00597037597,5,N, , ,Y,N,N
00026354,11,2026,2359285,00597038013,3,Y,30,30,N,N,N
00026354,11,2026,2359290,00597038577,3,Y,60,30,N,N,N
00026354,11,2026,2359353,00597039071,3,Y,30,30,N,N,N
00026354,11,2026,2359358,00597039582,3,Y,60,30,N,N,N
00026354,11,2026,2640892,00597040089,5,N, , ,Y,N,N
00026354,11,2026,2640894,00597040580,5,N, , ,Y,N,N
00026354,11,2026,2680746,00597048520,5,N, , ,Y,N,N
00026354,11,2026,2680750,00597049550,5,N, , ,Y,N,N
00026354,11,2026,2721615,00597925786,5,Y,90,30,Y,N,N
00026354,11,2026,991082,00603116158,2,N, , ,N,N,N
00026354,11,2026,762675,00603459315,1,N, , ,N,N,N
00026354,11,2026,198078,00603506221,2,N, , ,N,N,N
00026354,11,2026,763181,00603533715,2,N, , ,N,N,N
00026354,11,2026,763179,00603533731,2,N, , ,N,N,N
00026354,11,2026,763185,00603533815,2,N, , ,N,N,N
00026354,11,2026,763183,00603533831,2,N, , ,N,N,N
00026354,11,2026,856448,00603548232,2,N, , ,N,N,N
00026354,11,2026,856457,00603548332,2,N, , ,N,N,N
00026354,11,2026,856519,00603548421,2,N, , ,N,N,N
00026354,11,2026,856578,00603548628,2,N, , ,N,N,N
00026354,11,2026,1659598,00641611710,2,N, , ,N,N,N
00026354,11,2026,312068,00641617410,2,N, , ,N,N,N
00026354,11,2026,314152,00641617701,2,N, , ,N,N,N
00026354,11,2026,198159,00713013512,2,N, , ,N,N,N
00026354,11,2026,1191302,00713022315,2,N, , ,N,N,N
00026354,11,2026,1191256,00713022415,2,N, , ,N,N,N
00026354,11,2026,308865,00713031853,2,Y,120,30,N,N,N
00026354,11,2026,197407,00713032637,2,N, , ,N,N,N
00026354,11,2026,197409,00713032737,2,N, , ,N,N,N
00026354,11,2026,562847,00713035281,5,N, , ,Y,N,N
00026354,11,2026,992459,00713052612,2,N, , ,Y,N,N
00026354,11,2026,1114466,00713056431,2,Y,30,30,N,N,N
00026354,11,2026,310465,00713068215,2,Y,120,30,N,N,N
00026354,11,2026,197735,00713068315,2,Y,90,30,N,N,N
00026354,11,2026,1191315,00713070915,2,N, , ,N,N,N
00026354,11,2026,308047,00781106110,1,Y,120,30,N,N,N
00026354,11,2026,308048,00781107710,1,Y,120,30,N,N,N
00026354,11,2026,197321,00781107905,1,Y,120,30,N,N,N
00026354,11,2026,197322,00781108901,1,Y,150,30,N,N,N
00026354,11,2026,562251,00781187431,2,N, , ,N,N,N
00026354,11,2026,313190,00781210201,2,N, , ,Y,N,N
00026354,11,2026,198377,00781210301,2,N, , ,Y,N,N
00026354,11,2026,198378,00781210401,2,N, , ,Y,N,N
00026354,11,2026,308212,00781214501,2,N, , ,N,N,N
00026354,11,2026,1592279,00781215832,5,Y,270,30,Y,N,N
00026354,11,2026,403811,00781232368,2,Y,2,28,Y,N,N
00026354,11,2026,308191,00781261305,1,N, , ,N,N,N
00026354,11,2026,199119,00781285931,1,N, , ,N,N,N
00026354,11,2026,309092,00781320695,2,N, , ,N,N,N
00026354,11,2026,1654630,00781323434,5,Y,30,30,Y,N,N
00026354,11,2026,854235,00781324664,2,Y,24,30,N,N,N
00026354,11,2026,2000007,00781325089,5,Y,12,28,Y,N,N
00026354,11,2026,1361615,00781354525,2,N, , ,N,N,N
00026354,11,2026,545835,00781400332,2,N, , ,Y,N,N
00026354,11,2026,991332,00781402753,2,N, , ,N,N,N
00026354,11,2026,991053,00781402822,2,N, , ,N,N,N
00026354,11,2026,310600,00781551501,2,N, , ,N,N,N
00026354,11,2026,240741,00781602246,2,N, , ,N,N,N
00026354,11,2026,309322,00781602346,2,N, , ,N,N,N
00026354,11,2026,617423,00781610246,2,N, , ,N,N,N
00026354,11,2026,617993,00781613954,2,N, , ,N,N,N
00026354,11,2026,403908,00781618667,2,Y,7.5,7,N,N,N
00026354,11,2026,861204,00781717775,2,N, , ,N,N,N
00026354,11,2026,198322,00781802801,2,N, , ,N,N,N
00026354,11,2026,749783,00781808926,1,N, , ,N,N,N
00026354,11,2026,749780,00781809003,1,N, , ,N,N,N
00026354,11,2026,584414,00832046560,2,Y,60,30,N,N,N
00026354,11,2026,310261,00832059530,2,N, , ,N,N,N
00026354,11,2026,855292,00832121100,1,N, , ,N,N,N
00026354,11,2026,855306,00832121200,1,N, , ,N,N,N
00026354,11,2026,855316,00832121300,1,N, , ,N,N,N
00026354,11,2026,855322,00832121400,1,N, , ,N,N,N
00026354,11,2026,855328,00832121500,1,N, , ,N,N,N
00026354,11,2026,855336,00832121610,1,N, , ,N,N,N
00026354,11,2026,855342,00832121700,1,N, , ,N,N,N
00026354,11,2026,855348,00832121800,1,N, , ,N,N,N
00026354,11,2026,855300,00832121900,1,N, , ,N,N,N
00026354,11,2026,861635,00832142505,2,N, , ,N,N,N
00026354,11,2026,310670,00832151011,2,N, , ,N,N,N
00026354,11,2026,310671,00832152011,2,N, , ,N,N,N
00026354,11,2026,314034,00832153011,2,N, , ,N,N,N
00026354,11,2026,310672,00832154011,2,N, , ,N,N,N
00026354,11,2026,1801298,00832532410,2,N, , ,N,N,N
00026354,11,2026,1801294,00832532510,2,N, , ,N,N,N
00026354,11,2026,991336,00832601900,2,N, , ,N,N,N
00026354,11,2026,991044,00832602000,2,N, , ,N,N,N
00026354,11,2026,991188,00832602100,2,N, , ,N,N,N
00026354,11,2026,896758,00904745161,2,N, , ,N,N,N
00026354,11,2026,197550,10019098401,3,N, , ,Y,Y,N
00026354,11,2026,2102717,10094020560,5,Y,60,30,Y,N,N
00026354,11,2026,2102713,10094021060,5,Y,60,30,Y,N,N
00026354,11,2026,2102715,10094022060,5,Y,60,30,Y,N,N
00026354,11,2026,2059228,10122050201,5,N, , ,Y,N,N
00026354,11,2026,199148,10135060571,2,N, , ,N,N,N
00026354,11,2026,849395,10135069201,2,N, , ,N,N,N
00026354,11,2026,199159,10370026801,5,N, , ,N,N,N
00026354,11,2026,966920,10572010001,2,N, , ,N,N,N
00026354,11,2026,1540356,10631040701,2,N, , ,N,N,N
00026354,11,2026,992475,10702000401,1,N, , ,Y,N,N
00026354,11,2026,2101899,10702003645,2,N, , ,N,N,N
00026354,11,2026,1049683,10702005601,2,Y,180,30,N,N,N
00026354,11,2026,1049635,10702018401,2,Y,360,30,N,N,N
00026354,11,2026,889520,11534018701,2,Y,180,30,Y,N,N
00026354,11,2026,2055676,12496009001,5,Y,1,30,N,N,N
00026354,11,2026,2055672,12496012001,5,Y,1,30,N,N,N
00026354,11,2026,476809,13107000130,2,N, , ,N,N,N
00026354,11,2026,314111,13107000334,2,N, , ,N,N,N
00026354,11,2026,311725,13107003134,2,N, , ,N,N,N
00026354,11,2026,311726,13107003234,2,N, , ,N,N,N
00026354,11,2026,993770,13107005801,2,Y,360,30,N,N,N
00026354,11,2026,993781,13107005999,2,Y,360,30,N,N,N
00026354,11,2026,238153,13107007501,2,Y,180,30,Y,N,N
00026354,11,2026,197466,13107032001,2,Y,180,30,N,N,N
00026354,11,2026,197593,13517010030,5,N, , ,N,N,N
00026354,11,2026,1661220,13533070501,5,N, , ,Y,N,N
00026354,11,2026,1809580,13533080012,5,N, , ,Y,N,N
00026354,11,2026,283672,13668000905,1,Y,120,30,N,N,N
00026354,11,2026,200371,13668001005,1,Y,30,30,N,N,N
00026354,11,2026,309314,13668001105,1,Y,30,30,N,N,N
00026354,11,2026,859033,13668009190,2,N, , ,N,N,N
00026354,11,2026,859040,13668009290,2,N, , ,N,N,N
00026354,11,2026,859044,13668009390,2,N, , ,N,N,N
00026354,11,2026,859052,13668009490,2,N, , ,N,N,N
00026354,11,2026,859048,13668009590,2,N, , ,N,N,N
00026354,11,2026,317110,13668010401,1,N, , ,N,N,N
00026354,11,2026,311196,13668010601,1,N, , ,N,N,N
00026354,11,2026,402698,13668013201,2,N, , ,N,N,N
00026354,11,2026,402696,13668013301,2,N, , ,N,N,N
00026354,11,2026,402695,13668013401,2,N, , ,N,N,N
00026354,11,2026,858625,13668018490,2,N, , ,N,N,N
00026354,11,2026,402131,13668021730,2,N, , ,N,N,N
00026354,11,2026,856369,13668033301,1,N, , ,N,N,N
00026354,11,2026,597850,13668045301,2,N, , ,N,N,N
00026354,11,2026,597852,13668046201,2,N, , ,N,N,N
00026354,11,2026,197985,13668048201,2,N, , ,N,N,N
00026354,11,2026,314108,13668048301,2,N, , ,N,N,N
00026354,11,2026,197984,13668048450,2,N, , ,N,N,N
00026354,11,2026,598006,13668060601,2,N, , ,N,N,N
00026354,11,2026,197650,13668060701,2,N, , ,N,N,N
00026354,11,2026,861601,13925051510,2,N, , ,N,N,N
00026354,11,2026,861597,13925052201,2,N, , ,Y,N,N
00026354,11,2026,995278,14539067505,1,N, , ,N,N,N
00026354,11,2026,615882,15054104005,5,N, , ,Y,N,N
00026354,11,2026,2697164,15370040130,5,N, , ,N,Y,N
00026354,11,2026,2697167,15370040230,5,N, , ,N,Y,N
00026354,11,2026,2697170,15370040330,5,N, , ,N,Y,N
00026354,11,2026,2471100,16110039105,5,Y,5,5,N,Y,N
00026354,11,2026,855926,16571020150,2,Y,60,30,N,N,N
00026354,11,2026,855906,16571020210,2,Y,120,30,N,N,N
00026354,11,2026,855664,16571020310,2,N, , ,N,N,N
00026354,11,2026,199164,16571066801,2,N, , ,Y,N,N
00026354,11,2026,198086,16571067101,2,N, , ,Y,N,N
00026354,11,2026,389201,16571080901,2,Y,30,30,N,N,N
00026354,11,2026,1095227,16714034004,2,N, , ,N,N,N
00026354,11,2026,1304988,16714035904,2,N, , ,N,N,N
00026354,11,2026,1661092,16714036603,2,Y,91,84,N,N,N
00026354,11,2026,1438778,16714040404,2,N, , ,N,N,N
00026354,11,2026,1440937,16714040504,2,N, , ,N,N,N
00026354,11,2026,1440183,16714040604,2,N, , ,N,N,N
00026354,11,2026,1537209,16714040703,2,N, , ,N,N,N
00026354,11,2026,1487086,16714040803,2,N, , ,N,N,N
00026354,11,2026,1539953,16714044004,2,N, , ,N,N,N
00026354,11,2026,1539955,16714044104,2,N, , ,N,N,N
00026354,11,2026,1605086,16714046404,2,N, , ,N,N,N
00026354,11,2026,308714,16714049602,2,Y,90,30,N,N,N
00026354,11,2026,310431,16714066202,2,Y,360,30,N,N,N
00026354,11,2026,476351,16714078101,6,Y,30,30,N,N,N
00026354,11,2026,199247,16729000316,6,Y,60,30,N,N,N
00026354,11,2026,314231,16729000417,6,N, , ,N,N,N
00026354,11,2026,312961,16729000517,6,N, , ,N,N,N
00026354,11,2026,198211,16729000617,6,N, , ,N,N,N
00026354,11,2026,199123,16729002310,2,N, , ,N,N,N
00026354,11,2026,199224,16729003510,1,N, , ,N,N,N
00026354,11,2026,310346,16729009016,1,N, , ,N,N,N
00026354,11,2026,199058,16729009401,2,N, , ,Y,N,N
00026354,11,2026,721791,16729009512,2,N, , ,N,N,N
00026354,11,2026,721794,16729009612,2,N, , ,N,N,N
00026354,11,2026,721796,16729009712,2,N, , ,N,N,N
00026354,11,2026,895670,16729010912,2,N, , ,N,N,N
00026354,11,2026,853201,16729013212,2,N, , ,N,N,N
00026354,11,2026,197319,16729013416,1,N, , ,N,N,N
00026354,11,2026,197320,16729013516,1,N, , ,N,N,N
00026354,11,2026,197527,16729013616,1,Y,90,30,N,N,N
00026354,11,2026,197528,16729013716,1,Y,90,30,N,N,N
00026354,11,2026,197529,16729013816,1,Y,300,30,N,N,N
00026354,11,2026,856773,16729017601,2,N, , ,N,N,N
00026354,11,2026,429503,16729018201,1,N, , ,N,N,N
00026354,11,2026,310798,16729018317,1,N, , ,N,N,N
00026354,11,2026,485023,16729018929,2,N, , ,Y,N,N
00026354,11,2026,485020,16729026129,2,N, , ,Y,N,N
00026354,11,2026,855812,16729027310,2,Y,30,30,N,N,N
00026354,11,2026,351256,16729029310,2,N, , ,N,N,N
00026354,11,2026,863628,16729031901,2,N, , ,N,N,N
00026354,11,2026,349405,16729032215,6,N, , ,N,N,N
00026354,11,2026,1012895,16729034210,5,Y,30,30,Y,N,N
00026354,11,2026,1235247,16729034610,2,Y,30,30,N,N,N
00026354,11,2026,1040031,16729034710,2,Y,30,30,N,N,N
00026354,11,2026,1297278,16729035010,2,Y,30,30,N,N,N
00026354,11,2026,1086772,16729035210,2,Y,30,30,N,N,N
00026354,11,2026,1373483,16729041604,2,Y,14,7,Y,N,N
00026354,11,2026,313189,16729042110,2,Y,100,30,N,N,N
00026354,11,2026,1996246,16729043445,5,N, , ,N,N,N
00026354,11,2026,105585,16729048601,2,N, , ,Y,Y,N
00026354,11,2026,2569281,16729056101,2,Y,180,30,N,N,N
00026354,11,2026,2569283,16729056201,2,Y,60,30,N,N,N
00026354,11,2026,1119312,16729056301,2,Y,60,30,N,N,N
00026354,11,2026,2123072,17270074000,2,Y,17,30,N,N,N
00026354,11,2026,310364,21922000101,2,N, , ,N,N,N
00026354,11,2026,1597129,21922001902,2,Y,300,30,Y,N,N
00026354,11,2026,106387,21922002107,2,Y,60,30,N,N,N
00026354,11,2026,203088,21922002507,2,Y,180,30,N,N,N
00026354,11,2026,309291,21922005351,2,Y,19.8,30,N,N,N
00026354,11,2026,897683,23155002601,1,N, , ,N,N,N
00026354,11,2026,312059,23155005101,2,N, , ,N,N,N
00026354,11,2026,311918,23155005419,2,Y,18,30,N,N,N
00026354,11,2026,314135,23155005519,2,Y,18,30,N,N,N
00026354,11,2026,310537,23155005810,6,N, , ,Y,N,N
00026354,11,2026,897722,23155005901,1,N, , ,N,N,N
00026354,11,2026,197942,23155007001,1,N, , ,N,N,N
00026354,11,2026,197941,23155007101,1,N, , ,N,N,N
00026354,11,2026,1652673,23155013301,2,N, , ,N,N,N
00026354,11,2026,1650142,23155013525,2,N, , ,N,N,N
00026354,11,2026,1723156,23155029041,2,N, , ,N,N,N
00026354,11,2026,1719286,23155047344,1,N, , ,N,N,N
00026354,11,2026,897666,23155048601,1,N, , ,N,N,N
00026354,11,2026,833008,23155049001,2,N, , ,N,N,N
00026354,11,2026,995218,23155050001,2,N, , ,N,N,N
00026354,11,2026,995258,23155050105,2,N, , ,N,N,N
00026354,11,2026,995281,23155050201,2,N, , ,N,N,N
00026354,11,2026,857560,23155053006,2,N, , ,N,N,N
00026354,11,2026,197682,23155053201,2,N, , ,N,N,N
00026354,11,2026,197738,23155060601,2,N, , ,N,N,N
00026354,11,2026,197739,23155060701,2,N, , ,N,N,N
00026354,11,2026,197433,23155062102,2,N, , ,N,N,N
00026354,11,2026,858804,23155070401,6,N, , ,N,N,N
00026354,11,2026,858817,23155077201,6,N, , ,N,N,N
00026354,11,2026,313571,23155085978,2,Y,112,14,N,N,N
00026354,11,2026,197703,23155086101,5,N, , ,N,N,N
00026354,11,2026,310878,23155092681,2,N, , ,N,N,N
00026354,11,2026,2672379,23594015030,5,Y,30,30,Y,N,N
00026354,11,2026,2732203,23594015032,5,N, , ,Y,N,N
00026354,11,2026,2672385,23594015130,5,Y,30,30,Y,N,N
00026354,11,2026,2672391,23594015230,5,Y,30,30,Y,N,N
00026354,11,2026,2672397,23594015330,5,Y,30,30,Y,N,N
00026354,11,2026,1012021,24208031705,2,N, , ,N,N,N
00026354,11,2026,849506,24208034205,2,N, , ,N,N,N
00026354,11,2026,1797863,24208034425,2,Y,50,25,N,N,N
00026354,11,2026,2637556,24208037705,3,Y,12,28,N,N,N
00026354,11,2026,1797833,24208039830,2,Y,30,28,N,N,N
00026354,11,2026,1797844,24208039915,2,Y,15,10,N,N,N
00026354,11,2026,1099503,24208044335,3,Y,3.5,14,N,N,N
00026354,11,2026,854801,24208045705,2,N, , ,N,N,N
00026354,11,2026,308805,24208046410,2,N, , ,N,N,N
00026354,11,2026,310015,24208048510,2,N, , ,N,N,N
00026354,11,2026,1988399,24208050402,4,Y,5,30,N,N,N
00026354,11,2026,1150836,24208050505,2,N, , ,N,N,N
00026354,11,2026,2118539,24208050707,3,Y,5,16,N,N,N
00026354,11,2026,864650,24208053535,4,N, , ,N,N,N
00026354,11,2026,308511,24208055555,2,N, , ,N,N,N
00026354,11,2026,204423,24208063110,2,N, , ,N,N,N
00026354,11,2026,310687,24208063562,2,N, , ,N,N,N
00026354,11,2026,1006120,24208067004,2,N, , ,N,N,N
00026354,11,2026,226343,24208072002,2,N, , ,N,N,N
00026354,11,2026,308493,24208078055,2,N, , ,N,N,N
00026354,11,2026,1116150,24208078555,2,N, , ,N,N,N
00026354,11,2026,310594,24208079062,2,N, , ,N,N,N
00026354,11,2026,309679,24208079535,2,N, , ,N,N,N
00026354,11,2026,309680,24208083060,2,N, , ,N,N,N
00026354,11,2026,310149,24208091055,2,Y,3.5,4,N,N,N
00026354,11,2026,2698570,24338015401,5,Y,112,28,Y,N,N
00026354,11,2026,2698574,24338015501,5,Y,112,28,Y,N,N
00026354,11,2026,1100184,24979000406,2,Y,30,30,N,N,N
00026354,11,2026,577154,24979004113,2,N, , ,Y,N,N
00026354,11,2026,1373491,24979012804,5,Y,60,30,Y,N,N
00026354,11,2026,862013,24979053401,2,N, , ,N,N,N
00026354,11,2026,1665102,25021010910,2,N, , ,N,N,N
00026354,11,2026,1737244,25021011502,2,N, , ,N,N,N
00026354,11,2026,1737578,25021011504,2,N, , ,N,N,N
00026354,11,2026,1737581,25021011506,2,N, , ,N,N,N
00026354,11,2026,1659287,25021012850,2,N, , ,N,N,N
00026354,11,2026,242800,25021012999,2,N, , ,N,N,N
00026354,11,2026,311683,25021013182,2,N, , ,N,N,N
00026354,11,2026,1721315,25021018482,2,N, , ,N,N,N
00026354,11,2026,1721314,25021018487,2,N, , ,N,N,N
00026354,11,2026,1361226,25021040010,2,N, , ,N,N,N
00026354,11,2026,859871,25021083405,2,N, , ,N,N,N
00026354,11,2026,317094,27241004910,2,N, , ,N,N,N
00026354,11,2026,349435,27241006203,2,N, , ,N,N,N
00026354,11,2026,349434,27241006303,2,N, , ,N,N,N
00026354,11,2026,596934,27241009990,2,Y,60,30,N,N,N
00026354,11,2026,349287,27241011703,2,N, , ,N,N,N
00026354,11,2026,310288,27241011904,2,N, , ,N,N,N
00026354,11,2026,310289,27241012004,2,N, , ,N,N,N
00026354,11,2026,577033,27241012403,2,Y,360,30,Y,N,N
00026354,11,2026,616749,27241012502,2,Y,120,30,N,N,N
00026354,11,2026,728231,27241012602,2,Y,60,30,N,N,N
00026354,11,2026,863559,27241015919,5,N, , ,N,N,N
00026354,11,2026,855182,27241019130,2,N, , ,N,N,N
00026354,11,2026,855189,27241019230,2,N, , ,N,N,N
00026354,11,2026,2705796,27505000605,5,Y,600,30,Y,N,N
00026354,11,2026,313306,27808003301,2,N, , ,N,N,N
00026354,11,2026,1091133,27808005901,2,Y,900,30,N,N,N
00026354,11,2026,1649988,27808023302,2,N, , ,N,N,N
00026354,11,2026,483438,27808023701,2,Y,90,30,N,N,N
00026354,11,2026,314234,29033000305,2,N, , ,N,N,N
00026354,11,2026,282401,29300011101,1,N, , ,N,N,N
00026354,11,2026,198427,29300011201,1,N, , ,N,N,N
00026354,11,2026,198428,29300011316,1,N, , ,N,N,N
00026354,11,2026,198429,29300011416,1,N, , ,N,N,N
00026354,11,2026,311486,29300012410,1,N, , ,N,N,N
00026354,11,2026,152695,29300012510,1,N, , ,N,N,N
00026354,11,2026,854905,29300012601,2,N, , ,N,N,N
00026354,11,2026,854901,29300012701,2,N, , ,N,N,N
00026354,11,2026,313762,29300013101,2,Y,30,30,N,N,N
00026354,11,2026,313761,29300013201,2,Y,30,30,N,N,N
00026354,11,2026,884185,29300013601,1,N, , ,N,N,N
00026354,11,2026,1099625,29300013805,2,N, , ,N,N,N
00026354,11,2026,1099678,29300013905,2,N, , ,N,N,N
00026354,11,2026,1099870,29300014005,2,N, , ,N,N,N
00026354,11,2026,996571,29300017116,2,Y,60,30,N,N,N
00026354,11,2026,854916,29300018701,2,N, , ,N,N,N
00026354,11,2026,854919,29300018801,2,N, , ,N,N,N
00026354,11,2026,854908,29300018901,2,N, , ,N,N,N
00026354,11,2026,856834,29300042010,2,N, , ,N,N,N
00026354,11,2026,856845,29300042110,2,N, , ,N,N,N
00026354,11,2026,856853,29300042201,2,N, , ,N,N,N
00026354,11,2026,856762,29300042301,2,N, , ,N,N,N
00026354,11,2026,201708,30698003201,4,N, , ,N,N,N
00026354,11,2026,2699618,30698045501,5,Y,1200,30,Y,N,N
00026354,11,2026,1120068,31722009817,2,N, , ,N,N,N
00026354,11,2026,596926,31722016860,2,Y,60,30,N,N,N
00026354,11,2026,2058980,31722030032,5,Y,90,30,Y,N,N
00026354,11,2026,1859498,31722030132,5,Y,180,30,Y,N,N
00026354,11,2026,1658221,31722039431,4,N, , ,N,N,N
00026354,11,2026,199422,31722050560,2,Y,60,30,N,N,N
00026354,11,2026,200082,31722050660,2,N, , ,N,N,N
00026354,11,2026,199663,31722050960,2,N, , ,N,N,N
00026354,11,2026,905199,31722051901,1,N, , ,N,N,N
00026354,11,2026,905225,31722052001,1,N, , ,N,N,N
00026354,11,2026,905395,31722052101,1,N, , ,N,N,N
00026354,11,2026,905222,31722052201,1,N, , ,N,N,N
00026354,11,2026,198372,31722052901,1,N, , ,N,N,N
00026354,11,2026,198371,31722053101,1,N, , ,N,N,N
00026354,11,2026,311288,31722053612,2,N, , ,N,N,N
00026354,11,2026,311289,31722053705,2,N, , ,N,N,N
00026354,11,2026,311290,31722053812,2,N, , ,N,N,N
00026354,11,2026,387003,31722053960,2,N, , ,N,N,N
00026354,11,2026,197889,31722054501,1,N, , ,N,N,N
00026354,11,2026,855172,31722055190,1,N, , ,N,N,N
00026354,11,2026,597730,31722055612,2,Y,120,30,N,N,N
00026354,11,2026,242679,31722055760,2,N, , ,N,N,N
00026354,11,2026,309313,31722056424,2,N, , ,N,N,N
00026354,11,2026,403884,31722057447,2,N, , ,N,N,N
00026354,11,2026,728223,31722057960,5,N, , ,N,N,N
00026354,11,2026,728225,31722058060,5,N, , ,N,N,N
00026354,11,2026,746645,31722060360,2,Y,300,30,N,N,N
00026354,11,2026,1037179,31722062160,3,Y,60,30,N,N,N
00026354,11,2026,1037045,31722062260,3,Y,60,30,N,N,N
00026354,11,2026,1091839,31722062330,2,Y,30,30,N,N,N
00026354,11,2026,308429,31722062921,2,N, , ,N,N,N
00026354,11,2026,313565,31722070430,2,N, , ,N,N,N
00026354,11,2026,313564,31722070530,2,N, , ,N,N,N
00026354,11,2026,314200,31722071390,1,Y,60,30,N,N,N
00026354,11,2026,311759,31722072790,2,N, , ,N,N,N
00026354,11,2026,242438,31722072890,2,N, , ,N,N,N
00026354,11,2026,200095,31722073090,6,N, , ,N,N,N
00026354,11,2026,197311,31722077701,2,N, , ,N,N,N
00026354,11,2026,197313,31722077801,2,N, , ,N,N,N
00026354,11,2026,809992,31722081460,2,Y,60,30,N,N,N
00026354,11,2026,809996,31722081560,2,Y,60,30,N,N,N
00026354,11,2026,313566,31722083260,2,N, , ,N,N,N
00026354,11,2026,1245001,31722084130,5,Y,90,30,Y,N,N
00026354,11,2026,825421,31722084230,5,Y,30,30,Y,N,N
00026354,11,2026,825427,31722084330,5,Y,60,30,Y,N,N
00026354,11,2026,884617,31722084430,5,Y,60,30,Y,N,N
00026354,11,2026,311345,31722086525,5,N, , ,N,N,N
00026354,11,2026,859419,31722088530,6,N, , ,N,N,N
00026354,11,2026,197541,31722089901,2,Y,120,30,N,N,N
00026354,11,2026,197635,31722096060,2,Y,60,30,Y,N,N
00026354,11,2026,197636,31722096160,2,Y,60,30,Y,N,N
00026354,11,2026,197634,31722096260,2,Y,60,30,Y,N,N
00026354,11,2026,199192,33342002407,2,N, , ,N,N,N
00026354,11,2026,199193,33342002507,2,N, , ,N,N,N
00026354,11,2026,198382,33342002607,2,N, , ,N,N,N
00026354,11,2026,997226,33342002907,2,Y,30,30,N,N,N
00026354,11,2026,997220,33342003007,2,N, , ,N,N,N
00026354,11,2026,200094,33342004710,6,N, , ,N,N,N
00026354,11,2026,200096,33342004910,6,N, , ,N,N,N
00026354,11,2026,312078,33342006807,2,N, , ,N,N,N
00026354,11,2026,283639,33342007207,2,N, , ,N,N,N
00026354,11,2026,314155,33342008307,2,N, , ,N,N,N
00026354,11,2026,312076,33342008407,2,N, , ,N,N,N
00026354,11,2026,351107,33342008507,2,N, , ,N,N,N
00026354,11,2026,351108,33342008607,2,N, , ,N,N,N
00026354,11,2026,314214,33342008909,2,N, , ,N,N,N
00026354,11,2026,312835,33342009009,2,N, , ,N,N,N
00026354,11,2026,312836,33342009209,2,N, , ,N,N,N
00026354,11,2026,312839,33342009341,2,Y,18,30,N,N,N
00026354,11,2026,312837,33342009441,2,Y,18,30,N,N,N
00026354,11,2026,349251,33342009607,2,N, , ,N,N,N
00026354,11,2026,153822,33342011407,6,N, , ,N,N,N
00026354,11,2026,153823,33342011507,6,N, , ,N,N,N
00026354,11,2026,577776,33342011607,6,N, , ,N,N,N
00026354,11,2026,639537,33342011707,6,N, , ,N,N,N
00026354,11,2026,1095712,33342023807,2,Y,30,30,N,N,N
00026354,11,2026,996561,33342029815,2,Y,60,30,N,N,N
00026354,11,2026,485442,33342030011,2,Y,30,30,N,N,N
00026354,11,2026,485465,33342030111,2,Y,30,30,N,N,N
00026354,11,2026,313072,35573010813,2,N, , ,N,N,N
00026354,11,2026,313115,39822070602,5,N, , ,N,N,N
00026354,11,2026,239240,39822105505,2,N, , ,Y,N,N
00026354,11,2026,283523,42192060816,2,Y,2160,30,N,N,N
00026354,11,2026,749157,42291056584,2,N, , ,N,N,N
00026354,11,2026,2606490,42385092590,5,Y,90,30,Y,N,N
00026354,11,2026,864661,42385092830,5,N, , ,N,N,N
00026354,11,2026,2001424,42385092931,5,N, , ,N,N,N
00026354,11,2026,1363408,42388001114,5,Y,112,28,Y,N,N
00026354,11,2026,1363410,42388001214,5,N, , ,Y,N,N
00026354,11,2026,1364581,42388001314,5,N, , ,Y,N,N
00026354,11,2026,1790175,42388002326,5,Y,30,30,Y,N,N
00026354,11,2026,1790167,42388002426,5,Y,30,30,Y,N,N
00026354,11,2026,1790171,42388002526,5,Y,60,30,Y,N,N
00026354,11,2026,313570,42494045020,2,Y,56,14,N,N,N
00026354,11,2026,1300783,42515000201,3,N, , ,N,N,N
00026354,11,2026,898490,42543040801,2,N, , ,N,N,N
00026354,11,2026,284008,42571013027,2,Y,2.5,25,N,N,N
00026354,11,2026,831261,42571013252,2,N, , ,N,N,N
00026354,11,2026,608328,42571022130,2,N, , ,N,N,N
00026354,11,2026,730869,42571023530,6,N, , ,N,N,N
00026354,11,2026,730861,42571023630,6,N, , ,N,N,N
00026354,11,2026,730872,42571023730,6,N, , ,N,N,N
00026354,11,2026,309329,42571025001,2,N, , ,N,N,N
00026354,11,2026,199450,42571031501,2,Y,60,30,N,N,N
00026354,11,2026,246172,42571031601,2,Y,60,30,N,N,N
00026354,11,2026,861025,42571036007,2,Y,765,30,N,N,N
00026354,11,2026,861487,42571036299,2,N, , ,N,N,N
00026354,11,2026,1085745,42571038519,2,N, , ,N,N,N
00026354,11,2026,881341,42794000308,2,N, , ,N,N,N
00026354,11,2026,905172,42794000402,2,N, , ,N,N,N
00026354,11,2026,905168,42794000702,2,N, , ,N,N,N
00026354,11,2026,903456,42794001812,2,N, , ,N,N,N
00026354,11,2026,903697,42794001912,2,N, , ,N,N,N
00026354,11,2026,903703,42794002012,2,N, , ,N,N,N
00026354,11,2026,199689,42794008008,2,N, , ,N,N,N
00026354,11,2026,894859,42794008108,2,N, , ,N,N,N
00026354,11,2026,199690,42794008308,2,N, , ,N,N,N
00026354,11,2026,2723585,42794013112,2,N, , ,N,N,N
00026354,11,2026,2723581,42794013212,2,N, , ,N,N,N
00026354,11,2026,2723583,42794013312,2,N, , ,N,N,N
00026354,11,2026,199519,42799020801,2,N, , ,N,N,N
00026354,11,2026,311207,42799080601,2,N, , ,N,N,N
00026354,11,2026,198239,42806001101,2,N, , ,N,N,N
00026354,11,2026,198238,42806001801,2,N, , ,N,N,N
00026354,11,2026,308136,42806005509,1,N, , ,N,N,N
00026354,11,2026,1095229,42806005801,2,N, , ,N,N,N
00026354,11,2026,1922765,42806012101,2,N, , ,N,N,N
00026354,11,2026,1922720,42806012201,2,N, , ,N,N,N
00026354,11,2026,308459,42806014731,2,N, , ,N,N,N
00026354,11,2026,1650143,42806031250,2,N, , ,N,N,N
00026354,11,2026,1298910,42806033601,5,Y,120,30,N,N,N
00026354,11,2026,1298816,42806033701,2,Y,240,30,N,N,N
00026354,11,2026,1298906,42806033801,2,Y,270,30,N,N,N
00026354,11,2026,259966,42806040001,2,N, , ,N,N,N
00026354,11,2026,993518,42806042501,2,N, , ,N,N,N
00026354,11,2026,852913,42806051230,2,N, , ,N,N,N
00026354,11,2026,852877,42806051330,2,N, , ,N,N,N
00026354,11,2026,351172,42806054909,2,N, , ,N,N,N
00026354,11,2026,198228,42806075760,2,N, , ,N,N,N
00026354,11,2026,1049686,42858000401,2,Y,120,30,N,N,N
00026354,11,2026,891881,42858080101,2,Y,90,30,N,N,N
00026354,11,2026,891888,42858080201,2,Y,90,30,N,N,N
00026354,11,2026,891893,42858080301,2,Y,60,30,N,N,N
00026354,11,2026,891874,42858080401,2,Y,60,30,N,N,N
00026354,11,2026,892646,42858080501,2,Y,60,30,N,N,N
00026354,11,2026,848726,43068010102,5,Y,60,30,N,Y,N
00026354,11,2026,848738,43068010202,5,Y,60,30,N,Y,N
00026354,11,2026,848742,43068010402,5,Y,60,30,N,Y,N
00026354,11,2026,848746,43068010602,5,Y,60,30,N,Y,N
00026354,11,2026,848750,43068010802,5,Y,60,30,N,Y,N
00026354,11,2026,848730,43068011002,5,Y,60,30,N,Y,N
00026354,11,2026,848734,43068011202,5,Y,60,30,N,Y,N
00026354,11,2026,848752,43068011304,4,N, , ,N,Y,N
00026354,11,2026,2381144,43376032236,5,N, , ,Y,N,N
00026354,11,2026,979099,43386005019,2,N, , ,N,N,N
00026354,11,2026,967023,43386006019,2,N, , ,N,N,N
00026354,11,2026,967012,43386009019,2,N, , ,N,N,N
00026354,11,2026,801961,43386028001,2,N, , ,N,N,N
00026354,11,2026,801966,43386028101,2,N, , ,N,N,N
00026354,11,2026,197702,43386077101,5,N, , ,N,N,N
00026354,11,2026,1736047,43485010160,4,N, , ,N,Y,N
00026354,11,2026,1736050,43485010260,4,N, , ,N,Y,N
00026354,11,2026,2050059,43528000301,3,N, , ,Y,N,N
00026354,11,2026,403957,43547004903,2,Y,30,30,Y,N,N
00026354,11,2026,312845,43547026810,2,N, , ,N,N,N
00026354,11,2026,312846,43547026910,2,N, , ,N,N,N
00026354,11,2026,283858,43547027210,2,N, , ,N,N,N
00026354,11,2026,562704,43547027310,2,N, , ,N,N,N
00026354,11,2026,312849,43547027410,2,N, , ,N,N,N
00026354,11,2026,997229,43547027511,1,Y,30,30,N,N,N
00026354,11,2026,997223,43547027611,1,Y,30,30,N,N,N
00026354,11,2026,351249,43547028010,1,N, , ,N,N,N
00026354,11,2026,349332,43547028111,1,N, , ,N,N,N
00026354,11,2026,351250,43547028211,1,N, , ,N,N,N
00026354,11,2026,205304,43547028403,6,N, , ,N,N,N
00026354,11,2026,205305,43547028503,6,N, , ,N,N,N
00026354,11,2026,993503,43547028810,2,N, , ,N,N,N
00026354,11,2026,636045,43547031509,6,N, , ,N,N,N
00026354,11,2026,898723,43547033510,6,N, , ,N,N,N
00026354,11,2026,898687,43547033610,6,N, , ,N,N,N
00026354,11,2026,898690,43547033750,6,N, , ,N,N,N
00026354,11,2026,898719,43547033850,6,N, , ,N,N,N
00026354,11,2026,312828,43547033906,2,N, , ,N,N,N
00026354,11,2026,312829,43547034050,2,N, , ,N,N,N
00026354,11,2026,312830,43547034150,2,N, , ,N,N,N
00026354,11,2026,312831,43547034250,2,N, , ,N,N,N
00026354,11,2026,312832,43547034306,2,N, , ,N,N,N
00026354,11,2026,314211,43547034406,2,N, , ,N,N,N
00026354,11,2026,197884,43547035611,6,N, , ,N,N,N
00026354,11,2026,857169,43547038609,6,N, , ,N,N,N
00026354,11,2026,857183,43547038709,6,N, , ,N,N,N
00026354,11,2026,857187,43547038809,6,N, , ,N,N,N
00026354,11,2026,403853,43547039109,6,N, , ,N,N,N
00026354,11,2026,403854,43547039203,6,N, , ,N,N,N
00026354,11,2026,403855,43547039303,6,N, , ,N,N,N
00026354,11,2026,197732,43547040350,1,N, , ,N,N,N
00026354,11,2026,312750,43547041009,6,N, , ,N,N,N
00026354,11,2026,312748,43547041109,6,N, , ,N,N,N
00026354,11,2026,312749,43547041209,6,N, , ,N,N,N
00026354,11,2026,314203,43547041309,6,N, , ,N,N,N
00026354,11,2026,751618,43547052403,2,N, , ,N,N,N
00026354,11,2026,387013,43547052503,2,N, , ,N,N,N
00026354,11,2026,751612,43547052603,2,N, , ,N,N,N
00026354,11,2026,827073,43547052703,2,N, , ,N,N,N
00026354,11,2026,312504,43547055350,2,N, , ,N,N,N
00026354,11,2026,198243,43547061110,2,Y,120,30,N,N,N
00026354,11,2026,485489,43547061303,2,Y,30,30,N,N,N
00026354,11,2026,313447,43547065510,2,N, , ,N,N,N
00026354,11,2026,2612671,43598009604,5,N, , ,Y,N,N
00026354,11,2026,312079,43598016530,2,N, , ,N,N,N
00026354,11,2026,314154,43598016630,2,N, , ,N,N,N
00026354,11,2026,208185,43598021055,4,N, , ,N,N,N
00026354,11,2026,404013,43598031330,6,Y,30,30,N,N,N
00026354,11,2026,404011,43598031430,6,Y,30,30,N,N,N
00026354,11,2026,597990,43598031530,6,Y,30,30,N,N,N
00026354,11,2026,597984,43598031630,6,Y,30,30,N,N,N
00026354,11,2026,597993,43598031730,6,N, , ,N,N,N
00026354,11,2026,597967,43598031830,6,Y,30,30,N,N,N
00026354,11,2026,597980,43598031930,6,Y,30,30,N,N,N
00026354,11,2026,597974,43598032030,6,N, , ,N,N,N
00026354,11,2026,597987,43598032130,6,N, , ,N,N,N
00026354,11,2026,597977,43598032230,6,N, , ,N,N,N
00026354,11,2026,597971,43598032330,6,N, , ,N,N,N
00026354,11,2026,805464,43598039467,2,Y,112,28,Y,N,N
00026354,11,2026,199592,43598039567,5,Y,112,28,Y,N,N
00026354,11,2026,198038,43598043501,2,N, , ,N,N,N
00026354,11,2026,597747,43598045804,5,Y,120,30,Y,N,N
00026354,11,2026,861370,43598047990,2,N, , ,N,N,N
00026354,11,2026,606726,43598050930,2,Y,30,30,N,N,N
00026354,11,2026,1428947,43598051421,5,Y,28,28,Y,N,N
00026354,11,2026,1242231,43598051663,5,Y,28,28,Y,N,N
00026354,11,2026,198430,43598055030,2,N, , ,N,N,N
00026354,11,2026,252478,43598055130,2,N, , ,N,N,N
00026354,11,2026,103968,43598055230,2,N, , ,N,N,N
00026354,11,2026,252479,43598055330,2,N, , ,N,N,N
00026354,11,2026,757707,43598057630,2,Y,30,30,Y,N,N
00026354,11,2026,804544,43598058811,2,N, , ,N,N,N
00026354,11,2026,198182,43598067201,5,N, , ,Y,N,N
00026354,11,2026,979092,43598072101,2,Y,90,30,N,N,N
00026354,11,2026,643022,43598073430,2,Y,60,30,N,Y,N
00026354,11,2026,476345,43598074230,6,Y,30,30,N,N,N
00026354,11,2026,476349,43598074430,6,Y,30,30,N,N,N
00026354,11,2026,351223,43598084858,2,Y,6,28,N,N,N
00026354,11,2026,866103,43975034903,2,Y,30,30,N,N,N
00026354,11,2026,672567,43975035003,2,Y,30,30,N,N,N
00026354,11,2026,672569,43975035103,2,Y,60,30,N,N,N
00026354,11,2026,751566,44087000407,5,N, , ,Y,N,N
00026354,11,2026,751568,44087000507,5,N, , ,Y,N,N
00026354,11,2026,751570,44087000607,5,N, , ,Y,N,N
00026354,11,2026,2122661,44087400000,5,N, , ,Y,N,N
00026354,11,2026,2122659,44087400004,5,N, , ,Y,N,N
00026354,11,2026,2122657,44087400005,5,N, , ,Y,N,N
00026354,11,2026,2122655,44087400006,5,N, , ,Y,N,N
00026354,11,2026,2122650,44087400007,5,N, , ,Y,N,N
00026354,11,2026,2122648,44087400008,5,N, , ,Y,N,N
00026354,11,2026,2122642,44087400009,5,N, , ,Y,N,N
00026354,11,2026,2477272,44087500006,5,Y,60,30,Y,N,N
00026354,11,2026,249066,44523018208,2,N, , ,Y,N,N
00026354,11,2026,789980,44567010401,2,N, , ,N,N,N
00026354,11,2026,239189,44567022301,2,N, , ,N,N,N
00026354,11,2026,1659283,44567023525,2,N, , ,N,N,N
00026354,11,2026,1665107,44567024625,2,N, , ,N,N,N
00026354,11,2026,309072,44567024710,2,N, , ,N,N,N
00026354,11,2026,863538,44567031201,2,N, , ,N,N,N
00026354,11,2026,1665507,44567043624,2,N, , ,N,N,N
00026354,11,2026,1665515,44567043724,2,N, , ,N,N,N
00026354,11,2026,1665052,44567070625,2,N, , ,N,N,N
00026354,11,2026,2534244,45629008901,5,Y,21,28,Y,N,N
00026354,11,2026,2534249,45629013401,5,Y,21,28,Y,N,N
00026354,11,2026,240209,45802002146,2,N, , ,N,N,N
00026354,11,2026,318202,45802003846,2,N, , ,N,N,N
00026354,11,2026,238600,45802004064,2,N, , ,N,N,N
00026354,11,2026,1085640,45802004935,2,N, , ,N,N,N
00026354,11,2026,1085633,45802005435,2,N, , ,N,N,N
00026354,11,2026,1085636,45802005535,2,N, , ,N,N,N
00026354,11,2026,543546,45802005911,2,Y,60,30,N,N,N
00026354,11,2026,1085644,45802006335,1,N, , ,N,N,N
00026354,11,2026,1014314,45802006436,1,N, , ,N,N,N
00026354,11,2026,1085686,45802006535,1,N, , ,N,N,N
00026354,11,2026,310169,45802009735,2,N, , ,N,N,N
00026354,11,2026,151030,45802011846,2,N, , ,N,N,N
00026354,11,2026,151029,45802011942,2,N, , ,N,N,N
00026354,11,2026,977990,45802012932,2,N, , ,N,N,N
00026354,11,2026,977978,45802013132,2,N, , ,N,N,N
00026354,11,2026,142046,45802013970,2,N, , ,N,N,N
00026354,11,2026,895987,45802022211,2,N, , ,N,N,N
00026354,11,2026,1053697,45802024414,2,N, , ,N,N,N
00026354,11,2026,311753,45802025735,2,N, , ,N,N,N
00026354,11,2026,797274,45802026337,2,N, , ,N,N,N
00026354,11,2026,310982,45802036862,2,Y,24,30,N,N,N
00026354,11,2026,309290,45802040046,2,Y,180,30,N,N,N
00026354,11,2026,197362,45802041926,2,N, , ,N,N,N
00026354,11,2026,106336,45802046564,2,Y,360,30,N,N,N
00026354,11,2026,857366,45802046653,2,Y,170,30,N,N,N
00026354,11,2026,543460,45802049326,2,N, , ,N,N,N
00026354,11,2026,309333,45802056202,2,Y,180,30,N,N,N
00026354,11,2026,314227,45802059806,2,Y,12,30,N,N,N
00026354,11,2026,313159,45802061906,2,Y,12,30,N,N,N
00026354,11,2026,1596779,45802062786,2,N, , ,N,N,N
00026354,11,2026,1992273,45802063733,2,N, , ,N,N,N
00026354,11,2026,198245,45802071708,2,N, , ,N,N,N
00026354,11,2026,992454,45802075930,2,N, , ,Y,N,N
00026354,11,2026,1053753,45802088094,2,N, , ,N,N,N
00026354,11,2026,197785,45802093716,2,N, , ,N,N,N
00026354,11,2026,755470,45963043864,2,N, , ,N,N,N
00026354,11,2026,544452,45963043965,2,N, , ,N,N,N
00026354,11,2026,866412,45963067711,1,N, , ,N,N,N
00026354,11,2026,1799654,46287000601,2,N, , ,N,N,N
00026354,11,2026,483090,47335018688,2,N, , ,N,N,N
00026354,11,2026,476399,47335018788,2,N, , ,N,N,N
00026354,11,2026,476515,47335018888,2,N, , ,N,N,N
00026354,11,2026,1659927,47335030383,5,N, , ,Y,N,N
00026354,11,2026,2046585,47335040181,5,Y,120,30,Y,N,N
00026354,11,2026,1098143,47335061481,2,N, , ,N,N,N
00026354,11,2026,2200174,47335061630,4,Y,60,30,N,Y,N
00026354,11,2026,2200177,47335061730,4,Y,60,30,N,Y,N
00026354,11,2026,2200180,47335061830,4,Y,30,30,N,Y,N
00026354,11,2026,2200183,47335061930,4,Y,60,30,N,Y,N
00026354,11,2026,672571,47335076783,2,Y,30,30,N,N,N
00026354,11,2026,1010600,47781035503,2,N, , ,N,N,N
00026354,11,2026,1307056,47781035603,2,N, , ,N,N,N
00026354,11,2026,1010604,47781035703,2,N, , ,N,N,N
00026354,11,2026,1307061,47781035803,2,N, , ,N,N,N
00026354,11,2026,197623,47781060730,2,N, , ,N,N,N
00026354,11,2026,1190916,49281021558,3,N, , ,N,N,N
00026354,11,2026,1190919,49281021588,3,N, , ,N,N,N
00026354,11,2026,830470,49281025251,3,N, , ,Y,N,N
00026354,11,2026,1300310,49281028658,3,N, , ,N,N,N
00026354,11,2026,1300206,49281040010,3,N, , ,N,N,N
00026354,11,2026,1300191,49281040089,3,N, , ,N,N,N
00026354,11,2026,2585717,49281051105,3,N, , ,N,N,N
00026354,11,2026,1300468,49281054503,3,N, , ,N,N,N
00026354,11,2026,2587057,49281056458,3,N, , ,N,N,N
00026354,11,2026,2593121,49281056488,3,N, , ,N,N,N
00026354,11,2026,2360588,49281059005,3,N, , ,N,N,N
00026354,11,2026,807225,49281079020,3,N, , ,N,N,N
00026354,11,2026,1486496,49281079051,3,N, , ,N,N,N
00026354,11,2026,763106,49281086010,3,N, , ,N,N,N
00026354,11,2026,1658241,49281091501,3,N, , ,N,N,N
00026354,11,2026,1292828,49281091568,3,N, , ,N,N,N
00026354,11,2026,1939299,49401008835,5,Y,8,28,Y,N,N
00026354,11,2026,1939348,49401008847,5,Y,8,28,Y,N,N
00026354,11,2026,577315,49483068703,2,N, , ,N,N,N
00026354,11,2026,577324,49483068903,2,N, , ,N,N,N
00026354,11,2026,1374574,49502040124,5,Y,224,28,N,N,N
00026354,11,2026,2003255,49502045093,5,N, , ,N,N,N
00026354,11,2026,865208,49502090030,5,Y,30,30,N,Y,N
00026354,11,2026,865212,49502090130,5,Y,30,30,N,Y,N
00026354,11,2026,865216,49502090230,5,Y,30,30,N,Y,N
00026354,11,2026,1433879,49702022813,5,N, , ,N,N,N
00026354,11,2026,1546894,49702023113,5,Y,30,30,N,N,N
00026354,11,2026,1989506,49702024213,5,N, , ,N,N,N
00026354,11,2026,2122526,49702024613,5,N, , ,N,N,N
00026354,11,2026,2380551,49702025018,5,N, , ,N,N,N
00026354,11,2026,2374566,49702025537,5,N, , ,N,N,N
00026354,11,2026,2598352,49702025837,4,N, , ,N,N,N
00026354,11,2026,1857925,49702026055,5,N, , ,N,N,N
00026354,11,2026,197839,49884000901,2,N, , ,N,N,N
00026354,11,2026,636671,49884015576,2,Y,336,365,N,N,N
00026354,11,2026,636676,49884015676,2,Y,336,365,N,N,N
00026354,11,2026,645037,49884021255,2,N, , ,N,N,N
00026354,11,2026,1000064,49884022201,2,N, , ,N,N,N
00026354,11,2026,198140,49884023183,2,N, , ,N,N,N
00026354,11,2026,197987,49884025601,2,N, , ,N,N,N
00026354,11,2026,197986,49884025701,2,N, , ,N,N,N
00026354,11,2026,349194,49884030602,2,Y,90,30,N,N,N
00026354,11,2026,349195,49884030702,2,Y,90,30,N,N,N
00026354,11,2026,349198,49884030802,2,Y,90,30,N,N,N
00026354,11,2026,349196,49884030902,2,Y,90,30,N,N,N
00026354,11,2026,349197,49884031002,2,Y,300,30,N,N,N
00026354,11,2026,312439,49884034701,2,N, , ,N,N,N
00026354,11,2026,198103,49884034801,2,N, , ,N,N,N
00026354,11,2026,848943,49884046565,2,N, , ,N,N,N
00026354,11,2026,1486687,49884072008,5,N, , ,Y,N,N
00026354,11,2026,197797,49884072401,2,N, , ,N,N,N
00026354,11,2026,999986,49884078909,6,N, , ,N,N,N
00026354,11,2026,999991,49884079009,6,N, , ,N,N,N
00026354,11,2026,749289,49884094499,2,N, , ,N,N,N
00026354,11,2026,1430383,50102010003,2,N, , ,N,N,N
00026354,11,2026,1440185,50102022023,2,N, , ,N,N,N
00026354,11,2026,2107008,50102022423,2,N, , ,N,N,N
00026354,11,2026,1550536,50102022823,2,N, , ,N,N,N
00026354,11,2026,2104192,50102023113,2,N, , ,N,N,N
00026354,11,2026,1994764,50102023313,2,N, , ,N,N,N
00026354,11,2026,1994758,50102023513,2,N, , ,N,N,N
00026354,11,2026,1660690,50102025423,2,N, , ,N,N,N
00026354,11,2026,2397128,50102030013,2,N, , ,N,N,N
00026354,11,2026,314106,50111033301,1,N, , ,N,N,N
00026354,11,2026,311681,50111033402,1,N, , ,N,N,N
00026354,11,2026,856364,50111045001,1,N, , ,N,N,N
00026354,11,2026,856377,50111056001,1,N, , ,N,N,N
00026354,11,2026,310384,50111064701,1,N, , ,N,N,N
00026354,11,2026,308460,50111078710,1,N, , ,N,N,N
00026354,11,2026,248656,50111078810,1,N, , ,N,N,N
00026354,11,2026,204844,50111078910,1,N, , ,N,N,N
00026354,11,2026,198369,50111091601,1,N, , ,N,N,N
00026354,11,2026,198370,50111091801,1,N, , ,N,N,N
00026354,11,2026,199903,50228014605,1,N, , ,N,N,N
00026354,11,2026,993536,50228017601,2,N, , ,N,N,N
00026354,11,2026,311893,50228046605,2,N, , ,N,N,N
00026354,11,2026,1657212,50242004062,5,N, , ,Y,N,N
00026354,11,2026,2695437,50242007908,5,Y,30,30,Y,N,N
00026354,11,2026,2695433,50242008408,5,Y,60,30,Y,N,N
00026354,11,2026,1147228,50242009002,5,Y,240,30,Y,N,N
00026354,11,2026,2197873,50242009130,5,Y,180,30,Y,N,N
00026354,11,2026,2197877,50242009490,5,Y,90,30,Y,N,N
00026354,11,2026,205532,50242010040,5,N, , ,Y,N,N
00026354,11,2026,1727485,50242013001,5,Y,240,30,Y,N,N
00026354,11,2026,1242998,50242014001,5,Y,28,28,Y,N,N
00026354,11,2026,2058950,50242021401,5,N, , ,Y,N,N
00026354,11,2026,2673763,50242021455,5,N, , ,Y,N,N
00026354,11,2026,2058946,50242021501,5,N, , ,Y,N,N
00026354,11,2026,2673761,50242021555,5,N, , ,Y,N,N
00026354,11,2026,2663918,50242022701,5,N, , ,Y,N,N
00026354,11,2026,2663923,50242022755,5,N, , ,Y,N,N
00026354,11,2026,2668599,50242062342,5,Y,360,30,Y,N,N
00026354,11,2026,1722376,50242071701,5,Y,63,28,Y,N,N
00026354,11,2026,1312408,50419017103,5,Y,84,28,Y,N,N
00026354,11,2026,1439894,50419025001,5,Y,90,30,Y,N,N
00026354,11,2026,1439896,50419025101,5,Y,90,30,Y,N,N
00026354,11,2026,1439899,50419025201,5,Y,90,30,Y,N,N
00026354,11,2026,1439901,50419025301,5,Y,90,30,Y,N,N
00026354,11,2026,1439903,50419025401,5,Y,90,30,Y,N,N
00026354,11,2026,2105657,50419039001,5,Y,180,30,Y,N,N
00026354,11,2026,2105645,50419039101,5,Y,60,30,Y,N,N
00026354,11,2026,2105653,50419039201,5,Y,300,30,Y,N,N
00026354,11,2026,2180336,50419039501,5,Y,120,30,Y,N,N
00026354,11,2026,2728198,50419039701,5,Y,120,30,Y,N,N
00026354,11,2026,1366339,50419042201,4,N, , ,N,N,N
00026354,11,2026,807283,50419042301,4,N, , ,N,N,N
00026354,11,2026,1856546,50419042401,4,N, , ,N,N,N
00026354,11,2026,207059,50419052435,5,Y,15,30,Y,N,N
00026354,11,2026,2562822,50419054001,3,Y,30,30,Y,N,N
00026354,11,2026,2562826,50419054101,3,Y,30,30,Y,N,N
00026354,11,2026,2720071,50419054201,3,Y,30,30,Y,N,N
00026354,11,2026,858074,50458056001,3,Y,0.25,21,N,N,N
00026354,11,2026,858051,50458056101,5,Y,0.5,21,N,N,N
00026354,11,2026,858057,50458056201,5,Y,0.75,21,N,N,N
00026354,11,2026,858055,50458056301,5,Y,1,21,N,N,N
00026354,11,2026,858053,50458056401,5,Y,1.5,21,N,N,N
00026354,11,2026,2588066,50458057501,3,Y,600,30,N,N,Y
00026354,11,2026,2059017,50458057760,3,Y,60,30,N,Y,Y
00026354,11,2026,1232084,50458057830,3,Y,60,30,N,N,Y
00026354,11,2026,1232088,50458057930,3,Y,30,30,N,N,Y
00026354,11,2026,1114202,50458058030,3,Y,30,30,N,N,Y
00026354,11,2026,1549683,50458058451,3,N, , ,N,N,Y
00026354,11,2026,1650968,50458060601,5,Y,0.88,70,N,N,N
00026354,11,2026,1650972,50458060701,5,Y,1.32,70,N,N,N
00026354,11,2026,1650974,50458060801,5,Y,1.75,70,N,N,N
00026354,11,2026,1650976,50458060901,5,Y,2.63,70,N,N,N
00026354,11,2026,2570419,50458061101,5,Y,3.5,166,N,N,N
00026354,11,2026,2570421,50458061201,5,Y,5,166,N,N,N
00026354,11,2026,1739766,50474037066,5,Y,60,30,N,N,N
00026354,11,2026,1739774,50474047066,5,Y,60,30,N,N,N
00026354,11,2026,2173500,50474050015,4,Y,10,30,N,N,N
00026354,11,2026,1739778,50474057066,5,Y,60,30,N,N,N
00026354,11,2026,1739782,50474067066,5,Y,60,30,N,N,N
00026354,11,2026,795085,50474070062,5,N, , ,Y,N,N
00026354,11,2026,2724372,50474071081,5,N, , ,Y,N,N
00026354,11,2026,849599,50474075010,5,N, , ,Y,N,N
00026354,11,2026,1739770,50474077066,5,Y,60,30,N,N,N
00026354,11,2026,1739788,50474087015,5,Y,600,30,N,N,N
00026354,11,2026,1149617,50484001030,4,Y,180,30,N,N,N
00026354,11,2026,2464832,50632000102,3,N, , ,N,N,N
00026354,11,2026,830463,50632001001,3,N, , ,Y,N,N
00026354,11,2026,1812951,50632001502,3,N, , ,N,N,N
00026354,11,2026,762602,50632001602,3,N, , ,N,N,N
00026354,11,2026,2707132,50632001802,3,N, , ,N,N,N
00026354,11,2026,1099288,50742011201,2,N, , ,N,N,N
00026354,11,2026,1099300,50742011301,2,N, , ,N,N,N
00026354,11,2026,1099304,50742011401,2,N, , ,N,N,N
00026354,11,2026,1099316,50742011501,2,N, , ,N,N,N
00026354,11,2026,1099292,50742011601,2,N, , ,N,N,N
00026354,11,2026,1099296,50742011750,2,N, , ,N,N,N
00026354,11,2026,353538,50742017601,1,N, , ,N,N,N
00026354,11,2026,562524,50742023301,2,N, , ,N,N,N
00026354,11,2026,997010,50742023830,2,N, , ,Y,N,N
00026354,11,2026,830861,50742024890,2,N, , ,N,N,N
00026354,11,2026,830845,50742024990,2,N, , ,N,N,N
00026354,11,2026,830837,50742025090,2,N, , ,N,N,N
00026354,11,2026,830801,50742025190,2,N, , ,N,N,N
00026354,11,2026,1812011,50742026001,2,N, , ,N,N,N
00026354,11,2026,1812013,50742026101,2,N, , ,N,N,N
00026354,11,2026,1812015,50742026201,2,N, , ,N,N,N
00026354,11,2026,198153,50742026301,2,N, , ,N,N,N
00026354,11,2026,142113,50742035401,5,N, , ,N,N,N
00026354,11,2026,1649485,50742036260,3,Y,60,30,N,N,N
00026354,11,2026,1649493,50742036360,3,Y,60,30,N,N,N
00026354,11,2026,349472,50742036630,5,Y,60,30,Y,N,N
00026354,11,2026,197660,50742038701,2,N, , ,N,N,N
00026354,11,2026,403849,50742038801,2,N, , ,N,N,N
00026354,11,2026,310197,50742038901,2,N, , ,N,N,N
00026354,11,2026,197661,50742039001,2,N, , ,N,N,N
00026354,11,2026,197662,50742039101,2,N, , ,N,N,N
00026354,11,2026,866427,50742061510,1,N, , ,N,N,N
00026354,11,2026,866436,50742061610,1,N, , ,N,N,N
00026354,11,2026,198034,50742062001,2,N, , ,N,N,N
00026354,11,2026,198035,50742062101,2,N, , ,N,N,N
00026354,11,2026,198036,50742062201,2,N, , ,N,N,N
00026354,11,2026,199147,50742062360,2,N, , ,N,N,N
00026354,11,2026,2472307,50742065928,2,N, , ,N,N,N
00026354,11,2026,1193341,50881000560,5,Y,60,30,Y,N,N
00026354,11,2026,1193337,50881001060,5,Y,60,30,Y,N,N
00026354,11,2026,1193345,50881001560,5,Y,60,30,Y,N,N
00026354,11,2026,1193349,50881002060,5,Y,60,30,Y,N,N
00026354,11,2026,1193353,50881002560,5,Y,60,30,Y,N,N
00026354,11,2026,2359344,50881002601,5,Y,30,30,Y,N,N
00026354,11,2026,2359348,50881002701,5,Y,30,30,Y,N,N
00026354,11,2026,2359340,50881002801,5,Y,30,30,Y,N,N
00026354,11,2026,2361300,51144000160,5,Y,300,30,Y,N,N
00026354,11,2026,2361296,51144000212,5,Y,120,30,Y,N,N
00026354,11,2026,2557216,51167010602,5,Y,84,28,Y,N,N
00026354,11,2026,2701444,51167012101,5,Y,60,30,Y,N,N
00026354,11,2026,2701450,51167013501,5,Y,90,30,Y,N,N
00026354,11,2026,1243052,51167020001,5,Y,56,28,Y,N,N
00026354,11,2026,1606866,51167030001,5,Y,56,28,Y,N,N
00026354,11,2026,2257013,51167033101,5,Y,84,28,Y,N,N
00026354,11,2026,1606870,51167040001,5,Y,56,28,Y,N,N
00026354,11,2026,2635022,51167044501,5,Y,56,28,Y,N,N
00026354,11,2026,2635026,51167044601,5,Y,56,28,Y,N,N
00026354,11,2026,2166401,51167060001,5,Y,56,28,Y,N,N
00026354,11,2026,1812470,51167070002,5,Y,112,28,Y,N,N
00026354,11,2026,2636789,51167077001,5,Y,56,28,Y,N,N
00026354,11,2026,2636793,51167078501,5,Y,56,28,Y,N,N
00026354,11,2026,1655934,51167080901,5,Y,112,28,Y,N,N
00026354,11,2026,861495,51672125803,2,N, , ,N,N,N
00026354,11,2026,861448,51672125903,2,N, , ,N,N,N
00026354,11,2026,103457,51672126403,2,N, , ,N,N,N
00026354,11,2026,1085728,51672126705,2,N, , ,N,N,N
00026354,11,2026,238920,51672127406,2,N, , ,N,N,N
00026354,11,2026,309367,51672127502,2,N, , ,N,N,N
00026354,11,2026,310362,51672127901,2,N, , ,N,N,N
00026354,11,2026,1370754,51672129001,2,N, , ,N,N,N
00026354,11,2026,861434,51672129403,2,N, , ,N,N,N
00026354,11,2026,1992281,51672129703,2,N, , ,N,N,N
00026354,11,2026,313227,51672130200,2,N, , ,N,N,N
00026354,11,2026,313226,51672130406,2,N, , ,N,N,N
00026354,11,2026,848208,51672130903,2,N, , ,N,N,N
00026354,11,2026,848176,51672131003,2,N, , ,N,N,N
00026354,11,2026,309289,51672131802,2,Y,180,30,N,N,N
00026354,11,2026,848178,51672134004,2,N, , ,N,N,N
00026354,11,2026,861505,51672135004,2,N, , ,N,N,N
00026354,11,2026,857700,51672135802,2,Y,300,30,N,N,N
00026354,11,2026,313200,51672137302,2,N, , ,N,N,N
00026354,11,2026,103456,51672138603,2,N, , ,N,N,N
00026354,11,2026,106302,51672140709,2,N, , ,Y,N,N
00026354,11,2026,313786,51672300701,2,N, , ,N,N,N
00026354,11,2026,198045,51672400101,1,N, , ,N,N,N
00026354,11,2026,317136,51672400201,1,N, , ,N,N,N
00026354,11,2026,198047,51672400401,1,N, , ,N,N,N
00026354,11,2026,308979,51672400501,2,N, , ,N,N,N
00026354,11,2026,197686,51672401801,2,N, , ,N,N,N
00026354,11,2026,858813,51672403803,6,N, , ,N,N,N
00026354,11,2026,858810,51672404003,6,N, , ,N,N,N
00026354,11,2026,308973,51672404101,2,N, , ,N,N,N
00026354,11,2026,197465,51672404201,2,Y,180,30,N,N,N
00026354,11,2026,197464,51672404401,2,Y,180,30,N,N,N
00026354,11,2026,858824,51672404501,6,N, , ,N,N,N
00026354,11,2026,858828,51672404601,6,N, , ,N,N,N
00026354,11,2026,197442,51672405001,2,N, , ,N,N,N
00026354,11,2026,310379,51672406201,2,N, , ,N,N,N
00026354,11,2026,310380,51672406301,2,N, , ,N,N,N
00026354,11,2026,1313112,51672406902,2,N, , ,N,N,N
00026354,11,2026,855671,51672411103,2,N, , ,N,N,N
00026354,11,2026,311679,51672411606,2,N, , ,N,N,N
00026354,11,2026,105583,51672411806,2,N, , ,N,N,N
00026354,11,2026,199378,51672412301,2,N, , ,N,N,N
00026354,11,2026,402505,51672412401,2,N, , ,N,N,N
00026354,11,2026,402506,51672412501,2,N, , ,N,N,N
00026354,11,2026,1313885,51672414601,2,N, , ,N,N,N
00026354,11,2026,1001689,51672417005,2,N, , ,N,N,N
00026354,11,2026,310285,51672417201,2,N, , ,N,N,N
00026354,11,2026,577237,51672421503,2,N, , ,N,N,N
00026354,11,2026,204119,51672529404,2,N, , ,N,N,N
00026354,11,2026,2636050,51759030510,5,Y,0.14,28,N,N,N
00026354,11,2026,2636052,51759041010,5,Y,0.21,28,N,N,N
00026354,11,2026,2726118,51759050513,3,N, , ,Y,N,N
00026354,11,2026,2705398,51759050532,3,N, , ,Y,N,N
00026354,11,2026,2636039,51759052010,5,Y,0.28,28,N,N,N
00026354,11,2026,2705401,51759060732,5,N, , ,Y,N,N
00026354,11,2026,2636042,51759063010,5,Y,0.35,28,N,N,N
00026354,11,2026,2636044,51759074010,5,Y,0.42,56,N,N,N
00026354,11,2026,2636046,51759085010,5,Y,0.56,56,N,N,N
00026354,11,2026,2636048,51759096010,5,Y,0.7,56,N,N,N
00026354,11,2026,751884,51862002801,2,N, , ,N,N,N
00026354,11,2026,750244,51862056406,2,N, , ,N,N,N
00026354,11,2026,644304,51862068201,5,N, , ,N,N,N
00026354,11,2026,748962,51862088403,2,N, , ,N,N,N
00026354,11,2026,831533,51862088603,2,N, , ,N,N,N
00026354,11,2026,993943,51991007301,2,Y,180,30,Y,N,N
00026354,11,2026,810000,51991034806,2,Y,60,30,N,N,N
00026354,11,2026,809987,51991034906,2,Y,60,30,N,N,N
00026354,11,2026,859981,51991035860,2,Y,60,30,N,N,N
00026354,11,2026,859975,51991036060,2,Y,60,30,N,N,N
00026354,11,2026,1359127,51991047428,2,N, , ,Y,N,N
00026354,11,2026,1359124,51991062328,2,N, , ,Y,N,N
00026354,11,2026,200064,51991075933,2,N, , ,N,N,N
00026354,11,2026,856535,51991081701,2,N, , ,N,N,N
00026354,11,2026,856569,51991081801,2,N, , ,N,N,N
00026354,11,2026,856460,51991081901,2,N, , ,N,N,N
00026354,11,2026,856481,51991082001,2,N, , ,N,N,N
00026354,11,2026,351257,51991087833,2,N, , ,N,N,N
00026354,11,2026,313498,51991094401,2,N, , ,N,N,N
00026354,11,2026,313499,51991094501,2,N, , ,N,N,N
00026354,11,2026,313496,51991094601,2,N, , ,N,N,N
00026354,11,2026,897624,52536088401,2,N, , ,N,N,N
00026354,11,2026,897630,52536088601,4,N, , ,N,N,N
00026354,11,2026,1921598,52652200106,4,N, , ,Y,Y,N
00026354,11,2026,2606788,52652800101,4,N, , ,N,N,N
00026354,11,2026,328176,52817011710,2,N, , ,N,N,N
00026354,11,2026,865155,52817026830,2,N, , ,N,N,N
00026354,11,2026,430902,52817031910,2,N, , ,N,N,N
00026354,11,2026,828320,52817033010,1,N, , ,N,N,N
00026354,11,2026,828348,52817033200,1,N, , ,N,N,N
00026354,11,2026,1606347,52817035810,1,N, , ,N,N,N
00026354,11,2026,1606349,52817035910,1,N, , ,N,N,N
00026354,11,2026,379804,52817038510,6,Y,90,30,N,N,N
00026354,11,2026,197445,52817039210,2,N, , ,N,N,N
00026354,11,2026,1369831,52817060138,5,Y,540,30,N,Y,N
00026354,11,2026,309370,52817080030,2,N, , ,N,N,N
00026354,11,2026,197305,52817081615,2,N, , ,N,N,N
00026354,11,2026,2692052,53436001060,3,N, , ,N,N,N
00026354,11,2026,1716215,53436008430,3,N, , ,N,N,N
00026354,11,2026,1716219,53436016830,3,N, , ,N,N,N
00026354,11,2026,1716223,53436025230,3,N, , ,N,N,N
00026354,11,2026,1649405,53489011802,2,N, , ,N,N,N
00026354,11,2026,198224,53489014401,2,N, , ,N,N,N
00026354,11,2026,283535,53489064701,2,N, , ,N,N,N
00026354,11,2026,403975,53746024830,2,N, , ,N,N,N
00026354,11,2026,259306,53746024930,5,N, , ,N,N,N
00026354,11,2026,313096,53746051105,1,N, , ,N,N,N
00026354,11,2026,198223,53746051401,1,N, , ,N,N,N
00026354,11,2026,198222,53746051501,1,N, , ,N,N,N
00026354,11,2026,198150,53746054401,2,N, , ,N,N,N
00026354,11,2026,96304,53746054501,2,N, , ,N,N,N
00026354,11,2026,836395,53746061701,2,Y,300,30,N,N,N
00026354,11,2026,998689,53746066901,2,N, , ,N,N,N
00026354,11,2026,998685,53746067001,2,N, , ,N,N,N
00026354,11,2026,207588,54482005401,5,N, , ,N,N,N
00026354,11,2026,863599,54838051080,2,N, , ,N,N,N
00026354,11,2026,1000054,54838051240,2,N, , ,N,N,N
00026354,11,2026,485496,54838057059,2,N, , ,N,N,N
00026354,11,2026,311787,55111011230,2,N, , ,N,N,N
00026354,11,2026,1605088,55111011381,2,N, , ,N,N,N
00026354,11,2026,1373333,55111013581,2,N, , ,N,N,N
00026354,11,2026,1373335,55111013681,2,N, , ,N,N,N
00026354,11,2026,1373337,55111013781,2,N, , ,N,N,N
00026354,11,2026,198051,55111015810,1,N, , ,N,N,N
00026354,11,2026,200034,55111016330,2,N, , ,N,N,N
00026354,11,2026,312077,55111016730,2,N, , ,N,N,N
00026354,11,2026,313412,55111017915,2,N, , ,N,N,N
00026354,11,2026,313413,55111018015,2,N, , ,N,N,N
00026354,11,2026,904458,55111022990,6,N, , ,N,N,N
00026354,11,2026,904467,55111023090,6,N, , ,N,N,N
00026354,11,2026,314286,55111025660,2,N, , ,N,N,N
00026354,11,2026,313776,55111025760,2,N, , ,N,N,N
00026354,11,2026,313777,55111025860,2,N, , ,N,N,N
00026354,11,2026,313778,55111025960,2,N, , ,N,N,N
00026354,11,2026,199245,55111032001,6,Y,30,30,N,N,N
00026354,11,2026,199246,55111032101,6,Y,30,30,N,N,N
00026354,11,2026,866419,55111046901,1,N, , ,N,N,N
00026354,11,2026,904932,55111057503,2,Y,1,28,N,N,N
00026354,11,2026,313758,55111062560,2,N, , ,N,N,N
00026354,11,2026,199655,55111062660,2,N, , ,N,N,N
00026354,11,2026,349208,55111065301,2,N, , ,Y,N,N
00026354,11,2026,360110,55111065401,2,N, , ,Y,N,N
00026354,11,2026,799055,55111065930,2,N, , ,N,N,N
00026354,11,2026,799056,55111066130,2,N, , ,N,N,N
00026354,11,2026,577317,55111066430,2,N, , ,N,N,N
00026354,11,2026,206913,55111068305,1,N, , ,N,N,N
00026354,11,2026,206917,55111068405,1,N, , ,N,N,N
00026354,11,2026,1657151,55111069312,2,Y,4,28,N,N,N
00026354,11,2026,1721475,55150011310,2,N, , ,N,N,N
00026354,11,2026,1659592,55150011620,2,N, , ,N,N,N
00026354,11,2026,240984,55150011801,2,N, , ,N,N,N
00026354,11,2026,1721458,55150012215,2,N, , ,N,N,N
00026354,11,2026,1734932,55150015410,2,N, , ,Y,N,N
00026354,11,2026,313165,55150017301,2,Y,5,28,N,N,N
00026354,11,2026,1722934,55150020720,2,N, , ,N,N,N
00026354,11,2026,1722939,55150020830,2,N, , ,N,N,N
00026354,11,2026,581531,55150022810,2,N, , ,N,N,N
00026354,11,2026,861360,55150023010,2,Y,15,30,N,N,N
00026354,11,2026,1000126,55150032901,2,N, , ,N,N,N
00026354,11,2026,967385,55150036501,5,N, , ,Y,N,N
00026354,11,2026,1364114,55292013160,5,Y,60,30,Y,N,N
00026354,11,2026,1364118,55292013260,5,Y,60,30,Y,N,N
00026354,11,2026,1364122,55292013360,5,Y,60,30,Y,N,N
00026354,11,2026,1492746,55513013760,5,N, , ,Y,N,N
00026354,11,2026,1605455,55513036955,5,N, , ,Y,N,N
00026354,11,2026,2550725,55513048824,5,Y,240,30,Y,N,N
00026354,11,2026,1492742,55513049760,5,N, , ,Y,N,N
00026354,11,2026,2628242,55513050450,5,Y,90,30,Y,N,N
00026354,11,2026,2682430,55513050855,5,N, , ,Y,N,N
00026354,11,2026,2687207,55513051260,5,Y,120,30,Y,N,N
00026354,11,2026,2724367,55513051641,5,N, , ,Y,N,N
00026354,11,2026,2723452,55513051930,5,N, , ,Y,N,N
00026354,11,2026,2045638,55513084101,3,Y,1,30,Y,N,N
00026354,11,2026,2120195,55513084301,3,Y,1,30,Y,N,N
00026354,11,2026,858125,55566830301,3,N, , ,Y,N,N
00026354,11,2026,858127,55566840301,5,N, , ,Y,N,N
00026354,11,2026,1865962,55724021121,3,N, , ,N,N,N
00026354,11,2026,757968,57237000114,2,N, , ,N,N,N
00026354,11,2026,197701,57237000330,2,N, , ,N,N,N
00026354,11,2026,197699,57237000511,2,N, , ,N,N,N
00026354,11,2026,283407,57237001206,2,N, , ,N,N,N
00026354,11,2026,308192,57237002801,1,N, , ,N,N,N
00026354,11,2026,834061,57237004001,1,N, , ,N,N,N
00026354,11,2026,834102,57237004105,1,N, , ,N,N,N
00026354,11,2026,310436,57237004960,2,Y,60,30,N,N,N
00026354,11,2026,310437,57237005060,2,Y,60,30,N,N,N
00026354,11,2026,579148,57237005160,2,Y,60,30,N,N,N
00026354,11,2026,312087,57237007810,2,N, , ,Y,N,N
00026354,11,2026,866514,57237010199,1,N, , ,N,N,N
00026354,11,2026,866511,57237010299,1,N, , ,N,N,N
00026354,11,2026,861132,57237011490,2,Y,30,30,N,N,N
00026354,11,2026,310352,57237014935,2,N, , ,N,N,N
00026354,11,2026,310353,57237015035,2,N, , ,N,N,N
00026354,11,2026,200257,57237015701,6,Y,120,30,N,N,N
00026354,11,2026,200256,57237015801,6,Y,120,30,N,N,N
00026354,11,2026,200258,57237015901,6,Y,240,30,N,N,N
00026354,11,2026,1662285,57664068357,2,N, , ,N,N,N
00026354,11,2026,2645250,57894005060,5,Y,60,30,Y,N,N
00026354,11,2026,2691162,57894008060,5,Y,60,30,Y,N,N
00026354,11,2026,2645253,57894010060,5,Y,60,30,Y,N,N
00026354,11,2026,2691166,57894024030,5,Y,30,30,Y,N,N
00026354,11,2026,1928689,57894064001,5,N, , ,Y,N,N
00026354,11,2026,2118741,57894064011,5,N, , ,Y,N,N
00026354,11,2026,2693095,57894065102,5,N, , ,Y,N,N
00026354,11,2026,2711638,57894065104,5,N, , ,Y,N,N
00026354,11,2026,2693097,57894065122,5,N, , ,Y,N,N
00026354,11,2026,2611540,57962000712,5,Y,216,30,Y,N,Y
00026354,11,2026,2000019,57962001428,5,Y,28,28,Y,N,Y
00026354,11,2026,1994362,57962007028,5,Y,28,28,Y,N,Y
00026354,11,2026,1442992,57962014009,5,Y,120,30,Y,N,Y
00026354,11,2026,2000023,57962028028,5,Y,28,28,Y,N,Y
00026354,11,2026,2000027,57962042028,5,Y,28,28,Y,N,Y
00026354,11,2026,855871,58151011801,4,N, , ,N,N,N
00026354,11,2026,1300810,58160072615,3,N, , ,N,N,N
00026354,11,2026,2627825,58160074002,3,N, , ,N,N,N
00026354,11,2026,2705467,58160075715,3,N, , ,N,N,N
00026354,11,2026,1300384,58160081052,3,N, , ,N,N,N
00026354,11,2026,829989,58160081152,3,N, , ,N,N,N
00026354,11,2026,830557,58160081252,3,N, , ,N,N,N
00026354,11,2026,803371,58160081552,3,N, , ,N,N,N
00026354,11,2026,798430,58160082052,3,N, , ,Y,N,N
00026354,11,2026,1658157,58160082101,3,N, , ,Y,N,N
00026354,11,2026,798428,58160082152,3,N, , ,Y,N,N
00026354,11,2026,1986830,58160082311,3,Y,2,365,N,N,N
00026354,11,2026,2603514,58160082415,3,N, , ,N,N,N
00026354,11,2026,798482,58160082552,3,N, , ,N,N,N
00026354,11,2026,798479,58160082652,3,N, , ,N,N,N
00026354,11,2026,1300378,58160084211,3,N, , ,N,N,N
00026354,11,2026,1300370,58160084252,3,N, , ,N,N,N
00026354,11,2026,2636599,58160084811,3,N, , ,N,N,N
00026354,11,2026,2719778,58160084952,3,Y,2,365,N,N,N
00026354,11,2026,901518,58160095509,3,N, , ,N,N,N
00026354,11,2026,1601407,58160097620,3,N, , ,N,N,N
00026354,11,2026,809159,58406001004,5,N, , ,Y,N,Y
00026354,11,2026,802652,58406002104,5,N, , ,Y,N,Y
00026354,11,2026,1653225,58406003204,5,N, , ,Y,N,Y
00026354,11,2026,2182340,58406004404,5,N, , ,Y,N,Y
00026354,11,2026,2392142,58406005504,5,N, , ,Y,N,Y
00026354,11,2026,1114074,58468782003,5,Y,60,30,Y,N,N
00026354,11,2026,1114096,58468784003,5,Y,30,30,Y,N,N
00026354,11,2026,896766,58657060401,2,N, , ,N,N,N
00026354,11,2026,2642344,59088090754,2,Y,90,30,Y,N,N
00026354,11,2026,1544404,59137050504,4,N, , ,N,Y,N
00026354,11,2026,1544383,59137051004,4,N, , ,N,Y,N
00026354,11,2026,1544386,59137051504,4,N, , ,N,Y,N
00026354,11,2026,1544388,59137052004,4,N, , ,N,Y,N
00026354,11,2026,1544390,59137052504,4,N, , ,N,Y,N
00026354,11,2026,1544394,59137053004,4,N, , ,N,Y,N
00026354,11,2026,1544396,59137053504,4,N, , ,N,Y,N
00026354,11,2026,1544398,59137054004,4,N, , ,N,Y,N
00026354,11,2026,1544402,59137055004,4,N, , ,N,Y,N
00026354,11,2026,1659818,59148001871,5,Y,2,28,N,N,N
00026354,11,2026,1659814,59148001971,5,Y,2,28,N,N,N
00026354,11,2026,1658325,59148003513,5,Y,30,30,N,N,N
00026354,11,2026,1658329,59148003613,5,Y,30,30,N,N,N
00026354,11,2026,1658333,59148003713,5,Y,30,30,N,N,N
00026354,11,2026,1658337,59148003813,5,Y,30,30,N,N,N
00026354,11,2026,1658341,59148003913,5,Y,30,30,N,N,N
00026354,11,2026,1658345,59148004013,5,Y,30,30,N,N,N
00026354,11,2026,1602604,59148004580,5,Y,2,28,N,N,N
00026354,11,2026,1602607,59148007280,5,Y,2,28,N,N,N
00026354,11,2026,2044355,59148008213,5,Y,120,30,Y,N,N
00026354,11,2026,2044357,59148008313,5,Y,120,30,Y,N,N
00026354,11,2026,2636640,59148010280,5,Y,2.4,42,N,N,N
00026354,11,2026,2636646,59148011480,5,Y,3.2,42,N,N,N
00026354,11,2026,213502,59212060122,5,Y,60,28,N,N,N
00026354,11,2026,2540709,59467067901,3,Y,4,30,N,N,N
00026354,11,2026,213360,59572020514,5,Y,224,28,Y,N,N
00026354,11,2026,404449,59572021015,5,Y,120,30,Y,N,N
00026354,11,2026,1369724,59572050121,5,Y,21,28,Y,N,N
00026354,11,2026,1369728,59572050221,5,Y,21,28,Y,N,N
00026354,11,2026,1369732,59572050321,5,Y,21,28,Y,N,N
00026354,11,2026,1369736,59572050421,5,Y,21,28,Y,N,N
00026354,11,2026,1940376,59572070530,5,Y,30,30,Y,N,N
00026354,11,2026,1940372,59572071030,5,Y,30,30,Y,N,N
00026354,11,2026,2197501,59572072012,5,Y,120,30,Y,N,N
00026354,11,2026,2396770,59572073007,5,Y,14,28,Y,N,N
00026354,11,2026,2396774,59572074007,5,Y,14,28,Y,N,N
00026354,11,2026,727816,59627022205,5,Y,1,28,Y,N,N
00026354,11,2026,1650901,59627033304,5,Y,1,28,Y,N,N
00026354,11,2026,1098141,59651001890,2,N, , ,N,N,N
00026354,11,2026,617322,59651002601,2,N, , ,N,N,N
00026354,11,2026,1000048,59651017301,2,N, , ,N,N,N
00026354,11,2026,1000070,59651017401,2,N, , ,N,N,N
00026354,11,2026,1000076,59651017501,2,N, , ,N,N,N
00026354,11,2026,1000058,59651017701,2,N, , ,N,N,N
00026354,11,2026,1369718,59651019421,5,Y,21,28,Y,N,N
00026354,11,2026,1369726,59651019521,5,Y,21,28,Y,N,N
00026354,11,2026,1369730,59651019621,5,Y,21,28,Y,N,N
00026354,11,2026,1369734,59651019721,5,Y,21,28,Y,N,N
00026354,11,2026,861424,59651025601,2,N, , ,N,N,N
00026354,11,2026,861427,59651025701,2,N, , ,N,N,N
00026354,11,2026,861430,59651025801,2,N, , ,N,N,N
00026354,11,2026,198240,59651029960,2,N, , ,N,N,N
00026354,11,2026,313195,59651030030,2,N, , ,N,N,N
00026354,11,2026,197787,59651041350,2,N, , ,N,N,N
00026354,11,2026,197782,59651041401,2,N, , ,N,N,N
00026354,11,2026,197783,59651041501,2,N, , ,N,N,N
00026354,11,2026,1648759,59651079501,2,Y,120,30,N,N,N
00026354,11,2026,883826,59651083930,2,N, , ,N,N,N
00026354,11,2026,2123137,59676003056,5,Y,84,28,Y,N,N
00026354,11,2026,2123141,59676004056,5,Y,56,28,Y,N,N
00026354,11,2026,2123145,59676005028,5,Y,28,28,Y,N,N
00026354,11,2026,1102277,59676027801,5,N, , ,N,N,N
00026354,11,2026,2678248,59676028090,5,N, , ,N,N,N
00026354,11,2026,831870,59676056301,4,N, , ,N,N,N
00026354,11,2026,850457,59676056401,5,N, , ,N,N,N
00026354,11,2026,1236632,59676056501,5,N, , ,N,N,N
00026354,11,2026,1250723,59676057201,4,N, , ,N,N,N
00026354,11,2026,1600710,59676057530,5,N, , ,N,N,N
00026354,11,2026,2710426,59676057830,5,N, , ,N,N,N
00026354,11,2026,1999587,59676060012,5,Y,120,30,Y,N,N
00026354,11,2026,2630217,59676060430,5,Y,30,30,Y,N,N
00026354,11,2026,1364515,59676070101,5,N, , ,Y,N,N
00026354,11,2026,2373941,59676070260,5,N, , ,Y,N,N
00026354,11,2026,2049677,59676080030,5,N, , ,N,N,N
00026354,11,2026,403825,59746001032,2,N, , ,N,N,N
00026354,11,2026,401953,59746002022,2,N, , ,N,N,N
00026354,11,2026,401954,59746003022,2,N, , ,N,N,N
00026354,11,2026,616698,59746004022,2,N, , ,N,N,N
00026354,11,2026,616705,59746005022,2,N, , ,N,N,N
00026354,11,2026,312635,59746011306,2,N, , ,N,N,N
00026354,11,2026,198365,59746011506,2,N, , ,N,N,N
00026354,11,2026,313215,59746038306,1,N, , ,N,N,N
00026354,11,2026,313217,59746038406,1,N, , ,N,N,N
00026354,11,2026,313219,59746038506,1,N, , ,N,N,N
00026354,11,2026,260376,59746038606,1,N, , ,N,N,N
00026354,11,2026,857706,59762002801,2,N, , ,N,N,N
00026354,11,2026,1359105,59762002901,2,N, , ,N,N,N
00026354,11,2026,313142,59762010405,4,N, , ,N,N,N
00026354,11,2026,312347,59762011901,2,N, , ,N,N,N
00026354,11,2026,1048450,59762026001,2,N, , ,N,N,N
00026354,11,2026,198200,59762135001,2,N, , ,N,N,N
00026354,11,2026,309337,59762500901,2,N, , ,N,N,N
00026354,11,2026,310377,60219158503,2,N, , ,N,N,N
00026354,11,2026,754761,60219172107,5,N, , ,N,N,N
00026354,11,2026,1052658,60219172206,5,N, , ,N,N,N
00026354,11,2026,1190655,60219174903,2,N, , ,N,N,N
00026354,11,2026,1308428,60219227902,5,Y,112,28,Y,N,N
00026354,11,2026,1308430,60219228002,5,Y,112,28,Y,N,N
00026354,11,2026,1308432,60219228102,5,Y,112,28,Y,N,N
00026354,11,2026,831215,60505001406,2,N, , ,N,N,N
00026354,11,2026,831252,60505001506,2,N, , ,N,N,N
00026354,11,2026,831285,60505001606,2,N, , ,N,N,N
00026354,11,2026,312301,60505003306,2,N, , ,N,N,N
00026354,11,2026,859186,60505005501,2,N, , ,N,N,N
00026354,11,2026,1923426,60505008000,2,N, , ,N,N,N
00026354,11,2026,1923424,60505008100,2,N, , ,N,N,N
00026354,11,2026,904589,60505008200,2,N, , ,N,N,N
00026354,11,2026,197625,60505009300,1,N, , ,N,N,N
00026354,11,2026,197626,60505009400,1,N, , ,N,N,N
00026354,11,2026,197627,60505009500,1,N, , ,N,N,N
00026354,11,2026,197628,60505009600,1,N, , ,N,N,N
00026354,11,2026,199390,60505010201,2,N, , ,N,N,N
00026354,11,2026,197553,60505013300,2,N, , ,Y,N,N
00026354,11,2026,328160,60505013400,2,N, , ,Y,N,N
00026354,11,2026,310490,60505014101,6,Y,240,30,N,N,N
00026354,11,2026,310488,60505014201,6,Y,120,30,N,N,N
00026354,11,2026,993687,60505015701,2,N, , ,N,N,N
00026354,11,2026,993691,60505015801,2,N, , ,N,N,N
00026354,11,2026,1923422,60505015900,2,N, , ,N,N,N
00026354,11,2026,903887,60505016401,2,N, , ,N,N,N
00026354,11,2026,903884,60505016601,2,N, , ,N,N,N
00026354,11,2026,904475,60505017007,6,N, , ,N,N,N
00026354,11,2026,849515,60505025701,2,N, , ,N,N,N
00026354,11,2026,1487074,60505040603,5,Y,224,28,Y,N,N
00026354,11,2026,312075,60505056000,2,N, , ,N,N,N
00026354,11,2026,860805,60505057804,2,N, , ,N,N,N
00026354,11,2026,313919,60505082306,2,N, , ,N,N,N
00026354,11,2026,1797907,60505082901,1,Y,16,30,N,N,N
00026354,11,2026,1797865,60505083001,2,Y,34,30,N,N,N
00026354,11,2026,1797867,60505083305,2,Y,60,30,N,N,N
00026354,11,2026,1375917,60505100602,2,N, , ,N,N,N
00026354,11,2026,904481,60505132305,6,N, , ,N,N,N
00026354,11,2026,205284,60505250201,2,N, , ,N,N,N
00026354,11,2026,205285,60505250301,2,N, , ,N,N,N
00026354,11,2026,617312,60505257808,6,N, , ,N,N,N
00026354,11,2026,617310,60505257908,6,N, , ,N,N,N
00026354,11,2026,617311,60505258008,6,N, , ,N,N,N
00026354,11,2026,310812,60505265605,1,N, , ,N,N,N
00026354,11,2026,310818,60505265705,1,N, , ,N,N,N
00026354,11,2026,259255,60505267108,6,N, , ,N,N,N
00026354,11,2026,388311,60505280507,2,N, , ,N,N,N
00026354,11,2026,200133,60505280607,2,N, , ,N,N,N
00026354,11,2026,200131,60505280707,2,N, , ,N,N,N
00026354,11,2026,205328,60505325006,2,N, , ,N,N,N
00026354,11,2026,859193,60505343803,2,N, , ,N,N,N
00026354,11,2026,643105,60505362806,5,Y,90,30,Y,N,N
00026354,11,2026,643107,60505362906,5,Y,30,30,Y,N,N
00026354,11,2026,643109,60505363006,5,Y,30,30,Y,N,N
00026354,11,2026,799047,60505363103,5,Y,30,30,Y,N,N
00026354,11,2026,997653,60505380102,5,Y,112,28,Y,N,N
00026354,11,2026,746606,60505380202,5,Y,112,28,Y,N,N
00026354,11,2026,2002717,60505380307,5,Y,120,30,Y,N,N
00026354,11,2026,1045406,60505381603,5,Y,30,30,Y,N,N
00026354,11,2026,1045402,60505381703,5,Y,30,30,Y,N,N
00026354,11,2026,205323,60505384901,2,Y,60,30,N,N,N
00026354,11,2026,862006,60505392701,2,N, , ,N,N,N
00026354,11,2026,862019,60505392901,2,N, , ,N,N,N
00026354,11,2026,862025,60505393001,2,N, , ,N,N,N
00026354,11,2026,1723476,60505434906,3,Y,60,30,N,N,N
00026354,11,2026,835894,60505463003,2,N, , ,Y,N,N
00026354,11,2026,855818,60505464203,2,Y,30,30,N,N,N
00026354,11,2026,867502,60505477907,5,Y,120,30,Y,N,N
00026354,11,2026,1040008,60505612401,5,N, , ,N,N,N
00026354,11,2026,1040014,60505612501,5,N, , ,N,N,N
00026354,11,2026,1665050,60505614205,2,N, , ,N,N,N
00026354,11,2026,313920,60505614304,2,N, , ,N,N,N
00026354,11,2026,1665093,60505614604,2,N, , ,N,N,N
00026354,11,2026,1665088,60505614704,2,N, , ,N,N,N
00026354,11,2026,1665021,60505614804,2,N, , ,N,N,N
00026354,11,2026,1665046,60505614904,2,N, , ,N,N,N
00026354,11,2026,309090,60505615005,2,N, , ,N,N,N
00026354,11,2026,1665005,60505615201,2,N, , ,N,N,N
00026354,11,2026,1659131,60505615604,2,N, , ,N,N,N
00026354,11,2026,1659137,60505615704,2,N, , ,N,N,N
00026354,11,2026,1659149,60505615904,2,N, , ,N,N,N
00026354,11,2026,996740,60505616205,2,Y,300,30,N,N,N
00026354,11,2026,1734683,60505619604,2,N, , ,N,N,N
00026354,11,2026,403920,60505622904,5,N, , ,N,N,N
00026354,11,2026,312447,60505626200,2,N, , ,N,N,N
00026354,11,2026,892589,60687092740,2,Y,700,30,N,N,N
00026354,11,2026,731566,60793070010,4,N, , ,N,N,N
00026354,11,2026,731568,60793070110,4,N, , ,N,N,N
00026354,11,2026,731571,60793070210,4,N, , ,N,N,N
00026354,11,2026,313477,61314004475,2,N, , ,N,N,N
00026354,11,2026,860107,61314012605,2,Y,10,25,N,N,N
00026354,11,2026,831109,61314023710,2,N, , ,N,N,N
00026354,11,2026,978573,61314023805,2,N, , ,N,N,N
00026354,11,2026,308720,61314024501,2,N, , ,N,N,N
00026354,11,2026,314072,61314054701,1,Y,2.5,25,N,N,N
00026354,11,2026,244967,61314062810,1,N, , ,N,N,N
00026354,11,2026,310467,61314063305,2,N, , ,N,N,N
00026354,11,2026,309307,61314065605,2,N, , ,N,N,N
00026354,11,2026,309045,61442017130,2,N, , ,N,N,N
00026354,11,2026,197449,61442017230,2,N, , ,N,N,N
00026354,11,2026,1946772,61703035038,2,N, , ,N,N,N
00026354,11,2026,1667666,61874011530,5,Y,30,30,N,Y,N
00026354,11,2026,1667670,61874013030,5,Y,30,30,N,Y,N
00026354,11,2026,1667674,61874014530,5,Y,30,30,N,Y,N
00026354,11,2026,1667678,61874016030,5,Y,30,30,N,Y,N
00026354,11,2026,2729794,61874025030,5,Y,30,30,N,Y,N
00026354,11,2026,2729798,61874027530,5,Y,30,30,N,Y,N
00026354,11,2026,1243346,61958040301,5,N, , ,N,N,N
00026354,11,2026,1243326,61958040401,5,N, , ,N,N,N
00026354,11,2026,1243330,61958040501,5,N, , ,N,N,N
00026354,11,2026,1243229,61958040601,5,N, , ,N,N,N
00026354,11,2026,616148,61958060201,4,N, , ,N,N,N
00026354,11,2026,901614,61958090101,5,N, , ,Y,N,N
00026354,11,2026,1306298,61958120101,5,N, , ,N,N,N
00026354,11,2026,1551999,61958140101,3,Y,30,30,N,N,N
00026354,11,2026,1544471,61958170101,5,Y,60,30,Y,N,N
00026354,11,2026,1544475,61958170201,5,Y,60,30,Y,N,N
00026354,11,2026,1591949,61958180101,5,Y,28,28,Y,N,N
00026354,11,2026,2203897,61958180301,5,Y,28,28,Y,N,N
00026354,11,2026,2204104,61958180401,5,Y,56,28,Y,N,N
00026354,11,2026,2204102,61958180501,5,Y,28,28,Y,N,N
00026354,11,2026,1721619,61958190101,5,N, , ,N,N,N
00026354,11,2026,1747697,61958200201,5,N, , ,N,N,N
00026354,11,2026,2590643,61958200501,5,N, , ,N,N,N
00026354,11,2026,1741739,61958210101,5,N, , ,N,N,N
00026354,11,2026,1799218,61958220101,5,Y,28,28,Y,N,N
00026354,11,2026,2288816,61958220301,5,Y,28,28,Y,N,N
00026354,11,2026,2584201,61958220401,5,Y,56,28,Y,N,N
00026354,11,2026,2584199,61958220501,5,Y,28,28,Y,N,N
00026354,11,2026,1858267,61958230101,5,Y,30,30,N,N,N
00026354,11,2026,1939335,61958240101,5,Y,28,28,Y,N,N
00026354,11,2026,1999673,61958250101,5,Y,30,30,N,N,N
00026354,11,2026,2584356,61958250501,5,Y,30,30,N,N,N
00026354,11,2026,2625898,61958300101,5,N, , ,N,N,N
00026354,11,2026,2625900,61958300102,5,N, , ,N,N,N
00026354,11,2026,2625896,61958300103,5,N, , ,N,N,N
00026354,11,2026,831226,62037059790,2,N, , ,N,N,N
00026354,11,2026,831255,62037059805,2,N, , ,N,N,N
00026354,11,2026,831309,62037059990,2,N, , ,N,N,N
00026354,11,2026,831338,62037060090,2,N, , ,N,N,N
00026354,11,2026,283077,62135025047,2,N, , ,Y,N,N
00026354,11,2026,312614,62135033041,2,N, , ,Y,N,N
00026354,11,2026,197624,62135043230,2,N, , ,N,N,N
00026354,11,2026,310796,62135066790,6,N, , ,N,N,N
00026354,11,2026,310797,62135066890,6,N, , ,N,N,N
00026354,11,2026,310809,62135066990,6,N, , ,N,N,N
00026354,11,2026,212787,62135080937,2,N, , ,N,N,N
00026354,11,2026,544455,62135089247,2,N, , ,N,N,N
00026354,11,2026,854868,62175030232,2,Y,30,30,N,N,N
00026354,11,2026,1738803,62175047032,2,N, , ,Y,N,N
00026354,11,2026,1738805,62175047132,2,N, , ,Y,N,N
00026354,11,2026,1738807,62175047232,2,N, , ,Y,N,N
00026354,11,2026,317769,62332002531,2,N, , ,N,N,N
00026354,11,2026,314241,62332002631,2,N, , ,N,N,N
00026354,11,2026,314208,62332003231,2,N, , ,N,N,N
00026354,11,2026,643019,62332010330,2,Y,90,30,N,Y,N
00026354,11,2026,866482,62332011531,2,N, , ,N,N,N
00026354,11,2026,205322,62332014131,2,Y,60,30,N,N,N
00026354,11,2026,834235,62332019030,2,Y,30,30,N,N,N
00026354,11,2026,283316,62332020930,6,N, , ,N,N,N
00026354,11,2026,283317,62332021030,6,N, , ,N,N,N
00026354,11,2026,477130,62332021130,6,N, , ,N,N,N
00026354,11,2026,1431235,62332049630,2,Y,30,30,N,N,N
00026354,11,2026,1040041,62332049730,2,Y,60,30,N,N,N
00026354,11,2026,1606337,62332054460,2,Y,60,30,N,N,N
00026354,11,2026,861208,62332066105,2,N, , ,N,N,N
00026354,11,2026,1049696,62559016701,2,Y,180,30,N,N,N
00026354,11,2026,311982,62559017331,5,N, , ,N,N,N
00026354,11,2026,104884,62559019016,2,N, , ,N,N,N
00026354,11,2026,197939,62559024001,2,N, , ,N,N,N
00026354,11,2026,197940,62559024101,2,N, , ,N,N,N
00026354,11,2026,197684,62559025001,2,N, , ,N,N,N
00026354,11,2026,197685,62559025101,2,N, , ,N,N,N
00026354,11,2026,793741,62559035660,2,N, , ,N,N,N
00026354,11,2026,886662,62559038001,2,N, , ,N,N,N
00026354,11,2026,886666,62559038101,2,N, , ,N,N,N
00026354,11,2026,886671,62559038201,2,N, , ,N,N,N
00026354,11,2026,310891,62559043130,2,N, , ,N,N,N
00026354,11,2026,197815,62559051001,1,N, , ,N,N,N
00026354,11,2026,197816,62559051101,1,N, , ,N,N,N
00026354,11,2026,686400,62559063001,2,N, , ,N,N,N
00026354,11,2026,686418,62559063101,2,N, , ,N,N,N
00026354,11,2026,578325,62559066090,6,N, , ,N,N,N
00026354,11,2026,578330,62559066190,6,N, , ,N,N,N
00026354,11,2026,802749,62559066290,6,N, , ,N,N,N
00026354,11,2026,198358,62559073001,2,N, , ,N,N,N
00026354,11,2026,198359,62559073101,2,N, , ,N,N,N
00026354,11,2026,2584475,62559086015,5,Y,35,28,Y,N,N
00026354,11,2026,312137,62756018488,2,N, , ,N,N,N
00026354,11,2026,312138,62756018588,2,N, , ,N,N,N
00026354,11,2026,308989,62756045788,2,N, , ,N,N,N
00026354,11,2026,308988,62756046188,2,N, , ,N,N,N
00026354,11,2026,2054157,62856070430,5,N, , ,Y,N,N
00026354,11,2026,1796665,62856070830,5,N, , ,Y,N,N
00026354,11,2026,1604384,62856071030,5,N, , ,Y,N,N
00026354,11,2026,2054159,62856071230,5,N, , ,Y,N,N
00026354,11,2026,1604350,62856071430,5,N, , ,Y,N,N
00026354,11,2026,1792393,62856071830,5,N, , ,Y,N,N
00026354,11,2026,1604395,62856072030,5,N, , ,Y,N,N
00026354,11,2026,1604352,62856072430,5,N, , ,Y,N,N
00026354,11,2026,825335,62935022305,4,N, , ,Y,N,N
00026354,11,2026,825333,62935030330,4,N, , ,Y,N,N
00026354,11,2026,825325,62935046150,4,N, , ,Y,N,N
00026354,11,2026,825334,62935075375,4,N, , ,Y,N,N
00026354,11,2026,212118,63010001030,5,N, , ,N,N,N
00026354,11,2026,542370,63010002770,5,N, , ,N,N,N
00026354,11,2026,1988768,63020009030,5,Y,30,30,Y,N,N
00026354,11,2026,1921228,63020011330,5,Y,120,30,Y,N,N
00026354,11,2026,1988772,63020018030,5,Y,30,30,Y,N,N
00026354,11,2026,1988786,63020019830,5,N, , ,Y,N,N
00026354,11,2026,2670190,63020021021,5,Y,84,28,Y,N,N
00026354,11,2026,2670198,63020022521,5,Y,21,28,Y,N,N
00026354,11,2026,1723763,63020023002,5,Y,3,28,Y,N,N
00026354,11,2026,1723767,63020039002,5,Y,3,28,Y,N,N
00026354,11,2026,1723772,63020040002,5,Y,3,28,Y,N,N
00026354,11,2026,1726639,63020053330,5,Y,30,30,Y,N,N
00026354,11,2026,1364362,63020053430,5,Y,30,30,Y,N,N
00026354,11,2026,1364358,63020053530,5,Y,30,30,Y,N,N
00026354,11,2026,2473042,63020053630,5,Y,30,30,Y,N,N
00026354,11,2026,2049271,63090010030,5,Y,30,30,Y,N,N
00026354,11,2026,2049278,63090034030,5,Y,30,30,Y,N,N
00026354,11,2026,476362,63304008913,2,N, , ,N,N,N
00026354,11,2026,616279,63304009127,5,Y,28,28,Y,N,N
00026354,11,2026,616285,63304009227,5,Y,28,28,Y,N,N
00026354,11,2026,1541890,63304009327,5,Y,28,28,Y,N,N
00026354,11,2026,616289,63304009427,5,Y,28,28,Y,N,N
00026354,11,2026,197518,63304069205,2,N, , ,N,N,N
00026354,11,2026,284215,63304069301,2,N, , ,N,N,N
00026354,11,2026,544840,63323013011,2,N, , ,N,N,N
00026354,11,2026,865129,63323028110,2,N, , ,N,N,N
00026354,11,2026,1807513,63323028420,2,N, , ,N,N,N
00026354,11,2026,313416,63323030502,2,N, , ,N,N,N
00026354,11,2026,597823,63323030602,2,N, , ,N,N,N
00026354,11,2026,239209,63323031461,2,N, , ,N,N,N
00026354,11,2026,1726214,63323032225,2,N, , ,N,N,N
00026354,11,2026,1721460,63323032820,2,N, , ,N,N,N
00026354,11,2026,1726204,63323034925,2,N, , ,N,N,N
00026354,11,2026,312069,63323037601,2,N, , ,N,N,N
00026354,11,2026,312070,63323037701,2,N, , ,N,N,N
00026354,11,2026,312071,63323037905,5,N, , ,N,N,N
00026354,11,2026,1664981,63323040120,2,N, , ,N,N,N
00026354,11,2026,859867,63323046905,2,N, , ,N,N,N
00026354,11,2026,204416,63323047410,2,N, , ,N,N,N
00026354,11,2026,307719,63323069030,2,N, , ,Y,N,N
00026354,11,2026,861379,63323072810,2,N, , ,N,N,N
00026354,11,2026,861383,63323072910,2,N, , ,N,N,N
00026354,11,2026,1795252,63323086904,2,N, , ,N,N,N
00026354,11,2026,1795346,63323087074,2,N, , ,N,N,N
00026354,11,2026,204520,63323096730,2,N, , ,N,N,N
00026354,11,2026,1926823,63833082802,5,Y,30,30,Y,N,N
00026354,11,2026,1926827,63833082902,5,Y,20,30,Y,N,N
00026354,11,2026,835564,64125013401,2,N, , ,N,N,N
00026354,11,2026,835568,64125013501,2,N, , ,N,N,N
00026354,11,2026,860215,64380015801,2,N, , ,Y,N,N
00026354,11,2026,860221,64380015901,2,N, , ,Y,N,N
00026354,11,2026,860225,64380016001,2,N, , ,Y,N,N
00026354,11,2026,848140,64380019701,2,N, , ,N,N,N
00026354,11,2026,848145,64380019801,2,N, , ,N,N,N
00026354,11,2026,848131,64380019901,2,N, , ,N,N,N
00026354,11,2026,848151,64380020001,2,N, , ,N,N,N
00026354,11,2026,848135,64380020101,2,N, , ,N,N,N
00026354,11,2026,349491,64380071104,2,N, , ,N,N,N
00026354,11,2026,200060,64380072506,2,N, , ,Y,N,N
00026354,11,2026,1812434,64380075216,5,N, , ,N,N,N
00026354,11,2026,200132,64380075806,2,N, , ,N,N,N
00026354,11,2026,577208,64380076111,2,Y,120,30,N,Y,N
00026354,11,2026,801054,64380076921,2,N, , ,N,N,N
00026354,11,2026,198145,64380078408,1,N, , ,Y,N,N
00026354,11,2026,866111,64380078706,1,N, , ,N,N,N
00026354,11,2026,197807,64380080707,1,N, , ,N,N,N
00026354,11,2026,197806,64380080807,1,N, , ,N,N,N
00026354,11,2026,197853,64380082706,2,N, , ,N,N,N
00026354,11,2026,197303,64380083306,2,N, , ,N,N,N
00026354,11,2026,197304,64380083406,2,N, , ,N,N,N
00026354,11,2026,312529,64380086006,2,N, , ,N,N,N
00026354,11,2026,861375,64380088080,2,N, , ,N,N,N
00026354,11,2026,1649593,64406001101,5,Y,1,28,Y,N,N
00026354,11,2026,1546189,64406001501,5,Y,1,28,Y,N,N
00026354,11,2026,2261794,64406002003,5,Y,120,30,Y,N,N
00026354,11,2026,2669916,64406002901,5,Y,28,14,Y,N,N
00026354,11,2026,2669920,64406003002,5,Y,28,14,Y,N,N
00026354,11,2026,2669924,64406003101,5,Y,14,14,Y,N,N
00026354,11,2026,1790892,64764072030,3,Y,30,30,N,N,N
00026354,11,2026,1790886,64764073030,3,Y,30,30,N,N,N
00026354,11,2026,1790890,64764075030,3,Y,30,30,N,N,N
00026354,11,2026,2586079,64764080028,5,N, , ,Y,N,N
00026354,11,2026,2628204,64842012004,5,Y,140,28,Y,N,N
00026354,11,2026,2628206,64842012005,5,Y,140,28,Y,N,N
00026354,11,2026,2628208,64842012006,5,Y,140,28,Y,N,N
00026354,11,2026,2384465,64842072709,5,Y,5,28,Y,N,N
00026354,11,2026,1670324,64842102003,5,Y,80,28,Y,N,N
00026354,11,2026,1670322,64842102501,5,Y,100,28,Y,N,N
00026354,11,2026,197724,64950021810,2,N, , ,N,N,N
00026354,11,2026,856940,64950034316,2,Y,2700,30,N,N,N
00026354,11,2026,993755,64950037416,1,Y,4500,30,N,N,N
00026354,11,2026,1117531,64980017750,2,N, , ,N,N,N
00026354,11,2026,1116758,64980017802,2,N, , ,N,N,N
00026354,11,2026,310489,64980027903,6,Y,30,30,N,N,N
00026354,11,2026,314006,64980028005,6,Y,30,30,N,N,N
00026354,11,2026,315107,64980028101,6,Y,60,30,N,N,N
00026354,11,2026,198076,64980029001,2,N, , ,N,N,N
00026354,11,2026,198077,64980029101,2,N, , ,N,N,N
00026354,11,2026,198075,64980029301,2,N, , ,N,N,N
00026354,11,2026,1440936,64980032430,2,N, , ,N,N,N
00026354,11,2026,1191299,64980032920,2,N, , ,N,N,N
00026354,11,2026,904419,64980034001,1,Y,30,30,N,N,N
00026354,11,2026,313428,64980040403,5,N, , ,N,N,N
00026354,11,2026,242680,64980040524,2,N, , ,N,N,N
00026354,11,2026,861064,64980040906,2,N, , ,N,N,N
00026354,11,2026,477234,64980042602,2,N, , ,N,N,N
00026354,11,2026,197451,64980043001,2,N, , ,N,N,N
00026354,11,2026,197380,64980043710,1,N, , ,N,N,N
00026354,11,2026,197381,64980043810,1,N, , ,N,N,N
00026354,11,2026,197379,64980043910,1,N, , ,N,N,N
00026354,11,2026,1923428,64980051305,1,N, , ,N,N,N
00026354,11,2026,1992303,64980051405,1,N, , ,N,N,N
00026354,11,2026,427163,64980052621,5,Y,60,30,N,N,N
00026354,11,2026,1490065,65162005703,2,N, , ,N,N,N
00026354,11,2026,310432,65162010350,2,Y,270,30,N,N,N
00026354,11,2026,198013,65162018810,1,N, , ,N,N,N
00026354,11,2026,198012,65162018910,1,N, , ,N,N,N
00026354,11,2026,1797113,65162022621,2,Y,18,28,N,N,N
00026354,11,2026,1098134,65162032309,2,N, , ,N,N,N
00026354,11,2026,2531285,65162035803,2,Y,3,28,N,N,N
00026354,11,2026,995624,65162044110,1,N, , ,N,N,N
00026354,11,2026,995666,65162044210,1,N, , ,N,N,N
00026354,11,2026,2266506,65162046935,2,Y,1,28,N,N,N
00026354,11,2026,905341,65162055410,2,N, , ,N,N,N
00026354,11,2026,905347,65162055548,2,N, , ,N,N,N
00026354,11,2026,857336,65162057110,2,N, , ,N,N,N
00026354,11,2026,857321,65162057210,2,N, , ,N,N,N
00026354,11,2026,857328,65162057310,2,N, , ,N,N,N
00026354,11,2026,857340,65162057410,2,N, , ,N,N,N
00026354,11,2026,835603,65162062711,1,Y,240,30,N,N,N
00026354,11,2026,283536,65162064978,2,N, , ,N,N,N
00026354,11,2026,199387,65162067384,2,N, , ,N,N,N
00026354,11,2026,351285,65162070588,2,N, , ,N,N,N
00026354,11,2026,197745,65162071110,2,N, , ,N,N,N
00026354,11,2026,197746,65162071310,2,N, , ,N,N,N
00026354,11,2026,1308569,65162074934,2,Y,30,30,N,N,N
00026354,11,2026,1099563,65162075550,2,N, , ,N,N,N
00026354,11,2026,1099569,65162075750,2,N, , ,N,N,N
00026354,11,2026,1244214,65162077810,2,N, , ,N,N,N
00026354,11,2026,1745091,65162079108,2,Y,90,30,Y,N,N
00026354,11,2026,725021,65162082534,2,Y,30,30,N,N,N
00026354,11,2026,725023,65162082634,2,Y,30,30,N,N,N
00026354,11,2026,197312,65162083594,2,Y,30,30,N,N,N
00026354,11,2026,348719,65162091446,5,N, , ,Y,N,N
00026354,11,2026,351209,65219019030,5,N, , ,Y,N,N
00026354,11,2026,1795609,65219046450,2,N, , ,N,N,N
00026354,11,2026,2686050,65219059601,5,N, , ,Y,N,N
00026354,11,2026,2686057,65219059810,5,N, , ,Y,N,N
00026354,11,2026,2702615,65219086201,3,N, , ,Y,N,N
00026354,11,2026,2702606,65219086626,3,N, , ,Y,N,N
00026354,11,2026,2626399,65597040720,5,Y,120,30,Y,N,N
00026354,11,2026,2643060,65597050428,5,N, , ,Y,N,N
00026354,11,2026,2643064,65597051128,5,N, , ,Y,N,N
00026354,11,2026,1873765,65649000330,3,Y,30,30,N,N,N
00026354,11,2026,539789,65649030103,3,Y,9,30,Y,N,N
00026354,11,2026,856666,65649030302,5,Y,90,30,Y,N,N
00026354,11,2026,1673274,65757040103,5,Y,1.6,14,N,N,N
00026354,11,2026,1673278,65757040203,5,Y,2.4,14,N,N,N
00026354,11,2026,1673280,65757040303,5,Y,3.2,14,N,N,N
00026354,11,2026,1925264,65757040403,5,Y,3.9,14,N,N,N
00026354,11,2026,2049343,65757050003,5,Y,4.8,365,N,N,N
00026354,11,2026,2570398,65757065142,5,Y,30,30,N,N,N
00026354,11,2026,2570401,65757065242,5,Y,30,30,N,N,N
00026354,11,2026,2570404,65757065342,5,Y,30,30,N,N,N
00026354,11,2026,2570407,65757065442,5,Y,30,30,N,N,N
00026354,11,2026,861010,65862000905,6,Y,90,30,N,N,N
00026354,11,2026,312940,65862001105,1,N, , ,N,N,N
00026354,11,2026,312941,65862001205,1,N, , ,N,N,N
00026354,11,2026,312938,65862001305,1,N, , ,N,N,N
00026354,11,2026,308194,65862001501,1,N, , ,N,N,N
00026354,11,2026,308182,65862001605,1,N, , ,N,N,N
00026354,11,2026,283406,65862002106,2,N, , ,N,N,N
00026354,11,2026,283485,65862002306,2,N, , ,N,N,N
00026354,11,2026,756209,65862004824,2,N, , ,N,N,N
00026354,11,2026,312962,65862005090,6,N, , ,N,N,N
00026354,11,2026,311943,65862005724,2,Y,1200,30,N,N,N
00026354,11,2026,313222,65862007930,1,N, , ,N,N,N
00026354,11,2026,861743,65862008001,6,N, , ,Y,N,N
00026354,11,2026,861748,65862008101,6,N, , ,Y,N,N
00026354,11,2026,861753,65862008201,6,N, , ,Y,N,N
00026354,11,2026,309076,65862009520,2,N, , ,N,N,N
00026354,11,2026,309078,65862009620,2,N, , ,N,N,N
00026354,11,2026,198352,65862010701,2,N, , ,N,N,N
00026354,11,2026,315223,65862014636,2,Y,18,30,N,N,N
00026354,11,2026,313161,65862014736,2,Y,18,30,N,N,N
00026354,11,2026,313160,65862014836,2,Y,9,30,N,N,N
00026354,11,2026,854876,65862015901,1,Y,30,30,N,N,N
00026354,11,2026,854873,65862016001,1,Y,30,30,N,N,N
00026354,11,2026,198052,65862018730,2,N, , ,Y,N,N
00026354,11,2026,312086,65862018830,2,N, , ,Y,N,N
00026354,11,2026,979485,65862020199,6,N, , ,N,N,N
00026354,11,2026,979492,65862020299,6,N, , ,N,N,N
00026354,11,2026,979480,65862020399,6,N, , ,N,N,N
00026354,11,2026,248109,65862020768,2,N, , ,N,N,N
00026354,11,2026,309054,65862021801,2,N, , ,N,N,N
00026354,11,2026,476576,65862021960,2,N, , ,N,N,N
00026354,11,2026,197517,65862022660,2,N, , ,N,N,N
00026354,11,2026,854984,65862028601,6,N, , ,N,N,N
00026354,11,2026,854988,65862028701,6,N, , ,N,N,N
00026354,11,2026,854925,65862028801,6,N, , ,N,N,N
00026354,11,2026,310386,65862030612,2,N, , ,N,N,N
00026354,11,2026,857166,65862030801,6,N, , ,N,N,N
00026354,11,2026,857174,65862030901,6,N, , ,N,N,N
00026354,11,2026,904431,65862032904,1,Y,4,28,N,N,N
00026354,11,2026,309362,65862035705,1,N, , ,N,N,N
00026354,11,2026,198334,65862041901,1,N, , ,N,N,N
00026354,11,2026,198335,65862042005,1,N, , ,N,N,N
00026354,11,2026,198188,65862047501,6,N, , ,N,N,N
00026354,11,2026,198189,65862047605,6,N, , ,N,N,N
00026354,11,2026,261962,65862047705,6,N, , ,N,N,N
00026354,11,2026,313134,65862049647,2,N, , ,N,N,N
00026354,11,2026,617296,65862050220,2,N, , ,N,N,N
00026354,11,2026,562508,65862050320,2,N, , ,N,N,N
00026354,11,2026,861783,65862052560,6,Y,90,30,N,N,N
00026354,11,2026,861822,65862052660,6,Y,90,30,N,N,N
00026354,11,2026,313583,65862052790,2,Y,90,30,N,N,N
00026354,11,2026,313585,65862052890,2,Y,90,30,N,N,N
00026354,11,2026,617430,65862053401,2,N, , ,N,N,N
00026354,11,2026,199884,65862053650,1,N, , ,N,N,N
00026354,11,2026,199885,65862053750,1,N, , ,N,N,N
00026354,11,2026,311296,65862053820,1,N, , ,N,N,N
00026354,11,2026,251872,65862055990,1,Y,30,30,N,N,N
00026354,11,2026,200224,65862057490,1,N, , ,N,N,N
00026354,11,2026,898359,65862058501,6,N, , ,N,N,N
00026354,11,2026,260218,65862060130,2,Y,30,30,Y,N,N
00026354,11,2026,314215,65862065060,2,N, , ,N,N,N
00026354,11,2026,900575,65862068730,2,N, , ,N,N,N
00026354,11,2026,313581,65862069790,2,Y,30,30,N,N,N
00026354,11,2026,309097,65862069960,2,N, , ,N,N,N
00026354,11,2026,309098,65862070020,2,N, , ,N,N,N
00026354,11,2026,402246,65862071160,2,N, , ,N,N,N
00026354,11,2026,402247,65862071260,2,N, , ,N,N,N
00026354,11,2026,664741,65862071330,2,N, , ,N,N,N
00026354,11,2026,833528,65862073205,2,N, , ,N,N,N
00026354,11,2026,860715,65862074430,2,Y,30,30,N,N,N
00026354,11,2026,860695,65862074530,2,Y,30,30,N,N,N
00026354,11,2026,860707,65862074630,2,Y,30,30,N,N,N
00026354,11,2026,810071,65862076630,2,N, , ,N,N,N
00026354,11,2026,810077,65862076730,2,N, , ,N,N,N
00026354,11,2026,1800499,65862077685,2,N, , ,N,N,N
00026354,11,2026,1800500,65862077785,2,N, , ,N,N,N
00026354,11,2026,992150,65862078201,2,N, , ,N,N,N
00026354,11,2026,724863,65862080530,2,Y,30,30,Y,N,N
00026354,11,2026,724859,65862080630,2,Y,30,30,Y,N,N
00026354,11,2026,724861,65862080730,2,Y,30,30,Y,N,N
00026354,11,2026,861643,65862081290,2,Y,30,30,N,N,N
00026354,11,2026,861648,65862081390,2,Y,30,30,N,N,N
00026354,11,2026,861652,65862081490,2,Y,30,30,N,N,N
00026354,11,2026,403818,65862084003,2,N, , ,N,N,N
00026354,11,2026,485434,65862084130,2,N, , ,N,N,N
00026354,11,2026,485436,65862084230,2,N, , ,N,N,N
00026354,11,2026,197536,65862084401,2,N, , ,N,N,N
00026354,11,2026,429212,65862084501,2,N, , ,N,N,N
00026354,11,2026,197535,65862084605,2,N, , ,N,N,N
00026354,11,2026,309374,65862084701,2,N, , ,N,N,N
00026354,11,2026,730866,65862085730,6,N, , ,N,N,N
00026354,11,2026,310273,65862085901,1,N, , ,N,N,N
00026354,11,2026,284245,65862086001,1,N, , ,N,N,N
00026354,11,2026,2049264,65862086583,2,Y,91,84,N,N,N
00026354,11,2026,1856424,65862089788,2,N, , ,N,N,N
00026354,11,2026,1856402,65862089888,2,N, , ,N,N,N
00026354,11,2026,349514,65862091060,2,Y,60,30,N,N,N
00026354,11,2026,2052064,65862092585,2,N, , ,N,N,N
00026354,11,2026,485440,65862096701,2,Y,30,30,N,N,N
00026354,11,2026,861960,65862099830,2,Y,30,30,Y,N,N
00026354,11,2026,1442143,66215050130,5,Y,30,30,Y,N,N
00026354,11,2026,1729053,66215060206,5,Y,240,30,Y,N,N
00026354,11,2026,1729057,66215060406,5,Y,60,30,Y,N,N
00026354,11,2026,1729061,66215060606,5,Y,60,30,Y,N,N
00026354,11,2026,1729065,66215060806,5,Y,60,30,Y,N,N
00026354,11,2026,1729013,66215061006,5,Y,60,30,Y,N,N
00026354,11,2026,1729029,66215061206,5,Y,60,30,Y,N,N
00026354,11,2026,1729033,66215061406,5,Y,60,30,Y,N,N
00026354,11,2026,1729047,66215061606,5,Y,60,30,Y,N,N
00026354,11,2026,1729076,66215062820,5,N, , ,Y,N,N
00026354,11,2026,1790317,66658020490,5,N, , ,Y,N,N
00026354,11,2026,727714,66658023407,5,N, , ,Y,N,N
00026354,11,2026,314230,66689034702,2,N, , ,Y,N,N
00026354,11,2026,2123076,66993001968,2,Y,36,30,N,N,N
00026354,11,2026,895994,66993007896,2,Y,21.2,30,N,N,N
00026354,11,2026,895999,66993007996,2,Y,12,30,N,N,N
00026354,11,2026,896004,66993008096,2,Y,24,30,N,N,N
00026354,11,2026,1736045,66993010060,2,N, , ,N,Y,N
00026354,11,2026,1736048,66993010160,4,N, , ,N,Y,N
00026354,11,2026,1011736,66993014130,2,N, , ,N,N,N
00026354,11,2026,1011739,66993014230,2,N, , ,N,N,N
00026354,11,2026,1000153,66993037179,2,N, , ,N,N,N
00026354,11,2026,1488574,66993045630,3,Y,30,30,N,N,Y
00026354,11,2026,1488569,66993045730,3,Y,30,30,N,N,Y
00026354,11,2026,896184,66993058497,2,Y,60,30,N,N,N
00026354,11,2026,896209,66993058597,2,Y,60,30,N,N,N
00026354,11,2026,1367436,66993060536,2,Y,1,28,N,N,N
00026354,11,2026,351156,67457032325,2,N, , ,N,N,N
00026354,11,2026,859824,67457035959,2,N, , ,N,N,N
00026354,11,2026,1719803,67457040913,2,N, , ,N,N,N
00026354,11,2026,1719862,67457041013,2,N, , ,N,N,N
00026354,11,2026,312821,67457044560,2,N, , ,N,N,N
00026354,11,2026,861363,67457058304,5,Y,12,30,N,N,N
00026354,11,2026,861365,67457058406,5,Y,18,30,N,N,N
00026354,11,2026,861356,67457058508,5,Y,24,30,N,N,N
00026354,11,2026,106351,67877012450,2,N, , ,N,N,N
00026354,11,2026,198241,67877014601,1,Y,30,30,N,N,N
00026354,11,2026,198242,67877014701,1,Y,30,30,N,N,N
00026354,11,2026,311880,67877023022,5,N, , ,Y,N,N
00026354,11,2026,312744,67877024210,2,N, , ,N,N,N
00026354,11,2026,317174,67877024601,2,N, , ,N,N,N
00026354,11,2026,312745,67877024760,2,N, , ,N,N,N
00026354,11,2026,616483,67877024801,2,N, , ,N,N,N
00026354,11,2026,616487,67877024910,2,N, , ,N,N,N
00026354,11,2026,312743,67877025001,2,N, , ,N,N,N
00026354,11,2026,636664,67877025930,2,N, , ,N,N,N
00026354,11,2026,312840,67877026118,2,Y,18,30,N,N,N
00026354,11,2026,314209,67877026218,2,Y,18,30,N,N,N
00026354,11,2026,596930,67877026410,2,Y,60,30,N,N,N
00026354,11,2026,596843,67877027430,2,Y,30,30,N,N,N
00026354,11,2026,199206,67877028660,2,N, , ,N,N,N
00026354,11,2026,197805,67877031905,1,Y,240,30,N,N,N
00026354,11,2026,860981,67877041401,6,Y,60,30,N,N,N
00026354,11,2026,311347,67877041920,2,N, , ,N,N,N
00026354,11,2026,602964,67877043003,2,N, , ,N,N,N
00026354,11,2026,349545,67877043203,2,N, , ,N,N,N
00026354,11,2026,349490,67877043303,2,N, , ,N,N,N
00026354,11,2026,349553,67877043403,2,N, , ,N,N,N
00026354,11,2026,349547,67877043503,2,N, , ,N,N,N
00026354,11,2026,897021,67877044460,2,Y,60,30,Y,N,N
00026354,11,2026,311204,67877045430,2,N, , ,N,N,N
00026354,11,2026,898715,67877045747,2,Y,900,30,N,N,N
00026354,11,2026,282755,67877048230,6,N, , ,N,N,N
00026354,11,2026,349556,67877049005,2,Y,30,30,N,N,N
00026354,11,2026,1116635,67877049160,2,N, , ,N,N,N
00026354,11,2026,866910,67877050651,2,N, , ,N,N,N
00026354,11,2026,476350,67877050990,6,Y,30,30,N,N,N
00026354,11,2026,477367,67877052730,2,N, , ,N,N,N
00026354,11,2026,477372,67877052830,2,N, , ,N,N,N
00026354,11,2026,409823,67877058450,2,N, , ,N,N,N
00026354,11,2026,1366192,67877065861,2,Y,480,30,N,N,N
00026354,11,2026,1923822,67877067584,5,N, , ,Y,N,N
00026354,11,2026,1923828,67877067684,5,N, , ,Y,N,N
00026354,11,2026,1923826,67877067784,5,N, , ,Y,N,N
00026354,11,2026,197499,67877069601,2,N, , ,N,N,N
00026354,11,2026,993856,67877073295,2,Y,1200,30,N,N,N
00026354,11,2026,2586427,67877083347,2,N, , ,N,Y,N
00026354,11,2026,2588062,67877088271,2,Y,600,30,N,N,N
00026354,11,2026,1656354,67877095060,2,Y,60,30,N,N,N
00026354,11,2026,896762,68001038200,2,N, , ,N,N,N
00026354,11,2026,1648755,68001060600,2,Y,60,30,N,N,N
00026354,11,2026,854252,68001063942,2,Y,60,30,N,N,N
00026354,11,2026,807832,68180011707,2,N, , ,N,N,N
00026354,11,2026,846378,68180011807,2,N, , ,N,N,N
00026354,11,2026,309112,68180012101,1,N, , ,N,N,N
00026354,11,2026,309049,68180018001,2,N, , ,N,N,N
00026354,11,2026,309048,68180018102,2,N, , ,N,N,N
00026354,11,2026,105171,68180018203,2,N, , ,N,N,N
00026354,11,2026,979468,68180021509,6,N, , ,N,N,N
00026354,11,2026,979464,68180021609,6,N, , ,N,N,N
00026354,11,2026,979471,68180021709,6,N, , ,N,N,N
00026354,11,2026,996609,68180024906,2,Y,30,30,N,Y,N
00026354,11,2026,995599,68180028001,2,N, , ,N,N,N
00026354,11,2026,995607,68180028101,2,N, , ,N,N,N
00026354,11,2026,1482507,68180029006,5,Y,30,30,N,Y,N
00026354,11,2026,1482515,68180029106,5,Y,30,30,N,Y,N
00026354,11,2026,1482521,68180029207,5,Y,60,30,N,Y,N
00026354,11,2026,1482525,68180029306,5,Y,60,30,N,Y,N
00026354,11,2026,670026,68180034507,2,N, , ,N,N,N
00026354,11,2026,1359269,68180034606,5,N, , ,N,N,N
00026354,11,2026,686379,68180039507,2,Y,60,30,N,N,N
00026354,11,2026,197452,68180040301,2,N, , ,N,N,N
00026354,11,2026,197453,68180040401,2,N, , ,N,N,N
00026354,11,2026,309110,68180044001,2,N, , ,N,N,N
00026354,11,2026,309113,68180044101,2,N, , ,N,N,N
00026354,11,2026,898356,68180045901,6,N, , ,N,N,N
00026354,11,2026,200345,68180046509,6,N, , ,N,N,N
00026354,11,2026,197903,68180046707,6,N, , ,N,N,N
00026354,11,2026,197904,68180046803,6,N, , ,N,N,N
00026354,11,2026,898342,68180047201,6,N, , ,N,N,N
00026354,11,2026,898346,68180047301,6,N, , ,N,N,N
00026354,11,2026,311353,68180051202,6,N, , ,N,N,N
00026354,11,2026,311354,68180051303,6,N, , ,N,N,N
00026354,11,2026,197885,68180051802,6,N, , ,N,N,N
00026354,11,2026,197886,68180051902,6,N, , ,N,N,N
00026354,11,2026,197887,68180052002,6,N, , ,N,N,N
00026354,11,2026,199353,68180056601,6,N, , ,N,N,N
00026354,11,2026,199351,68180056701,6,N, , ,N,N,N
00026354,11,2026,199352,68180056801,6,N, , ,N,N,N
00026354,11,2026,1649990,68180065208,2,N, , ,N,N,N
00026354,11,2026,1650030,68180065701,2,N, , ,N,N,N
00026354,11,2026,198201,68180065806,2,N, , ,N,N,N
00026354,11,2026,198202,68180065907,2,N, , ,N,N,N
00026354,11,2026,728109,68180067511,2,Y,84,180,N,N,N
00026354,11,2026,1115698,68180067801,2,Y,540,180,N,N,N
00026354,11,2026,2059015,68180070909,2,Y,60,30,N,N,N
00026354,11,2026,200346,68180071160,2,N, , ,N,N,N
00026354,11,2026,308135,68180072103,1,N, , ,N,N,N
00026354,11,2026,1422081,68180073973,2,N, , ,N,N,N
00026354,11,2026,898350,68180075501,6,N, , ,N,N,N
00026354,11,2026,898353,68180075601,6,N, , ,N,N,N
00026354,11,2026,672149,68180080136,5,N, , ,Y,N,N
00026354,11,2026,749860,68180084073,2,N, , ,N,N,N
00026354,11,2026,751901,68180084313,2,Y,91,84,N,N,N
00026354,11,2026,1356074,68180084473,2,N, , ,N,N,N
00026354,11,2026,748868,68180085473,2,N, , ,N,N,N
00026354,11,2026,748832,68180085773,2,N, , ,N,N,N
00026354,11,2026,1722680,68180086473,2,N, , ,N,N,N
00026354,11,2026,1729516,68180086913,2,N, , ,N,N,N
00026354,11,2026,748961,68180087673,2,N, , ,N,N,N
00026354,11,2026,2665903,68180089513,2,N, , ,N,N,N
00026354,11,2026,1597076,68180094111,2,Y,150,30,Y,N,N
00026354,11,2026,848180,68180094702,2,N, , ,N,N,N
00026354,11,2026,485032,68180096412,2,Y,30,30,N,N,N
00026354,11,2026,892251,68180097501,1,N, , ,N,N,N
00026354,11,2026,892255,68180097601,1,N, , ,N,N,N
00026354,11,2026,314076,68180098003,6,N, , ,N,N,N
00026354,11,2026,314077,68180098103,6,N, , ,N,N,N
00026354,11,2026,205326,68180098201,6,N, , ,N,N,N
00026354,11,2026,1738511,68382000105,1,N, , ,Y,N,N
00026354,11,2026,197388,68382000301,2,N, , ,Y,N,N
00026354,11,2026,205316,68382000414,2,N, , ,N,N,N
00026354,11,2026,205315,68382000514,2,N, , ,N,N,N
00026354,11,2026,992438,68382004001,1,N, , ,Y,N,N
00026354,11,2026,992447,68382004101,1,N, , ,Y,N,N
00026354,11,2026,314035,68382008001,2,N, , ,N,N,N
00026354,11,2026,197754,68382008101,2,N, , ,N,N,N
00026354,11,2026,686924,68382009205,1,N, , ,N,N,N
00026354,11,2026,200031,68382009305,1,N, , ,N,N,N
00026354,11,2026,200032,68382009405,1,N, , ,N,N,N
00026354,11,2026,200033,68382009505,1,N, , ,N,N,N
00026354,11,2026,1738483,68382009705,1,N, , ,Y,N,N
00026354,11,2026,1738495,68382009810,1,N, , ,Y,N,N
00026354,11,2026,1738503,68382009905,1,N, , ,Y,N,N
00026354,11,2026,1099596,68382010610,2,N, , ,N,N,N
00026354,11,2026,863669,68382013201,1,N, , ,N,N,N
00026354,11,2026,199888,68382013805,1,N, , ,N,N,N
00026354,11,2026,151226,68382013905,1,N, , ,N,N,N
00026354,11,2026,199889,68382014005,1,N, , ,N,N,N
00026354,11,2026,845488,68382014406,6,N, , ,N,N,N
00026354,11,2026,861731,68382018401,6,Y,240,30,N,N,N
00026354,11,2026,861736,68382018501,6,Y,120,30,N,N,N
00026354,11,2026,861740,68382018601,6,Y,120,30,N,N,N
00026354,11,2026,309952,68382018701,2,N, , ,Y,N,N
00026354,11,2026,197622,68382018801,2,N, , ,Y,N,N
00026354,11,2026,309955,68382018901,2,N, , ,Y,N,N
00026354,11,2026,863636,68382025501,2,N, , ,N,N,N
00026354,11,2026,863619,68382025601,2,N, , ,N,N,N
00026354,11,2026,606730,68382044206,2,Y,60,30,N,N,N
00026354,11,2026,349253,68382044614,5,Y,60,30,Y,N,N
00026354,11,2026,656659,68382044714,5,Y,60,30,Y,N,N
00026354,11,2026,825130,68382045219,2,N, , ,N,N,N
00026354,11,2026,252413,68382049814,2,N, , ,N,N,N
00026354,11,2026,849389,68382051201,2,N, , ,N,N,N
00026354,11,2026,905158,68382052001,2,N, , ,Y,N,N
00026354,11,2026,197419,68382052701,2,N, , ,N,N,N
00026354,11,2026,1801279,68382052960,2,N, , ,N,N,N
00026354,11,2026,199376,68382053601,2,N, , ,N,N,N
00026354,11,2026,199381,68382053701,2,N, , ,N,N,N
00026354,11,2026,996615,68382054606,2,Y,30,30,N,Y,N
00026354,11,2026,996594,68382054706,2,Y,30,30,N,Y,N
00026354,11,2026,996603,68382054806,2,Y,30,30,N,Y,N
00026354,11,2026,686429,68382071119,2,Y,120,30,N,N,N
00026354,11,2026,314142,68382072116,6,Y,90,30,N,N,N
00026354,11,2026,311919,68382072216,6,Y,90,30,N,N,N
00026354,11,2026,1988308,68382074516,2,N, , ,N,N,N
00026354,11,2026,1988311,68382074616,2,N, , ,N,N,N
00026354,11,2026,1988316,68382074716,2,N, , ,N,N,N
00026354,11,2026,1988319,68382074816,2,N, , ,N,N,N
00026354,11,2026,1988324,68382074916,2,N, , ,N,N,N
00026354,11,2026,1988330,68382075016,2,N, , ,N,N,N
00026354,11,2026,1649401,68382078201,2,N, , ,N,N,N
00026354,11,2026,856373,68382080601,1,N, , ,N,N,N
00026354,11,2026,603208,68382091306,5,Y,60,30,Y,N,N
00026354,11,2026,197973,68382091711,2,N, , ,N,N,N
00026354,11,2026,328161,68382091818,2,N, , ,N,N,N
00026354,11,2026,197971,68382091911,2,N, , ,N,N,N
00026354,11,2026,2054979,68418793906,5,Y,360,30,Y,N,N
00026354,11,2026,2054983,68418794006,5,Y,180,30,Y,N,N
00026354,11,2026,2055016,68418794106,5,Y,360,30,Y,N,N
00026354,11,2026,2055014,68418794206,5,Y,180,30,Y,N,N
00026354,11,2026,197700,68462010430,2,N, , ,N,N,N
00026354,11,2026,754508,68462011233,2,N, , ,Y,N,N
00026354,11,2026,310433,68462012605,2,Y,180,30,N,N,N
00026354,11,2026,310434,68462012705,2,Y,120,30,N,N,N
00026354,11,2026,403966,68462012801,2,N, , ,N,N,N
00026354,11,2026,403967,68462012901,2,N, , ,N,N,N
00026354,11,2026,312136,68462013701,2,N, , ,N,N,N
00026354,11,2026,104894,68462015713,2,N, , ,Y,N,N
00026354,11,2026,198014,68462019005,1,N, , ,N,N,N
00026354,11,2026,1299896,68462020801,6,N, , ,N,N,N
00026354,11,2026,1299897,68462020901,6,N, , ,N,N,N
00026354,11,2026,311355,68462022001,1,N, , ,N,N,N
00026354,11,2026,197891,68462022301,2,N, , ,N,N,N
00026354,11,2026,197892,68462022401,2,N, , ,N,N,N
00026354,11,2026,311265,68462022801,2,N, , ,N,N,N
00026354,11,2026,311264,68462022901,2,N, , ,N,N,N
00026354,11,2026,312847,68462025601,2,N, , ,N,N,N
00026354,11,2026,897649,68462026001,2,N, , ,N,N,N
00026354,11,2026,859747,68462026290,6,N, , ,N,N,N
00026354,11,2026,349592,68462026630,2,Y,60,30,N,N,N
00026354,11,2026,349594,68462026830,2,Y,60,30,N,N,N
00026354,11,2026,349595,68462026930,2,Y,30,30,N,N,N
00026354,11,2026,608143,68462027030,2,Y,30,30,N,N,N
00026354,11,2026,608139,68462027130,2,Y,30,30,N,N,N
00026354,11,2026,897659,68462029201,2,N, , ,N,N,N
00026354,11,2026,197818,68462030201,2,N, , ,Y,N,N
00026354,11,2026,977836,68462030329,2,N, , ,N,N,N
00026354,11,2026,1000405,68462030450,2,N, , ,N,N,N
00026354,11,2026,198373,68462031065,2,Y,120,30,N,N,N
00026354,11,2026,1252016,68462031829,2,N, , ,N,N,N
00026354,11,2026,348472,68462035601,2,N, , ,N,N,N
00026354,11,2026,313291,68462038001,2,N, , ,N,N,N
00026354,11,2026,1245919,68462038829,2,N, , ,N,N,N
00026354,11,2026,1242786,68462039429,2,N, , ,N,N,N
00026354,11,2026,200329,68462039710,1,N, , ,N,N,N
00026354,11,2026,864681,68462040201,2,N, , ,N,N,N
00026354,11,2026,864675,68462040467,2,N, , ,N,N,N
00026354,11,2026,259081,68462040560,2,N, , ,N,N,N
00026354,11,2026,197817,68462040601,2,N, , ,Y,N,N
00026354,11,2026,861156,68462040860,2,N, , ,N,N,N
00026354,11,2026,861164,68462040960,2,N, , ,N,N,N
00026354,11,2026,861171,68462041060,2,N, , ,N,N,N
00026354,11,2026,1543069,68462041820,2,Y,240,30,Y,N,N
00026354,11,2026,1989873,68462041929,2,N, , ,N,N,N
00026354,11,2026,349373,68462043630,6,N, , ,N,N,N
00026354,11,2026,349401,68462043730,6,N, , ,N,N,N
00026354,11,2026,857216,68462044626,2,N, , ,N,N,N
00026354,11,2026,857224,68462044718,2,N, , ,N,N,N
00026354,11,2026,858751,68462047301,2,N, , ,N,N,N
00026354,11,2026,858733,68462047401,2,N, , ,N,N,N
00026354,11,2026,358917,68462048627,2,N, , ,N,N,N
00026354,11,2026,313921,68462050165,2,Y,120,30,N,N,N
00026354,11,2026,314266,68462053435,2,Y,100,30,N,N,N
00026354,11,2026,749784,68462056529,2,N, , ,N,N,N
00026354,11,2026,200311,68462058001,2,N, , ,N,N,N
00026354,11,2026,644088,68462058340,2,Y,1,28,Y,N,N
00026354,11,2026,403810,68462058476,2,Y,4,28,Y,N,N
00026354,11,2026,866905,68462062030,2,N, , ,N,N,N
00026354,11,2026,751553,68462063729,2,N, , ,N,N,N
00026354,11,2026,198039,68462063945,2,N, , ,N,N,N
00026354,11,2026,198040,68462064001,2,N, , ,N,N,N
00026354,11,2026,1989507,68462073129,2,N, , ,N,N,N
00026354,11,2026,749788,68462089404,2,Y,336,365,N,N,N
00026354,11,2026,1876920,68546017060,5,Y,60,30,Y,N,N
00026354,11,2026,1876924,68546017160,5,Y,120,30,Y,N,N
00026354,11,2026,1876916,68546017260,5,Y,120,30,Y,N,N
00026354,11,2026,2630157,68546047056,5,Y,210,30,Y,N,N
00026354,11,2026,2630147,68546047156,5,Y,90,30,Y,N,N
00026354,11,2026,2630153,68546047256,5,Y,60,30,Y,N,N
00026354,11,2026,2683285,68546047356,5,Y,30,30,Y,N,N
00026354,11,2026,2683291,68546047456,5,Y,30,30,Y,N,N
00026354,11,2026,2683297,68546047556,5,Y,30,30,Y,N,N
00026354,11,2026,2683303,68546047656,5,Y,30,30,Y,N,N
00026354,11,2026,2686613,68546047729,5,N, , ,Y,N,N
00026354,11,2026,2686156,68546047956,5,Y,60,30,Y,N,N
00026354,11,2026,855657,68682010301,2,N, , ,N,N,N
00026354,11,2026,562806,68682011001,2,Y,100,30,N,N,N
00026354,11,2026,830795,68682037190,2,N, , ,N,N,N
00026354,11,2026,831359,68682037290,2,N, , ,N,N,N
00026354,11,2026,2721205,68727025001,5,Y,20,28,Y,N,N
00026354,11,2026,2265729,68968017203,5,Y,30,30,N,Y,N
00026354,11,2026,2265732,68968017303,5,Y,30,30,N,Y,N
00026354,11,2026,2265735,68968017403,5,Y,30,30,N,Y,N
00026354,11,2026,1495070,69051030001,5,Y,84,28,Y,N,N
00026354,11,2026,199890,69097012503,1,N, , ,N,N,N
00026354,11,2026,2123111,69097014260,2,Y,13.4,30,N,N,N
00026354,11,2026,1437702,69097017353,2,Y,540,30,Y,N,N
00026354,11,2026,904396,69097022316,1,Y,4,28,N,N,N
00026354,11,2026,349477,69097030102,2,N, , ,N,N,N
00026354,11,2026,252559,69097032187,2,Y,120,30,Y,N,N
00026354,11,2026,239238,69097036108,2,N, , ,N,N,N
00026354,11,2026,602393,69097036202,2,N, , ,N,N,N
00026354,11,2026,477560,69097045805,2,N, , ,N,N,N
00026354,11,2026,477562,69097045905,2,N, , ,N,N,N
00026354,11,2026,861668,69097050327,5,Y,8,28,N,Y,N
00026354,11,2026,1437968,69097051607,2,N, , ,Y,Y,N
00026354,11,2026,1437969,69097051707,2,N, , ,Y,Y,N
00026354,11,2026,861568,69097052734,2,Y,30,30,N,Y,N
00026354,11,2026,692576,69097052834,2,Y,30,30,N,Y,N
00026354,11,2026,692578,69097052934,2,Y,60,30,N,Y,N
00026354,11,2026,403875,69097064202,2,N, , ,N,N,N
00026354,11,2026,310430,69097081312,2,Y,360,30,N,N,N
00026354,11,2026,310459,69097082112,1,N, , ,N,N,N
00026354,11,2026,603103,69097085107,2,N, , ,N,N,N
00026354,11,2026,314285,69097086107,2,N, , ,N,N,N
00026354,11,2026,359296,69097086283,2,N, , ,N,N,N
00026354,11,2026,2606516,69097090950,4,N, , ,Y,N,N
00026354,11,2026,250820,69097096453,5,Y,180,30,Y,N,N
00026354,11,2026,311892,69097096507,2,N, , ,N,N,N
00026354,11,2026,749206,69097096793,2,N, , ,N,N,N
00026354,11,2026,2001506,69102015006,1,N, , ,N,N,N
00026354,11,2026,2001508,69102030101,1,N, , ,N,N,N
00026354,11,2026,2003796,69102031901,1,N, , ,N,N,N
00026354,11,2026,2003801,69102032001,1,N, , ,N,N,N
00026354,11,2026,2724466,69102041801,4,N, , ,Y,N,N
00026354,11,2026,904880,69238120202,2,Y,4,28,N,N,N
00026354,11,2026,904870,69238120302,2,Y,4,28,N,N,N
00026354,11,2026,1432969,69238120402,2,Y,4,28,N,N,N
00026354,11,2026,904876,69238120502,2,Y,4,28,N,N,N
00026354,11,2026,312122,69238126601,2,Y,42,180,N,N,N
00026354,11,2026,314182,69238145802,2,N, , ,N,N,N
00026354,11,2026,312515,69238145902,2,N, , ,N,N,N
00026354,11,2026,197417,69238148901,2,N, , ,N,N,N
00026354,11,2026,197418,69238149001,2,N, , ,N,N,N
00026354,11,2026,1542997,69238150502,2,Y,4,28,N,N,N
00026354,11,2026,198250,69238152201,2,N, , ,N,N,N
00026354,11,2026,198252,69238152301,2,N, , ,N,N,N
00026354,11,2026,242446,69238161503,2,N, , ,N,N,N
00026354,11,2026,1373497,69238162603,2,N, , ,Y,N,N
00026354,11,2026,861490,69238173208,2,N, , ,N,N,N
00026354,11,2026,197606,69238199201,2,N, , ,N,N,N
00026354,11,2026,308724,69238208806,5,N, , ,Y,N,N
00026354,11,2026,1744001,69238209203,2,N, , ,N,N,N
00026354,11,2026,1744005,69238209303,5,N, , ,N,N,N
00026354,11,2026,1744009,69238209403,2,N, , ,N,N,N
00026354,11,2026,308962,69292052801,6,N, , ,N,N,N
00026354,11,2026,197979,69292056201,2,N, , ,N,N,N
00026354,11,2026,311671,69292056401,2,N, , ,N,N,N
00026354,11,2026,1243585,69292072225,2,N, , ,N,N,N
00026354,11,2026,310429,69315011610,1,N, , ,N,N,N
00026354,11,2026,313988,69315011710,1,N, , ,N,N,N
00026354,11,2026,885219,69315013601,2,N, , ,N,N,N
00026354,11,2026,885213,69315013701,2,N, , ,N,N,N
00026354,11,2026,885209,69315013810,2,N, , ,N,N,N
00026354,11,2026,646456,69315030660,2,Y,60,30,N,N,N
00026354,11,2026,1790684,69315031228,2,N, , ,N,N,N
00026354,11,2026,197900,69315090405,1,Y,90,30,N,N,N
00026354,11,2026,197901,69315090510,1,Y,90,30,N,N,N
00026354,11,2026,197902,69315090601,1,Y,150,30,N,N,N
00026354,11,2026,1190572,69315091001,2,N, , ,Y,N,N
00026354,11,2026,1099681,69452015020,2,N, , ,N,N,N
00026354,11,2026,308867,69452020720,2,N, , ,N,N,N
00026354,11,2026,308868,69452020820,2,N, , ,N,N,N
00026354,11,2026,903891,69452028820,2,N, , ,N,N,N
00026354,11,2026,205324,69452034313,2,Y,60,30,Y,N,N
00026354,11,2026,2001439,69557011130,3,Y,90,30,Y,N,N
00026354,11,2026,835593,69584042510,2,N, , ,N,N,N
00026354,11,2026,1437713,69639012001,5,N, , ,Y,N,N
00026354,11,2026,861232,70010003401,2,Y,60,30,N,N,N
00026354,11,2026,861007,70010006310,6,Y,150,30,N,N,N
00026354,11,2026,315183,70010014701,2,N, , ,N,N,N
00026354,11,2026,860975,70010049105,6,Y,120,30,N,N,N
00026354,11,2026,197943,70010075401,2,N, , ,N,N,N
00026354,11,2026,197944,70010077001,2,N, , ,N,N,N
00026354,11,2026,860654,70069000801,2,N, , ,N,N,N
00026354,11,2026,1923432,70069005101,2,N, , ,N,N,N
00026354,11,2026,1659929,70069007110,2,N, , ,N,N,N
00026354,11,2026,313415,70069013101,1,N, , ,N,N,N
00026354,11,2026,1000647,70069018101,2,N, , ,N,N,N
00026354,11,2026,1000862,70069019101,2,N, , ,N,N,N
00026354,11,2026,1000897,70069020101,2,N, , ,N,N,N
00026354,11,2026,861200,70069023101,2,N, , ,N,N,N
00026354,11,2026,2702393,70069069601,1,N, , ,N,N,N
00026354,11,2026,2058906,70127010010,5,N, , ,Y,N,N
00026354,11,2026,2049133,70255001002,5,Y,180,30,Y,N,N
00026354,11,2026,2049121,70255002501,5,Y,180,30,Y,N,N
00026354,11,2026,1855072,70301100201,5,Y,60,30,N,N,N
00026354,11,2026,2541513,70370106001,5,Y,30,30,Y,N,N
00026354,11,2026,1986331,70370108001,5,Y,30,30,Y,N,N
00026354,11,2026,1918230,70370204001,5,Y,30,30,Y,N,N
00026354,11,2026,2054269,70370204806,5,N, , ,Y,N,N
00026354,11,2026,2680780,70370404001,5,Y,30,30,Y,N,N
00026354,11,2026,2680782,70370406001,5,Y,30,30,Y,N,N
00026354,11,2026,2680784,70370408001,5,Y,30,30,Y,N,N
00026354,11,2026,998189,70377001022,5,Y,28,28,Y,N,N
00026354,11,2026,845515,70377001122,5,Y,30,30,Y,N,N
00026354,11,2026,1119400,70377001222,5,Y,60,30,Y,N,N
00026354,11,2026,845507,70377001322,5,Y,56,28,Y,N,N
00026354,11,2026,432402,70436000704,2,Y,60,30,N,N,N
00026354,11,2026,432401,70436000804,2,Y,60,30,N,N,N
00026354,11,2026,432400,70436000904,2,Y,120,30,N,N,N
00026354,11,2026,993541,70436001002,2,N, , ,N,N,N
00026354,11,2026,993557,70436001102,2,N, , ,N,N,N
00026354,11,2026,1874553,70436001304,2,Y,30,30,N,N,N
00026354,11,2026,1668238,70436001982,2,N, , ,N,N,N
00026354,11,2026,1607617,70436003604,2,Y,30,30,N,N,N
00026354,11,2026,198116,70436015301,2,N, , ,N,N,N
00026354,11,2026,141963,70436022236,2,N, , ,N,N,N
00026354,11,2026,465355,70436023039,5,N, , ,Y,N,N
00026354,11,2026,1940654,70437024018,5,Y,180,30,Y,N,N
00026354,11,2026,1798999,70505022060,5,N, , ,Y,N,N
00026354,11,2026,1807632,70512084111,2,N, , ,N,N,N
00026354,11,2026,1921081,70539000102,5,Y,1.56,30,Y,N,N
00026354,11,2026,1117522,70594002304,5,N, , ,N,N,N
00026354,11,2026,1866047,70700011385,2,N, , ,N,N,N
00026354,11,2026,1006065,70700011685,2,N, , ,N,N,N
00026354,11,2026,1020155,70700011787,2,Y,91,84,N,N,N
00026354,11,2026,1720616,70700011885,2,N, , ,N,N,N
00026354,11,2026,1369737,70700011985,2,N, , ,N,N,N
00026354,11,2026,1722676,70700012085,2,N, , ,N,N,N
00026354,11,2026,1369770,70700012185,2,N, , ,N,N,N
00026354,11,2026,2644707,70700015691,2,Y,1,28,N,N,N
00026354,11,2026,260243,70700016201,2,N, , ,N,N,N
00026354,11,2026,312641,70700016301,2,N, , ,N,N,N
00026354,11,2026,808917,70700026894,2,N, , ,N,N,N
00026354,11,2026,1607784,70700027030,2,N, , ,Y,N,N
00026354,11,2026,835829,70700028822,2,N, , ,Y,N,N
00026354,11,2026,2706647,70700030384,1,N, , ,N,N,N
00026354,11,2026,2704561,70700030484,2,N, , ,N,N,N
00026354,11,2026,2704562,70700030584,2,N, , ,N,N,N
00026354,11,2026,2703269,70700030785,2,N, , ,N,N,N
00026354,11,2026,2703270,70700030985,2,N, , ,N,N,N
00026354,11,2026,2703554,70700031085,2,N, , ,N,N,N
00026354,11,2026,2714657,70700031379,2,N, , ,N,N,N
00026354,11,2026,2712092,70700031479,2,N, , ,N,N,N
00026354,11,2026,2704560,70700031685,2,N, , ,N,N,N
00026354,11,2026,2716571,70700031784,2,N, , ,N,N,N
00026354,11,2026,2696255,70700032650,2,N, , ,N,N,N
00026354,11,2026,2706646,70700033085,2,N, , ,Y,N,N
00026354,11,2026,197698,70710113803,2,N, , ,N,N,N
00026354,11,2026,197383,70710116701,2,N, , ,N,N,N
00026354,11,2026,197382,70710116801,2,N, , ,N,N,N
00026354,11,2026,1534809,70710119003,2,Y,3,28,N,N,N
00026354,11,2026,856783,70710122501,2,N, , ,N,N,N
00026354,11,2026,1607796,70710127503,2,N, , ,Y,N,N
00026354,11,2026,1607792,70710127703,2,N, , ,Y,N,N
00026354,11,2026,1490026,70710138909,2,Y,180,30,Y,N,N
00026354,11,2026,1490034,70710139009,5,Y,180,30,Y,N,N
00026354,11,2026,1490038,70710139109,5,Y,180,30,Y,N,N
00026354,11,2026,801957,70710207802,4,N, , ,N,N,N
00026354,11,2026,1872458,70720012585,5,Y,84,28,Y,N,N
00026354,11,2026,1992873,70727049725,3,Y,2.5,25,N,N,N
00026354,11,2026,2119706,70727052925,3,Y,2.5,25,N,N,N
00026354,11,2026,2274815,70748024013,5,Y,56,28,Y,N,N
00026354,11,2026,2274813,70748024113,5,Y,56,28,Y,N,N
00026354,11,2026,2044968,70748024213,5,Y,56,28,Y,N,N
00026354,11,2026,2044966,70748024313,5,Y,56,28,Y,N,N
00026354,11,2026,2044970,70748024413,5,Y,56,28,Y,N,N
00026354,11,2026,1376336,70748033202,4,N, , ,N,N,N
00026354,11,2026,1085741,70752012905,2,N, , ,N,N,N
00026354,11,2026,198175,70752017110,2,N, , ,N,N,N
00026354,11,2026,351133,70756021490,2,N, , ,N,N,N
00026354,11,2026,857297,70756040511,2,N, , ,N,N,N
00026354,11,2026,857301,70756040611,2,N, , ,N,N,N
00026354,11,2026,857305,70756040711,2,N, , ,N,N,N
00026354,11,2026,311277,70756080790,2,Y,60,30,N,N,N
00026354,11,2026,863664,70954000520,2,N, , ,N,N,N
00026354,11,2026,313362,70954001410,2,N, , ,N,N,N
00026354,11,2026,313364,70954001510,2,N, , ,N,N,N
00026354,11,2026,313366,70954001610,2,N, , ,N,N,N
00026354,11,2026,313361,70954001710,2,N, , ,N,N,N
00026354,11,2026,312593,70954001910,2,N, , ,N,N,N
00026354,11,2026,312594,70954002010,2,N, , ,N,N,N
00026354,11,2026,198141,70954002110,2,N, , ,N,N,N
00026354,11,2026,197558,70954013510,2,N, , ,N,N,N
00026354,11,2026,197557,70954013610,2,N, , ,N,N,N
00026354,11,2026,307730,70954018810,2,N, , ,N,N,N
00026354,11,2026,905283,70954021110,2,N, , ,N,N,N
00026354,11,2026,905269,70954021210,2,N, , ,N,N,N
00026354,11,2026,197949,70954022810,2,N, , ,N,N,N
00026354,11,2026,308976,70954024010,2,N, , ,N,N,N
00026354,11,2026,312242,70954031910,2,N, , ,Y,N,N
00026354,11,2026,1869684,70954041720,5,Y,180,30,Y,N,N
00026354,11,2026,311727,70954044310,2,N, , ,N,N,N
00026354,11,2026,317128,70954044410,2,N, , ,N,N,N
00026354,11,2026,198181,70954048430,2,N, , ,N,N,N
00026354,11,2026,198332,70954054110,2,N, , ,N,N,N
00026354,11,2026,237178,71321050010,2,N, , ,N,N,N
00026354,11,2026,346574,71321050110,2,N, , ,N,N,N
00026354,11,2026,2623654,71332000501,5,Y,60,30,Y,N,N
00026354,11,2026,2394947,71332000660,5,Y,120,30,Y,N,N
00026354,11,2026,2059189,71558059028,5,Y,235.2,28,Y,N,N
00026354,11,2026,2055286,71571012128,3,Y,5.6,14,N,N,N
00026354,11,2026,2464843,71571033383,3,Y,8.3,14,N,N,N
00026354,11,2026,2283527,71699002530,5,Y,30,30,N,N,N
00026354,11,2026,2265701,71699005030,5,Y,30,30,N,N,N
00026354,11,2026,2283505,71699010030,5,Y,30,30,N,N,N
00026354,11,2026,2283518,71699010356,5,Y,56,28,N,N,N
00026354,11,2026,2540432,71699010456,5,Y,56,28,N,N,N
00026354,11,2026,2283509,71699015030,5,Y,60,30,N,N,N
00026354,11,2026,2283513,71699020030,5,Y,60,30,N,N,N
00026354,11,2026,2283538,71699020128,4,N, , ,N,N,N
00026354,11,2026,2283536,71699020228,5,N, , ,N,N,N
00026354,11,2026,2283540,71699020328,5,N, , ,N,N,N
00026354,11,2026,861004,71717010611,6,Y,75,30,N,N,N
00026354,11,2026,2714922,71779062301,5,Y,66,28,Y,N,N
00026354,11,2026,905390,71863011460,5,N, , ,Y,N,N
00026354,11,2026,2636548,71881040012,5,Y,12,30,Y,N,N
00026354,11,2026,1091341,71930002452,2,Y,900,30,N,N,N
00026354,11,2026,2607531,72060011040,5,Y,30,30,N,Y,N
00026354,11,2026,2607535,72060012140,5,Y,30,30,N,Y,N
00026354,11,2026,2275613,72060014240,5,Y,30,30,N,Y,N
00026354,11,2026,2272118,72064011030,5,Y,30,30,Y,N,N
00026354,11,2026,2272122,72064012030,5,Y,30,30,Y,N,N
00026354,11,2026,2559725,72064012530,5,Y,30,30,Y,N,N
00026354,11,2026,2272126,72064013030,5,Y,30,30,Y,N,N
00026354,11,2026,2559729,72064015030,5,Y,30,30,Y,N,N
00026354,11,2026,2199304,72065012012,3,N, , ,N,N,N
00026354,11,2026,2199308,72065012112,3,N, , ,N,N,N
00026354,11,2026,2199316,72065013111,3,N, , ,N,N,N
00026354,11,2026,2587361,72065014011,3,N, , ,N,N,N
00026354,11,2026,2628484,72187010103,5,Y,90,30,Y,N,N
00026354,11,2026,2628489,72187010203,5,Y,30,30,Y,N,N
00026354,11,2026,859751,72205000490,6,N, , ,N,N,N
00026354,11,2026,313472,72205000891,5,Y,240,30,Y,N,N
00026354,11,2026,483442,72205001190,2,Y,90,30,N,N,N
00026354,11,2026,483448,72205001290,2,Y,90,30,N,N,N
00026354,11,2026,483450,72205001390,2,Y,90,30,N,N,N
00026354,11,2026,483440,72205001590,2,Y,90,30,N,N,N
00026354,11,2026,483446,72205001690,2,Y,90,30,N,N,N
00026354,11,2026,577127,72205001790,2,Y,60,30,N,N,N
00026354,11,2026,483444,72205001890,2,Y,60,30,N,N,N
00026354,11,2026,859424,72205002790,6,N, , ,N,N,N
00026354,11,2026,834241,72205002930,2,Y,30,30,N,N,N
00026354,11,2026,1100075,72205003092,5,Y,120,30,Y,N,N
00026354,11,2026,310003,72205003960,2,N, , ,N,N,N
00026354,11,2026,310004,72205004060,2,N, , ,N,N,N
00026354,11,2026,310005,72205004160,2,N, , ,N,N,N
00026354,11,2026,728113,72205004311,2,Y,48,180,N,N,N
00026354,11,2026,199672,72205005108,2,N, , ,N,N,N
00026354,11,2026,1790122,72205007179,5,Y,720,30,N,Y,N
00026354,11,2026,1299911,72205008430,2,N, , ,N,N,N
00026354,11,2026,1299917,72205008530,2,N, , ,N,N,N
00026354,11,2026,2001319,72205020132,2,Y,28,28,N,N,N
00026354,11,2026,1086778,72205026130,2,Y,30,30,N,N,N
00026354,11,2026,1086784,72205026230,2,Y,30,30,N,N,N
00026354,11,2026,1656340,72205028060,2,Y,60,30,N,N,N
00026354,11,2026,1656349,72205028160,2,Y,60,30,N,N,N
00026354,11,2026,2382990,72237010103,5,Y,24,28,Y,N,N
00026354,11,2026,2178407,72237010104,5,Y,32,28,Y,N,N
00026354,11,2026,2548766,72237010202,5,Y,8,28,Y,N,N
00026354,11,2026,2548767,72237010206,5,Y,8,28,Y,N,N
00026354,11,2026,2548742,72237010305,5,Y,8,28,Y,N,N
00026354,11,2026,2548736,72237010401,5,Y,4,28,Y,N,N
00026354,11,2026,2730156,72237010501,5,Y,8,28,Y,N,N
00026354,11,2026,2708339,72237010601,5,Y,16,28,Y,N,N
00026354,11,2026,310385,72241000811,1,N, , ,N,N,N
00026354,11,2026,313989,72241000910,1,N, , ,N,N,N
00026354,11,2026,2272630,72252050505,5,Y,10,30,N,N,N
00026354,11,2026,2272622,72252051005,5,Y,10,30,N,N,N
00026354,11,2026,2272636,72252051510,5,Y,10,30,N,N,N
00026354,11,2026,2272624,72252052010,5,Y,10,30,N,N,N
00026354,11,2026,2703582,72336009530,6,Y,90,30,N,N,N
00026354,11,2026,2282414,72426011803,3,Y,30,30,N,Y,N
00026354,11,2026,2283236,72426081803,3,Y,30,30,N,Y,N
00026354,11,2026,2595254,72482010012,5,Y,120,30,Y,N,N
00026354,11,2026,1312625,72485063005,2,Y,10,14,N,N,N
00026354,11,2026,311381,72485065305,2,N, , ,N,Y,N
00026354,11,2026,1665906,72511050101,3,Y,6,28,N,Y,N
00026354,11,2026,1665900,72511076002,3,Y,6,28,N,Y,N
00026354,11,2026,2699353,72526010511,5,Y,0.25,21,N,N,N
00026354,11,2026,2699354,72526010611,5,Y,0.5,21,N,N,N
00026354,11,2026,2699350,72526010711,5,Y,0.75,21,N,N,N
00026354,11,2026,2699351,72526010811,5,Y,1,21,N,N,N
00026354,11,2026,2699352,72526010911,5,Y,1.5,21,N,N,N
00026354,11,2026,2699348,72526011011,5,Y,2.25,21,N,N,N
00026354,11,2026,2694294,72542012401,5,Y,90,30,Y,N,N
00026354,11,2026,2694298,72542014701,5,Y,90,30,Y,N,N
00026354,11,2026,2694302,72542016201,5,Y,90,30,Y,N,N
00026354,11,2026,2694306,72542019301,5,Y,90,30,Y,N,N
00026354,11,2026,197310,72578000201,1,N, , ,N,N,N
00026354,11,2026,197405,72578009306,2,N, , ,N,N,N
00026354,11,2026,2719223,72579012201,5,Y,60,30,Y,N,N
00026354,11,2026,2639659,72606002206,5,N, , ,Y,N,N
00026354,11,2026,2639651,72606002210,5,N, , ,Y,N,N
00026354,11,2026,2668488,72606002304,5,N, , ,Y,N,N
00026354,11,2026,2668490,72606002307,5,N, , ,Y,N,N
00026354,11,2026,2668484,72606002401,5,N, , ,Y,N,N
00026354,11,2026,2639662,72606003006,5,N, , ,Y,N,N
00026354,11,2026,2639657,72606003009,5,N, , ,Y,N,N
00026354,11,2026,2717862,72606003701,3,Y,1,180,N,N,N
00026354,11,2026,2717873,72606003801,5,N, , ,Y,N,N
00026354,11,2026,2668487,72606004004,5,N, , ,Y,N,N
00026354,11,2026,2668489,72606004006,5,N, , ,Y,N,N
00026354,11,2026,2668483,72606004101,5,N, , ,Y,N,N
00026354,11,2026,2274390,72607010000,5,Y,240,30,Y,N,N
00026354,11,2026,2282320,72618300002,3,Y,18,30,Y,N,N
00026354,11,2026,2049884,72694061760,5,Y,60,30,Y,N,N
00026354,11,2026,2690663,72694072840,5,N, , ,Y,N,N
00026354,11,2026,2690659,72694087910,5,N, , ,Y,N,N
00026354,11,2026,403888,72865019505,2,N, , ,N,N,N
00026354,11,2026,412174,72887014306,5,N, , ,N,N,N
00026354,11,2026,2376942,72887014406,5,N, , ,N,N,N
00026354,11,2026,834348,72888006130,2,N, , ,N,N,N
00026354,11,2026,309140,72888011801,2,N, , ,N,N,N
00026354,11,2026,756059,72888017246,2,N, , ,N,N,N
00026354,11,2026,2693253,72888020101,2,N, , ,N,N,N
00026354,11,2026,199998,72888020766,2,N, , ,N,N,N
00026354,11,2026,2472789,72974012001,5,N, , ,Y,N,N
00026354,11,2026,2058520,73116021556,5,Y,56,28,Y,N,N
00026354,11,2026,2058525,73116022556,5,Y,56,28,Y,N,N
00026354,11,2026,198286,73152002901,2,N, , ,N,N,N
00026354,11,2026,198285,73152003101,2,N, , ,N,N,N
00026354,11,2026,2369403,73207010130,5,Y,90,30,Y,N,N
00026354,11,2026,2705412,73207030240,5,Y,8,28,Y,N,N
00026354,11,2026,2705416,73207030340,5,Y,8,28,Y,N,N
00026354,11,2026,2705420,73207030440,5,Y,8,28,Y,N,N
00026354,11,2026,245248,73308043530,2,N, , ,N,N,N
00026354,11,2026,2678310,73352083015,2,Y,90,30,Y,N,N
00026354,11,2026,2587070,73536050001,5,Y,2,28,Y,N,N
00026354,11,2026,2698345,73555050000,5,Y,240,30,Y,N,N
00026354,11,2026,2698337,73555050100,5,Y,120,30,Y,N,N
00026354,11,2026,2698341,73555050200,5,Y,60,30,Y,N,N
00026354,11,2026,2572111,73556016801,5,Y,180,30,Y,N,N
00026354,11,2026,1595462,73562011001,3,N, , ,N,N,N
00026354,11,2026,1595473,73562011101,3,N, , ,N,N,N
00026354,11,2026,1595478,73562011201,3,N, , ,N,N,N
00026354,11,2026,1595292,73562011301,3,N, , ,N,N,N
00026354,11,2026,1995479,73562011401,3,N, , ,N,N,N
00026354,11,2026,1595457,73562011501,3,N, , ,N,N,N
00026354,11,2026,1594673,73562011601,3,N, , ,N,N,N
00026354,11,2026,2669472,73562011701,3,N, , ,N,N,N
00026354,11,2026,763457,73604091404,5,N, , ,Y,N,N
00026354,11,2026,2600886,73625011111,5,Y,30,30,Y,N,N
00026354,11,2026,2600890,73625011211,5,Y,30,30,Y,N,N
00026354,11,2026,2600878,73625011311,5,Y,30,30,Y,N,N
00026354,11,2026,2600882,73625011411,5,Y,30,30,Y,N,N
00026354,11,2026,905059,74676590201,4,N, , ,Y,N,N
00026354,11,2026,905064,74676590401,4,N, , ,Y,N,N
00026354,11,2026,905057,74676590601,4,N, , ,Y,N,N
00026354,11,2026,199167,75826013910,2,N, , ,Y,N,N
00026354,11,2026,199168,75826014110,2,N, , ,Y,N,N
00026354,11,2026,197500,75834011001,2,N, , ,N,N,N
00026354,11,2026,897640,75834015801,2,N, , ,N,N,N
00026354,11,2026,835956,75907000530,2,N, , ,N,N,N
00026354,11,2026,1359027,75907008162,2,N, , ,N,N,N
00026354,11,2026,1358775,75907008262,2,N, , ,N,N,N
00026354,11,2026,1359032,75907008363,2,N, , ,N,N,N
00026354,11,2026,1359020,75907008463,2,N, , ,N,N,N
00026354,11,2026,1359134,75907008632,2,N, , ,N,N,N
00026354,11,2026,748859,75907008762,2,N, , ,N,N,N
00026354,11,2026,831872,75907009162,2,N, , ,N,N,N
00026354,11,2026,197980,75907016601,5,N, , ,Y,N,N
00026354,11,2026,751970,75987011111,5,N, , ,Y,N,N
00026354,11,2026,2679504,76045011410,2,N, , ,N,N,N
00026354,11,2026,351137,76204001055,2,N, , ,Y,N,N
00026354,11,2026,351136,76204001155,2,N, , ,Y,N,N
00026354,11,2026,630208,76204020025,2,N, , ,Y,N,N
00026354,11,2026,1191250,76329336901,2,N, , ,N,N,N
00026354,11,2026,207373,76336008060,5,N, , ,N,N,N
00026354,11,2026,1922763,76385012701,2,N, , ,N,N,N
00026354,11,2026,1111011,78206014501,3,N, , ,N,N,N
00026354,11,2026,2640305,78206018301,5,N, , ,Y,N,N
00026354,11,2026,2640300,78206018401,5,N, , ,Y,N,N
00026354,11,2026,2640428,78206018601,5,N, , ,Y,N,N
00026354,11,2026,2640432,78206018701,5,N, , ,Y,N,N
00026354,11,2026,2673205,78670015001,5,Y,240,30,Y,N,N
00026354,11,2026,2564037,79802020030,5,N, , ,Y,N,N
00026354,11,2026,197894,80005011402,2,N, , ,N,N,N
00026354,11,2026,197896,80005011502,5,N, , ,N,N,N
00026354,11,2026,197895,80005011602,5,N, , ,N,N,N
00026354,11,2026,205646,80725014318,5,N, , ,N,N,N
00026354,11,2026,105553,80725061025,5,N, , ,N,N,N
00026354,11,2026,105590,80725063025,5,N, , ,N,N,N
00026354,11,2026,2625923,80739081218,5,Y,180,30,Y,N,N
00026354,11,2026,2685012,80777034563,3,N, , ,N,N,N
00026354,11,2026,2669513,81520010030,4,N, , ,Y,N,N
00026354,11,2026,2669515,81520020030,4,N, , ,Y,N,N
00026354,11,2026,2604700,81583010001,5,Y,1080,30,Y,N,N
00026354,11,2026,311192,81665010210,2,N, , ,N,N,N
00026354,11,2026,311197,81665010310,2,N, , ,N,N,N
00026354,11,2026,311166,81665010710,1,N, , ,N,N,N
00026354,11,2026,197832,81665010810,1,N, , ,N,N,N
00026354,11,2026,2665224,81864010130,5,Y,30,30,Y,N,N
00026354,11,2026,2665220,81864010230,5,Y,30,30,Y,N,N
00026354,11,2026,2665216,81864010330,5,Y,30,30,Y,N,N
00026354,11,2026,2699837,81927020101,5,Y,280,28,Y,N,N
00026354,11,2026,2671462,81927020401,4,N, , ,Y,Y,N
00026354,11,2026,2644512,81942012501,5,Y,10,42,Y,N,N
00026354,11,2026,1361574,81952011606,2,N, , ,N,N,N
00026354,11,2026,2611266,81968004530,5,N, , ,N,Y,N
00026354,11,2026,197361,82009002710,1,N, , ,N,N,N
00026354,11,2026,352297,82154044901,5,N, , ,Y,N,N
00026354,11,2026,731328,82154045104,5,N, , ,Y,N,N
00026354,11,2026,1862595,82154078301,5,Y,120,30,Y,N,N
00026354,11,2026,1921589,82154078401,5,Y,120,30,Y,N,N
00026354,11,2026,1862590,82154078501,5,Y,120,30,Y,N,N
00026354,11,2026,2698324,82228071228,5,Y,112,28,Y,N,N
00026354,11,2026,2702601,82249001112,2,Y,120,30,Y,N,N
00026354,11,2026,311382,82260029905,2,Y,15,19,N,N,N
00026354,11,2026,545255,82260035805,2,N, , ,N,N,N
00026354,11,2026,993470,82293000410,2,N, , ,N,N,N
00026354,11,2026,993462,82293000510,2,N, , ,N,N,N
00026354,11,2026,2680364,82448010014,5,Y,60,30,Y,N,N
00026354,11,2026,2705623,82448013042,5,Y,224,28,Y,N,N
00026354,11,2026,2705635,82448013484,5,Y,224,28,Y,N,N
00026354,11,2026,2680370,82448015014,5,Y,60,30,Y,N,N
00026354,11,2026,2705628,82448026084,5,Y,112,28,Y,N,N
00026354,11,2026,2677909,82576006030,5,N, , ,Y,N,N
00026354,11,2026,2677913,82576008030,5,N, , ,Y,N,N
00026354,11,2026,2677905,82576010030,5,N, , ,Y,N,N
00026354,11,2026,1551923,82625880101,3,Y,30,30,N,N,N
00026354,11,2026,1601373,82625880201,3,Y,30,30,N,N,N
00026354,11,2026,207100,82667001205,4,N, , ,N,N,N
00026354,11,2026,1365866,82667040003,3,N, , ,N,N,N
00026354,11,2026,2690858,82950000116,5,Y,24,28,Y,N,N
00026354,11,2026,2690860,82950000120,5,Y,24,28,Y,N,N
00026354,11,2026,2690862,82950000124,5,Y,24,28,Y,N,N
00026354,11,2026,2682445,82950001201,5,Y,96,28,Y,N,N
00026354,11,2026,2712644,83076102503,5,Y,270,30,Y,N,N
00026354,11,2026,2712640,83076110006,5,Y,60,30,Y,N,N
00026354,11,2026,2563976,83257001411,3,Y,40,28,N,N,N
00026354,11,2026,2563971,83257001532,3,Y,30,28,N,N,N
00026354,11,2026,2705597,83257002341,3,N, , ,Y,N,N
00026354,11,2026,2705603,83257002411,3,N, , ,Y,N,N
00026354,11,2026,2705600,83257002541,5,N, , ,Y,N,N
00026354,11,2026,310027,83634011120,2,N, , ,N,N,N
00026354,11,2026,2709448,83831013401,4,N, , ,Y,N,N
00026354,11,2026,2716931,84651020030,5,Y,90,30,Y,N,N
00026356,11,2026,1551300,00002143380,3,Y,2,28,Y,N,N
00026356,11,2026,1551306,00002143480,3,Y,2,28,Y,N,N
00026356,11,2026,2058877,00002143611,3,Y,2,30,Y,N,N
00026356,11,2026,2601758,00002145780,3,Y,2,28,Y,N,N
00026356,11,2026,2601776,00002146080,3,Y,2,28,Y,N,N
00026356,11,2026,2601770,00002147180,3,Y,2,28,Y,N,N
00026356,11,2026,2601785,00002148480,3,Y,2,28,Y,N,N
00026356,11,2026,2601746,00002149580,3,Y,2,28,Y,N,N
00026356,11,2026,2601764,00002150680,3,Y,2,28,Y,N,N
00026356,11,2026,2725923,00002171756,5,Y,60,30,Y,N,N
00026356,11,2026,2395779,00002223680,3,Y,2,28,Y,N,N
00026356,11,2026,2058887,00002237711,3,Y,2,30,Y,N,N
00026356,11,2026,2170613,00002311509,3,Y,3,30,Y,N,N
00026356,11,2026,2395785,00002318280,3,Y,2,28,Y,N,N
00026356,11,2026,1946836,00002448354,5,Y,56,28,Y,N,N
00026356,11,2026,1946840,00002481554,5,Y,56,28,Y,N,N
00026356,11,2026,1946844,00002533754,5,Y,56,28,Y,N,N
00026356,11,2026,2679814,00002534060,5,Y,90,30,Y,N,N
00026356,11,2026,2679812,00002556260,5,Y,60,30,Y,N,N
00026356,11,2026,2679816,00002608260,5,Y,60,30,Y,N,N
00026356,11,2026,2679808,00002612060,5,Y,60,30,Y,N,N
00026356,11,2026,1946848,00002621654,5,Y,56,28,Y,N,N
00026356,11,2026,2629353,00002690230,5,Y,90,30,Y,N,N
00026356,11,2026,2629349,00002702660,5,Y,60,30,Y,N,N
00026356,11,2026,242120,00002773701,3,Y,40,28,N,N,N
00026356,11,2026,351859,00002850101,3,Y,40,28,N,N,N
00026356,11,2026,1731317,00002882427,3,Y,24,28,N,N,N
00026356,11,2026,2694850,00003005060,5,Y,60,30,N,Y,N
00026356,11,2026,2694855,00003012560,5,Y,60,30,N,Y,N
00026356,11,2026,1364441,00003089321,3,Y,60,30,N,N,Y
00026356,11,2026,1364447,00003089421,3,Y,74,30,N,N,Y
00026356,11,2026,2694991,00003110060,5,Y,60,30,N,Y,N
00026356,11,2026,1145932,00003218811,5,N, , ,Y,N,N
00026356,11,2026,1799230,00003218851,5,N, , ,Y,N,N
00026356,11,2026,1925255,00003281411,5,N, , ,Y,N,N
00026356,11,2026,1925257,00003281811,5,N, , ,Y,N,N
00026356,11,2026,1598989,00003363810,5,N, , ,N,N,N
00026356,11,2026,1601660,00003364111,5,N, , ,N,N,N
00026356,11,2026,1992428,00003376474,3,N, , ,N,N,Y
00026356,11,2026,2670655,00003404060,5,Y,240,30,Y,N,N
00026356,11,2026,2696878,00003416060,5,Y,60,30,Y,N,N
00026356,11,2026,2694993,00003520056,5,N, , ,N,Y,N
00026356,11,2026,1593140,00005010005,3,N, , ,N,N,N
00026356,11,2026,1547575,00006000530,3,Y,30,30,N,N,N
00026356,11,2026,1547110,00006003330,3,Y,30,30,N,N,N
00026356,11,2026,1243848,00006007861,3,Y,60,30,N,N,N
00026356,11,2026,1243843,00006008061,3,Y,60,30,N,N,N
00026356,11,2026,1243833,00006008131,3,Y,30,30,N,N,N
00026356,11,2026,665044,00006011231,3,Y,30,30,N,N,Y
00026356,11,2026,665040,00006022131,3,Y,30,30,N,N,Y
00026356,11,2026,744846,00006022761,5,N, , ,N,N,N
00026356,11,2026,665036,00006027731,3,Y,30,30,N,N,Y
00026356,11,2026,1547114,00006032530,3,Y,30,30,N,N,N
00026356,11,2026,1547118,00006033530,3,Y,30,30,N,N,N
00026356,11,2026,1235595,00006047361,3,N, , ,N,N,N
00026356,11,2026,1235591,00006047761,5,N, , ,N,N,N
00026356,11,2026,668606,00006056840,5,N, , ,N,N,N
00026356,11,2026,861821,00006057561,3,Y,60,30,N,N,N
00026356,11,2026,861771,00006057761,3,Y,60,30,N,N,N
00026356,11,2026,2055766,00006306901,5,N, , ,N,N,N
00026356,11,2026,1988671,00006307502,5,Y,28,28,Y,N,N
00026356,11,2026,1988675,00006307602,5,Y,28,28,Y,N,N
00026356,11,2026,1924315,00006308001,5,N, , ,N,N,N
00026356,11,2026,1486841,00006360361,5,N, , ,N,N,N
00026356,11,2026,798300,00006404741,3,N, , ,N,N,N
00026356,11,2026,830253,00006409302,3,N, , ,Y,N,N
00026356,11,2026,830245,00006409402,3,N, , ,Y,N,N
00026356,11,2026,836636,00006409502,3,N, , ,N,N,N
00026356,11,2026,836634,00006409602,3,N, , ,N,N,N
00026356,11,2026,1597099,00006411903,3,N, , ,N,N,N
00026356,11,2026,1597103,00006412102,3,N, , ,N,N,N
00026356,11,2026,1292443,00006417100,3,N, , ,N,N,N
00026356,11,2026,804186,00006468100,3,N, , ,N,N,N
00026356,11,2026,1292459,00006482700,3,N, , ,N,N,N
00026356,11,2026,1658106,00006483141,3,N, , ,N,N,N
00026356,11,2026,1658102,00006484141,3,N, , ,N,N,N
00026356,11,2026,798451,00006489700,3,N, , ,N,N,N
00026356,11,2026,1658155,00006498101,3,N, , ,Y,N,N
00026356,11,2026,830263,00006499200,3,N, , ,Y,N,N
00026356,11,2026,1658150,00006499541,3,N, , ,Y,N,N
00026356,11,2026,2055815,00006500701,5,N, , ,N,N,N
00026356,11,2026,2475856,00006502802,4,Y,30,30,Y,N,N
00026356,11,2026,2475860,00006502902,4,Y,30,30,Y,N,N
00026356,11,2026,2475852,00006503001,4,Y,30,30,Y,N,N
00026356,11,2026,2678949,00006508701,5,Y,1,21,Y,N,N
00026356,11,2026,2678951,00006508801,5,Y,1,21,Y,N,N
00026356,11,2026,2678943,00006509001,5,Y,1,21,Y,N,N
00026356,11,2026,2678947,00006509101,5,Y,1,21,Y,N,N
00026356,11,2026,2567237,00006533101,5,Y,90,30,Y,N,N
00026356,11,2026,1000158,00009470913,3,Y,0.65,84,N,N,N
00026356,11,2026,1797888,00009540101,4,Y,240,180,N,N,N
00026356,11,2026,404457,00009716601,5,N, , ,Y,N,N
00026356,11,2026,404458,00009716801,5,N, , ,Y,N,N
00026356,11,2026,404459,00009718801,5,N, , ,Y,N,N
00026356,11,2026,1549456,00009719901,5,N, , ,Y,N,N
00026356,11,2026,1549454,00009720001,5,N, , ,Y,N,N
00026356,11,2026,1009341,00023320503,3,Y,2.5,25,N,N,N
00026356,11,2026,1605257,00023585801,3,N, , ,N,N,N
00026356,11,2026,2268231,00023649810,3,Y,16,30,Y,N,N
00026356,11,2026,2268227,00023650110,3,Y,16,30,Y,N,N
00026356,11,2026,904170,00024159601,4,N, , ,N,N,N
00026356,11,2026,854859,00024414260,3,N, , ,N,N,N
00026356,11,2026,1859000,00024576105,3,Y,30,30,N,N,N
00026356,11,2026,1604544,00024586903,3,Y,13.5,28,N,N,N
00026356,11,2026,2002420,00024587102,3,Y,18,28,N,N,N
00026356,11,2026,1876406,00024591401,5,N, , ,Y,N,N
00026356,11,2026,2375329,00024591502,5,N, , ,Y,N,N
00026356,11,2026,2099302,00024591801,5,N, , ,Y,N,N
00026356,11,2026,2559707,00024591902,5,N, , ,Y,N,N
00026356,11,2026,863836,00032004670,3,N, , ,N,N,N
00026356,11,2026,863841,00032004770,3,N, , ,N,N,N
00026356,11,2026,1113046,00032120370,3,N, , ,N,N,N
00026356,11,2026,863829,00032122401,3,N, , ,N,N,N
00026356,11,2026,1373327,00032301613,3,N, , ,N,N,N
00026356,11,2026,688242,00046087221,3,N, , ,N,N,N
00026356,11,2026,1000491,00046110511,3,N, , ,Y,N,N
00026356,11,2026,1000497,00046110611,3,N, , ,Y,N,N
00026356,11,2026,1000499,00046110711,3,N, , ,Y,N,N
00026356,11,2026,1000500,00046110811,3,N, , ,Y,N,N
00026356,11,2026,1000487,00046257512,3,N, , ,Y,N,N
00026356,11,2026,1653579,00052060302,3,N, , ,N,N,N
00026356,11,2026,198148,00054001925,1,N, , ,Y,N,N
00026356,11,2026,885857,00054007928,2,N, , ,N,N,N
00026356,11,2026,860901,00054013749,2,Y,200,30,N,N,N
00026356,11,2026,199149,00054014125,2,N, , ,N,N,N
00026356,11,2026,199150,00054014225,2,N, , ,N,N,N
00026356,11,2026,351264,00054017613,2,N, , ,N,N,N
00026356,11,2026,351265,00054017713,2,N, , ,N,N,N
00026356,11,2026,351266,00054018813,2,N, , ,N,N,N
00026356,11,2026,351267,00054018913,2,N, , ,N,N,N
00026356,11,2026,894780,00054023863,2,Y,300,30,N,N,N
00026356,11,2026,310792,00054025422,6,N, , ,N,N,N
00026356,11,2026,310793,00054025522,6,N, , ,N,N,N
00026356,11,2026,904447,00054028259,4,Y,300,28,N,N,N
00026356,11,2026,896228,00054032856,2,Y,60,30,N,N,N
00026356,11,2026,1874559,00054040013,2,Y,30,30,N,N,N
00026356,11,2026,824295,00054042523,2,N, , ,N,Y,N
00026356,11,2026,824301,00054042623,5,N, , ,N,Y,N
00026356,11,2026,977427,00054047021,2,N, , ,Y,N,N
00026356,11,2026,977434,00054047121,5,N, , ,Y,N,N
00026356,11,2026,977438,00054047221,5,N, , ,Y,N,N
00026356,11,2026,1304979,00054050823,2,Y,120,30,N,N,N
00026356,11,2026,1092357,00054052863,5,N, , ,N,Y,N
00026356,11,2026,2056895,00054060421,5,N, , ,Y,N,N
00026356,11,2026,1044427,00054084363,2,Y,2700,30,N,N,N
00026356,11,2026,1536484,00054087949,5,N, , ,N,N,N
00026356,11,2026,197893,00054253125,1,N, , ,N,N,N
00026356,11,2026,309686,00054317763,2,N, , ,N,N,N
00026356,11,2026,309844,00054318544,2,Y,1200,30,N,N,N
00026356,11,2026,309843,00054318863,2,Y,1200,30,N,N,N
00026356,11,2026,197730,00054329446,2,N, , ,N,N,N
00026356,11,2026,197731,00054329863,2,N, , ,N,N,N
00026356,11,2026,1010739,00054350049,2,N, , ,N,N,N
00026356,11,2026,311376,00054353244,2,Y,150,30,N,N,N
00026356,11,2026,315187,00054372250,2,N, , ,Y,N,N
00026356,11,2026,197577,00054417925,2,N, , ,N,N,N
00026356,11,2026,343033,00054418025,2,N, , ,N,N,N
00026356,11,2026,197579,00054418125,2,N, , ,N,N,N
00026356,11,2026,197580,00054418225,2,N, , ,N,N,N
00026356,11,2026,197581,00054418325,2,N, , ,N,N,N
00026356,11,2026,197582,00054418425,2,N, , ,N,N,N
00026356,11,2026,197583,00054418625,2,N, , ,N,N,N
00026356,11,2026,197863,00054449613,2,N, , ,N,N,N
00026356,11,2026,197860,00054449710,2,N, , ,N,N,N
00026356,11,2026,197861,00054449810,2,N, , ,N,N,N
00026356,11,2026,197862,00054449911,2,N, , ,N,N,N
00026356,11,2026,197890,00054452725,1,N, , ,N,N,N
00026356,11,2026,197931,00054458111,2,N, , ,N,N,N
00026356,11,2026,312617,00054472831,1,N, , ,Y,N,N
00026356,11,2026,198144,00054474125,1,N, , ,Y,N,N
00026356,11,2026,198146,00054474225,1,N, , ,Y,N,N
00026356,11,2026,349482,00054962857,5,Y,540,30,Y,N,N
00026356,11,2026,1421456,00065414727,3,N, , ,N,N,N
00026356,11,2026,1307630,00069013501,5,Y,180,30,Y,N,N
00026356,11,2026,1307635,00069013601,5,Y,30,30,Y,N,N
00026356,11,2026,1243010,00069014501,5,Y,180,30,Y,N,N
00026356,11,2026,1243014,00069015111,5,Y,120,30,Y,N,N
00026356,11,2026,1601394,00069018721,5,Y,21,28,Y,N,N
00026356,11,2026,1601386,00069018821,5,Y,21,28,Y,N,N
00026356,11,2026,1601390,00069018921,5,Y,21,28,Y,N,N
00026356,11,2026,1987734,00069019301,5,Y,30,30,Y,N,N
00026356,11,2026,2058922,00069019730,5,Y,30,30,Y,N,N
00026356,11,2026,2103175,00069022701,5,Y,90,30,Y,N,N
00026356,11,2026,2103179,00069023101,5,Y,30,30,Y,N,N
00026356,11,2026,2670174,00069025160,5,Y,240,30,Y,N,N
00026356,11,2026,2639962,00069025230,5,Y,30,30,Y,N,N
00026356,11,2026,2284108,00069028403,5,Y,21,28,Y,N,N
00026356,11,2026,2057205,00069029101,5,N, , ,Y,N,N
00026356,11,2026,2057216,00069029201,5,N, , ,Y,N,N
00026356,11,2026,2057212,00069029310,5,N, , ,Y,N,N
00026356,11,2026,2057219,00069029410,5,N, , ,Y,N,N
00026356,11,2026,2583647,00069029702,3,N, , ,N,N,N
00026356,11,2026,2105860,00069029860,5,Y,60,30,Y,N,N
00026356,11,2026,2469340,00069032401,5,N, , ,Y,N,N
00026356,11,2026,2099952,00069035330,5,Y,30,30,Y,N,N
00026356,11,2026,2583650,00069041102,3,N, , ,N,N,N
00026356,11,2026,2639966,00069045430,5,Y,30,30,Y,N,N
00026356,11,2026,2284104,00069048603,5,Y,21,28,Y,N,N
00026356,11,2026,1741049,00069050130,5,N, , ,Y,N,N
00026356,11,2026,2273115,00069050230,5,N, , ,Y,N,N
00026356,11,2026,2672328,00069050430,5,Y,30,30,Y,N,N
00026356,11,2026,2670178,00069050760,5,Y,120,30,Y,N,N
00026356,11,2026,2591512,00069054630,5,Y,30,30,Y,N,N
00026356,11,2026,2670566,00069060001,3,N, , ,N,N,N
00026356,11,2026,2591521,00069065530,5,Y,30,30,Y,N,N
00026356,11,2026,2284106,00069068803,5,Y,21,28,Y,N,N
00026356,11,2026,2099956,00069075730,5,Y,30,30,Y,N,N
00026356,11,2026,1357547,00069100101,5,N, , ,Y,N,N
00026356,11,2026,2048568,00069100201,5,N, , ,Y,N,N
00026356,11,2026,2672326,00069101415,5,Y,180,30,Y,N,N
00026356,11,2026,2478437,00069102902,5,N, , ,Y,N,N
00026356,11,2026,2058926,00069119830,5,Y,30,30,Y,N,N
00026356,11,2026,2047602,00069130510,3,Y,12,28,Y,N,N
00026356,11,2026,2047608,00069130610,3,Y,12,28,Y,N,N
00026356,11,2026,2047614,00069130710,3,Y,12,28,Y,N,N
00026356,11,2026,2047596,00069130810,3,Y,12,28,Y,N,N
00026356,11,2026,2047623,00069130904,3,Y,4,28,Y,N,N
00026356,11,2026,2463737,00069131110,3,Y,12,28,Y,N,N
00026356,11,2026,2463733,00069131810,3,Y,12,28,Y,N,N
00026356,11,2026,2670170,00069150060,5,Y,180,30,Y,N,N
00026356,11,2026,2105856,00069153130,5,Y,30,30,Y,N,N
00026356,11,2026,2058932,00069229930,5,Y,30,30,Y,N,N
00026356,11,2026,2642148,00069246519,3,N, , ,N,N,N
00026356,11,2026,2587899,00069504530,2,Y,30,5,N,N,N
00026356,11,2026,2599543,00069543420,2,Y,20,5,N,N,N
00026356,11,2026,2704987,00069545011,2,Y,11,28,N,N,N
00026356,11,2026,1148506,00069814020,5,Y,120,30,Y,N,N
00026356,11,2026,1148502,00069814120,5,Y,120,30,Y,N,N
00026356,11,2026,2168540,00069873030,5,Y,30,30,Y,N,N
00026356,11,2026,2049858,00074003828,5,Y,28,28,Y,N,N
00026356,11,2026,2049862,00074003956,5,Y,56,28,Y,N,N
00026356,11,2026,1921240,00074012402,5,N, , ,Y,N,N
00026356,11,2026,1921245,00074012403,5,N, , ,Y,N,N
00026356,11,2026,1726846,00074024302,5,N, , ,Y,N,N
00026356,11,2026,1872980,00074055402,5,N, , ,Y,N,N
00026356,11,2026,1747577,00074056114,3,Y,60,30,Y,N,N
00026356,11,2026,1747579,00074056607,5,Y,30,30,Y,N,N
00026356,11,2026,1747567,00074057622,5,Y,180,30,Y,N,N
00026356,11,2026,1747580,00074057928,5,N, , ,Y,N,N
00026356,11,2026,1921017,00074061602,5,N, , ,Y,N,N
00026356,11,2026,1921010,00074081702,5,N, , ,Y,N,N
00026356,11,2026,2596960,00074104328,5,N, , ,Y,N,N
00026356,11,2026,2540699,00074105001,5,N, , ,Y,N,N
00026356,11,2026,2613759,00074106501,5,N, , ,Y,N,N
00026356,11,2026,2604628,00074107001,5,N, , ,Y,N,N
00026356,11,2026,1921468,00074153903,5,N, , ,Y,N,N
00026356,11,2026,2540695,00074210001,5,N, , ,Y,N,N
00026356,11,2026,2196900,00074230630,5,N, , ,Y,N,N
00026356,11,2026,2590054,00074231030,5,N, , ,Y,N,N
00026356,11,2026,2681019,00074232001,5,Y,360,30,Y,N,N
00026356,11,2026,835896,00074310832,2,N, , ,Y,N,N
00026356,11,2026,835835,00074310932,2,N, , ,Y,N,N
00026356,11,2026,1115468,00074334603,5,N, , ,Y,N,N
00026356,11,2026,1926069,00074339930,4,N, , ,N,N,N
00026356,11,2026,1115259,00074347303,5,N, , ,Y,N,N
00026356,11,2026,2639669,00074357501,5,N, , ,Y,N,N
00026356,11,2026,1115459,00074364103,5,N, , ,Y,N,N
00026356,11,2026,1115464,00074364203,5,N, , ,Y,N,N
00026356,11,2026,1115473,00074366303,5,N, , ,Y,N,N
00026356,11,2026,1946522,00074368303,5,N, , ,Y,N,N
00026356,11,2026,2639750,00074377903,5,N, , ,Y,N,N
00026356,11,2026,727705,00074379902,5,N, , ,Y,N,N
00026356,11,2026,847749,00074395646,4,Y,480,30,N,N,N
00026356,11,2026,1655728,00074433902,5,N, , ,Y,N,N
00026356,11,2026,2571850,00074709430,3,Y,30,30,Y,N,N
00026356,11,2026,2571842,00074709530,3,Y,30,30,Y,N,N
00026356,11,2026,2571846,00074709630,3,Y,30,30,Y,N,N
00026356,11,2026,746609,00078052687,5,Y,112,28,Y,N,N
00026356,11,2026,847734,00078056845,4,N, , ,N,N,N
00026356,11,2026,1002300,00078059287,5,Y,112,28,Y,N,N
00026356,11,2026,1653243,00078063941,5,N, , ,Y,N,N
00026356,11,2026,1599797,00078063998,5,N, , ,Y,N,N
00026356,11,2026,1656346,00078065920,3,Y,60,30,N,N,Y
00026356,11,2026,1425230,00078068166,5,Y,120,30,Y,N,N
00026356,11,2026,1425228,00078068266,5,Y,120,30,Y,N,N
00026356,11,2026,2121061,00078069484,5,Y,84,28,Y,N,N
00026356,11,2026,1656356,00078069620,3,Y,60,30,N,N,Y
00026356,11,2026,1919094,00078069899,5,Y,224,28,Y,N,N
00026356,11,2026,2169314,00078070184,5,Y,28,28,Y,N,N
00026356,11,2026,2169322,00078070802,5,Y,56,28,Y,N,N
00026356,11,2026,2362240,00078070956,5,Y,112,28,Y,N,N
00026356,11,2026,2169320,00078071502,5,Y,56,28,Y,N,N
00026356,11,2026,2362244,00078071656,5,Y,112,28,Y,N,N
00026356,11,2026,1656351,00078077720,3,Y,60,30,N,N,Y
00026356,11,2026,1873991,00078086001,5,Y,21,28,Y,N,N
00026356,11,2026,1873993,00078086742,5,Y,42,28,Y,N,N
00026356,11,2026,1873995,00078087463,5,Y,63,28,Y,N,N
00026356,11,2026,1801840,00078091112,3,Y,60,30,N,N,N
00026356,11,2026,1923056,00078091661,5,Y,70,28,Y,N,N
00026356,11,2026,1923058,00078092361,5,Y,91,28,Y,N,N
00026356,11,2026,2002719,00078095166,5,Y,120,30,Y,N,N
00026356,11,2026,2123314,00078097912,5,N, , ,Y,N,N
00026356,11,2026,2121096,00078097950,5,Y,112,28,Y,N,N
00026356,11,2026,2594797,00078097989,3,N, , ,Y,N,N
00026356,11,2026,2121100,00078098615,5,Y,30,30,Y,N,N
00026356,11,2026,2390954,00078100768,5,Y,1.2,28,Y,N,N
00026356,11,2026,2594608,00078101415,5,Y,30,30,Y,N,N
00026356,11,2026,2550713,00078105697,5,N, , ,Y,N,N
00026356,11,2026,2637348,00078107068,5,N, , ,Y,N,N
00026356,11,2026,2584326,00078109120,5,Y,60,30,Y,N,N
00026356,11,2026,2584330,00078109820,5,Y,300,30,Y,N,N
00026356,11,2026,1425110,00078110515,5,Y,90,30,Y,N,N
00026356,11,2026,1425118,00078111215,5,Y,30,30,Y,N,N
00026356,11,2026,2632556,00078115421,5,Y,900,30,Y,N,N
00026356,11,2026,2632564,00078116147,5,Y,1260,30,Y,N,N
00026356,11,2026,2680280,00078119620,5,Y,120,30,Y,N,N
00026356,11,2026,2679802,00078123120,3,Y,240,30,N,N,Y
00026356,11,2026,2679797,00078123820,3,Y,240,30,N,N,Y
00026356,11,2026,261101,00088210224,4,N, , ,N,N,N
00026356,11,2026,847232,00088221905,3,Y,30,28,N,N,N
00026356,11,2026,285018,00088222033,3,Y,40,28,N,N,N
00026356,11,2026,855178,00093001006,2,N, , ,N,N,N
00026356,11,2026,855194,00093001806,2,N, , ,N,N,N
00026356,11,2026,866094,00093005301,1,N, , ,N,N,N
00026356,11,2026,866083,00093005401,1,N, , ,N,N,N
00026356,11,2026,978006,00093031101,2,N, , ,N,N,N
00026356,11,2026,834022,00093031401,2,Y,20,30,Y,N,N
00026356,11,2026,833217,00093031801,2,N, , ,N,N,N
00026356,11,2026,831103,00093031901,2,N, , ,N,N,N
00026356,11,2026,831102,00093032001,2,N, , ,N,N,N
00026356,11,2026,831054,00093032101,2,N, , ,N,N,N
00026356,11,2026,198046,00093081201,1,N, , ,N,N,N
00026356,11,2026,197905,00093092810,6,N, , ,N,N,N
00026356,11,2026,855942,00093094801,2,Y,120,30,N,N,N
00026356,11,2026,866018,00093100301,1,N, , ,N,N,N
00026356,11,2026,106346,00093101042,1,Y,220,30,N,N,N
00026356,11,2026,1098649,00093102406,2,N, , ,N,N,N
00026356,11,2026,1098670,00093102506,2,N, , ,N,N,N
00026356,11,2026,1098674,00093102606,2,N, , ,N,N,N
00026356,11,2026,866042,00093117701,2,N, , ,N,N,N
00026356,11,2026,855288,00093171201,1,N, , ,N,N,N
00026356,11,2026,855302,00093171301,1,N, , ,N,N,N
00026356,11,2026,855312,00093171401,1,N, , ,N,N,N
00026356,11,2026,855318,00093171501,1,N, , ,N,N,N
00026356,11,2026,855324,00093171601,1,N, , ,N,N,N
00026356,11,2026,855338,00093171801,1,N, , ,N,N,N
00026356,11,2026,855296,00093172001,1,N, , ,N,N,N
00026356,11,2026,855332,00093172101,1,N, , ,N,N,N
00026356,11,2026,855344,00093172301,1,N, , ,N,N,N
00026356,11,2026,242461,00093206406,2,N, , ,N,N,N
00026356,11,2026,242462,00093206506,2,N, , ,N,N,N
00026356,11,2026,856467,00093214062,2,N, , ,N,N,N
00026356,11,2026,311666,00093220305,1,N, , ,N,N,N
00026356,11,2026,311668,00093220401,1,N, , ,N,N,N
00026356,11,2026,308177,00093226701,2,N, , ,N,N,N
00026356,11,2026,598025,00093226801,2,N, , ,N,N,N
00026356,11,2026,1148141,00093306693,5,Y,18,30,Y,N,N
00026356,11,2026,197595,00093312301,2,N, , ,N,N,N
00026356,11,2026,197596,00093312501,2,N, , ,N,N,N
00026356,11,2026,309114,00093314705,1,N, , ,N,N,N
00026356,11,2026,884707,00093322308,4,Y,18,28,N,N,N
00026356,11,2026,198232,00093323401,2,N, , ,N,N,N
00026356,11,2026,753543,00093330416,2,N, , ,N,N,N
00026356,11,2026,349591,00093354256,2,Y,60,30,N,N,N
00026356,11,2026,349593,00093354456,2,Y,60,30,N,N,N
00026356,11,2026,855626,00093372755,4,Y,60,30,Y,N,N
00026356,11,2026,834046,00093412573,2,N, , ,N,N,N
00026356,11,2026,834040,00093412773,2,N, , ,N,N,N
00026356,11,2026,1000001,00093500456,6,N, , ,N,N,N
00026356,11,2026,999967,00093500556,6,N, , ,N,N,N
00026356,11,2026,999996,00093500656,6,N, , ,N,N,N
00026356,11,2026,866090,00093520006,1,N, , ,N,N,N
00026356,11,2026,643066,00093523456,2,N, , ,N,N,N
00026356,11,2026,1652084,00093532862,2,N, , ,N,N,N
00026356,11,2026,1006801,00093537601,4,Y,180,30,N,Y,N
00026356,11,2026,996921,00093537701,4,Y,120,30,N,Y,N
00026356,11,2026,721773,00093541601,4,Y,90,30,N,Y,N
00026356,11,2026,476179,00093541701,4,Y,90,30,N,Y,N
00026356,11,2026,476177,00093541901,4,Y,90,30,N,Y,N
00026356,11,2026,199703,00093542088,2,N, , ,N,N,N
00026356,11,2026,1359129,00093545528,2,N, , ,Y,N,N
00026356,11,2026,727316,00093598527,2,Y,4,30,N,N,N
00026356,11,2026,1870207,00093598627,2,Y,4,30,N,N,N
00026356,11,2026,349094,00093681573,2,Y,120,30,Y,N,N
00026356,11,2026,351109,00093681673,2,Y,120,30,Y,N,N
00026356,11,2026,1098666,00093711306,2,N, , ,N,N,N
00026356,11,2026,1098678,00093717801,2,N, , ,N,N,N
00026356,11,2026,317573,00093727156,6,Y,30,30,N,N,N
00026356,11,2026,312440,00093727256,6,Y,30,30,N,N,N
00026356,11,2026,312441,00093727356,6,Y,30,30,N,N,N
00026356,11,2026,403878,00093762998,2,Y,180,30,Y,N,N
00026356,11,2026,403879,00093763056,2,Y,60,30,Y,N,N
00026356,11,2026,603203,00093766356,5,Y,60,30,Y,N,N
00026356,11,2026,603206,00093766456,5,Y,90,30,Y,N,N
00026356,11,2026,476556,00093770456,2,N, , ,N,N,N
00026356,11,2026,1299903,00093807256,2,N, , ,N,N,N
00026356,11,2026,1299909,00093807656,2,N, , ,N,N,N
00026356,11,2026,197737,00093834201,6,N, , ,Y,N,N
00026356,11,2026,310534,00093834301,6,N, , ,Y,N,N
00026356,11,2026,835925,00093901965,2,N, , ,Y,N,N
00026356,11,2026,241834,00093902065,2,N, , ,Y,N,N
00026356,11,2026,313582,00093914701,2,N, , ,N,N,N
00026356,11,2026,313584,00093914801,2,N, , ,N,N,N
00026356,11,2026,314277,00093914901,2,N, , ,N,N,N
00026356,11,2026,313586,00093915701,2,N, , ,N,N,N
00026356,11,2026,313580,00093916301,2,N, , ,N,N,N
00026356,11,2026,197443,00093970101,2,N, , ,N,N,N
00026356,11,2026,197444,00093970201,2,N, , ,N,N,N
00026356,11,2026,311995,00115164301,2,Y,120,30,N,N,N
00026356,11,2026,856556,00115169301,2,N, , ,N,N,N
00026356,11,2026,1870230,00115169449,3,Y,4,30,N,N,N
00026356,11,2026,1870225,00115169549,3,Y,4,30,N,N,N
00026356,11,2026,242831,00115172401,4,N, , ,N,N,N
00026356,11,2026,239239,00115172501,4,N, , ,N,N,N
00026356,11,2026,995253,00115180301,1,N, , ,N,N,N
00026356,11,2026,903857,00115351101,2,N, , ,N,N,N
00026356,11,2026,856656,00115441101,4,N, , ,N,N,N
00026356,11,2026,856660,00115442201,4,N, , ,N,N,N
00026356,11,2026,856652,00115443301,4,N, , ,N,N,N
00026356,11,2026,1048445,00115521116,2,N, , ,N,N,N
00026356,11,2026,313979,00115703301,2,N, , ,N,N,N
00026356,11,2026,834127,00116200116,1,N, , ,N,N,N
00026356,11,2026,141935,00121058104,2,N, , ,N,N,N
00026356,11,2026,849385,00121064616,2,N, , ,N,N,N
00026356,11,2026,861848,00121065304,2,N, , ,N,N,N
00026356,11,2026,859835,00121065402,2,N, , ,N,N,N
00026356,11,2026,251322,00121067016,2,N, , ,N,N,N
00026356,11,2026,1099687,00121067585,2,N, , ,N,N,N
00026356,11,2026,312036,00121067816,4,N, , ,N,N,N
00026356,11,2026,312055,00121086816,2,N, , ,N,N,N
00026356,11,2026,391937,00121087316,2,N, , ,N,N,N
00026356,11,2026,702519,00121094216,2,N, , ,Y,N,N
00026356,11,2026,834137,00126027216,1,N, , ,N,N,N
00026356,11,2026,308963,00143117101,6,N, , ,N,N,N
00026356,11,2026,317173,00143117201,6,N, , ,N,N,N
00026356,11,2026,308964,00143117301,6,N, , ,N,N,N
00026356,11,2026,991086,00143122701,2,N, , ,N,N,N
00026356,11,2026,197604,00143124010,2,N, , ,N,N,N
00026356,11,2026,198089,00143145505,2,N, , ,Y,N,N
00026356,11,2026,198083,00143145805,2,N, , ,Y,N,N
00026356,11,2026,312357,00143149505,2,N, , ,Y,N,N
00026356,11,2026,312362,00143150005,2,N, , ,Y,N,N
00026356,11,2026,314055,00143176901,2,N, , ,N,N,N
00026356,11,2026,381056,00143177101,2,N, , ,N,N,N
00026356,11,2026,206842,00143177201,2,N, , ,N,N,N
00026356,11,2026,1655960,00143951910,2,N, , ,N,N,N
00026356,11,2026,2047882,00143965901,2,N, , ,Y,N,N
00026356,11,2026,835809,00143975001,2,Y,5,28,Y,N,N
00026356,11,2026,313850,00143988601,1,N, , ,N,N,N
00026356,11,2026,308189,00143988701,1,N, , ,N,N,N
00026356,11,2026,313797,00143988815,1,N, , ,N,N,N
00026356,11,2026,239191,00143988915,1,N, , ,N,N,N
00026356,11,2026,197511,00143992701,1,N, , ,N,N,N
00026356,11,2026,309309,00143992801,1,N, , ,N,N,N
00026356,11,2026,197512,00143992950,1,N, , ,N,N,N
00026356,11,2026,1665444,00143997722,2,N, , ,N,N,N
00026356,11,2026,1665449,00143997922,2,N, , ,N,N,N
00026356,11,2026,106258,00168001531,2,N, , ,N,N,N
00026356,11,2026,203105,00168002031,1,N, , ,N,N,N
00026356,11,2026,197408,00168004160,2,N, , ,N,N,N
00026356,11,2026,103401,00168014630,1,N, , ,N,N,N
00026356,11,2026,311678,00168032346,2,N, , ,N,N,N
00026356,11,2026,313852,00168042446,4,N, , ,N,N,N
00026356,11,2026,311033,00169183311,3,Y,40,28,N,N,N
00026356,11,2026,311027,00169183411,3,Y,40,28,N,N,N
00026356,11,2026,213442,00169183711,3,Y,40,28,N,N,N
00026356,11,2026,1860172,00169291115,3,Y,15,28,N,N,N
00026356,11,2026,2206092,00169300315,3,Y,30,28,N,N,N
00026356,11,2026,2206099,00169300415,3,Y,30,28,N,N,N
00026356,11,2026,2049380,00169300715,3,Y,30,28,N,N,N
00026356,11,2026,1986354,00169320111,3,Y,40,28,N,N,Y
00026356,11,2026,1986356,00169320415,3,Y,30,28,N,N,Y
00026356,11,2026,2205454,00169320515,3,Y,30,28,N,N,Y
00026356,11,2026,1653198,00169330312,3,Y,30,28,N,N,Y
00026356,11,2026,977842,00169368512,3,Y,40,28,N,N,N
00026356,11,2026,977840,00169369619,3,Y,30,28,N,N,N
00026356,11,2026,2398842,00169413013,3,Y,3,28,Y,N,N
00026356,11,2026,2619154,00169418113,3,Y,3,28,Y,N,N
00026356,11,2026,2200654,00169430330,3,Y,30,30,Y,N,N
00026356,11,2026,2200658,00169430730,3,Y,30,30,Y,N,N
00026356,11,2026,2200650,00169431430,3,Y,30,30,Y,N,N
00026356,11,2026,2599365,00169477212,3,Y,3,28,Y,N,N
00026356,11,2026,1653204,00169633910,3,Y,30,28,N,N,Y
00026356,11,2026,351926,00169750111,3,Y,40,28,N,N,Y
00026356,11,2026,847247,00169770421,5,N, , ,Y,N,N
00026356,11,2026,847348,00169770521,5,N, , ,Y,N,N
00026356,11,2026,847245,00169770821,5,N, , ,Y,N,N
00026356,11,2026,197770,00172208980,1,N, , ,N,N,N
00026356,11,2026,197590,00172392570,1,Y,120,30,N,N,N
00026356,11,2026,197591,00172392670,1,Y,120,30,N,N,N
00026356,11,2026,197589,00172392770,1,Y,120,30,N,N,N
00026356,11,2026,197391,00172409680,2,N, , ,N,N,N
00026356,11,2026,831246,00172640649,2,N, , ,Y,N,N
00026356,11,2026,835886,00172731320,2,N, , ,Y,N,N
00026356,11,2026,866049,00173052100,3,Y,60,30,N,N,N
00026356,11,2026,759473,00173068101,4,Y,60,180,N,N,N
00026356,11,2026,896237,00173071520,3,Y,12,30,N,N,N
00026356,11,2026,896245,00173071620,3,Y,12,30,N,N,N
00026356,11,2026,896273,00173071720,3,Y,12,30,N,N,N
00026356,11,2026,1539893,00173085910,3,Y,60,30,N,N,N
00026356,11,2026,1487528,00173086910,3,Y,60,30,N,N,N
00026356,11,2026,1547660,00173087410,3,Y,30,30,N,N,N
00026356,11,2026,1547672,00173087610,3,Y,30,30,N,N,N
00026356,11,2026,1720606,00173088101,5,Y,3,28,Y,N,N
00026356,11,2026,1648789,00173088210,3,Y,60,30,N,N,N
00026356,11,2026,1945048,00173088710,3,Y,60,30,N,N,N
00026356,11,2026,2045382,00173088810,3,Y,30,30,N,N,N
00026356,11,2026,2170993,00173089201,5,Y,3,28,Y,N,N
00026356,11,2026,2173822,00173089242,5,Y,3,28,Y,N,N
00026356,11,2026,2395775,00173089310,3,Y,60,30,N,N,N
00026356,11,2026,2596445,00173090442,5,Y,0.4,28,Y,N,N
00026356,11,2026,2640210,00173090913,5,Y,30,30,Y,N,N
00026356,11,2026,2640212,00173091213,5,Y,30,30,Y,N,N
00026356,11,2026,2640214,00173091513,5,Y,30,30,Y,N,N
00026356,11,2026,2637476,00173091610,3,Y,60,30,N,N,N
00026356,11,2026,898367,00185021101,6,N, , ,N,N,N
00026356,11,2026,898378,00185023601,6,N, , ,N,N,N
00026356,11,2026,898372,00185027701,6,N, , ,N,N,N
00026356,11,2026,898362,00185032501,6,N, , ,N,N,N
00026356,11,2026,197978,00185560001,2,N, , ,N,N,N
00026356,11,2026,2055008,00187000545,4,N, , ,Y,N,N
00026356,11,2026,884173,00228212750,1,N, , ,N,N,N
00026356,11,2026,884189,00228212910,1,N, , ,N,N,N
00026356,11,2026,861237,00228306211,2,Y,30,30,N,N,N
00026356,11,2026,861223,00228306311,2,Y,30,30,N,N,N
00026356,11,2026,861227,00228306411,2,Y,60,30,N,N,N
00026356,11,2026,966787,00228331503,2,Y,30,30,N,N,N
00026356,11,2026,966793,00228331603,2,Y,30,30,N,N,N
00026356,11,2026,848951,00245003660,2,N, , ,N,N,N
00026356,11,2026,835958,00245014430,2,N, , ,N,N,N
00026356,11,2026,834346,00245014790,2,N, , ,N,N,N
00026356,11,2026,993466,00245021111,2,N, , ,N,N,N
00026356,11,2026,2047868,00245055650,5,Y,180,30,Y,N,N
00026356,11,2026,2685202,00245082230,5,Y,30,30,Y,N,N
00026356,11,2026,2685206,00245082330,5,Y,30,30,Y,N,N
00026356,11,2026,2685208,00245082430,5,Y,30,30,Y,N,N
00026356,11,2026,2685204,00245082530,5,Y,60,30,Y,N,N
00026356,11,2026,834350,00245164530,2,N, , ,N,N,N
00026356,11,2026,1801299,00245531711,2,N, , ,N,N,N
00026356,11,2026,832731,00245531811,2,N, , ,N,N,N
00026356,11,2026,1801295,00245531911,2,N, , ,N,N,N
00026356,11,2026,2642353,00245600111,5,Y,180,30,Y,N,N
00026356,11,2026,1550940,00254046001,2,Y,60,30,N,N,N
00026356,11,2026,198071,00254200001,5,N, , ,Y,N,N
00026356,11,2026,351173,00254302002,5,N, , ,Y,N,N
00026356,11,2026,351174,00254302102,5,N, , ,Y,N,N
00026356,11,2026,351175,00254302202,5,N, , ,Y,N,N
00026356,11,2026,2289424,00310061060,5,Y,300,30,Y,N,N
00026356,11,2026,2289428,00310062560,5,Y,120,30,Y,N,N
00026356,11,2026,2723657,00310063560,5,Y,600,30,Y,N,N
00026356,11,2026,2723661,00310064060,5,Y,390,30,Y,N,N
00026356,11,2026,1942485,00310066812,5,Y,120,30,Y,N,N
00026356,11,2026,1942489,00310067912,5,Y,120,30,Y,N,N
00026356,11,2026,2047639,00310110530,3,N, , ,N,N,N
00026356,11,2026,2053927,00310111030,3,N, , ,N,N,N
00026356,11,2026,1721571,00310134930,5,Y,30,30,Y,N,N
00026356,11,2026,1721583,00310135030,5,Y,30,30,Y,N,N
00026356,11,2026,1989109,00310173030,5,Y,1,28,Y,N,N
00026356,11,2026,2679502,00310174501,5,Y,1,28,Y,N,N
00026356,11,2026,2205634,00310183030,5,Y,1,28,Y,N,N
00026356,11,2026,2607737,00310351260,5,Y,60,30,Y,N,N
00026356,11,2026,2387331,00310461612,3,Y,10.7,30,N,N,N
00026356,11,2026,1486981,00310620530,3,Y,30,30,N,N,Y
00026356,11,2026,1486977,00310621030,3,Y,30,30,N,N,Y
00026356,11,2026,1940498,00310622560,3,Y,60,30,N,N,N
00026356,11,2026,1593831,00310625030,3,Y,60,30,N,N,N
00026356,11,2026,1593833,00310626060,3,Y,60,30,N,N,N
00026356,11,2026,1593835,00310627030,3,Y,30,30,N,N,N
00026356,11,2026,1593775,00310628030,3,Y,30,30,N,N,N
00026356,11,2026,1246304,00310737020,4,Y,30.6,30,N,N,N
00026356,11,2026,1246288,00310737220,4,Y,30.6,30,N,N,N
00026356,11,2026,2665912,00310908012,3,Y,32.1,30,N,N,N
00026356,11,2026,2669982,00310950101,5,Y,64,28,Y,N,N
00026356,11,2026,206347,00316012601,2,N, , ,N,N,N
00026356,11,2026,1807552,00338004304,2,N, , ,N,N,N
00026356,11,2026,866924,00378001805,1,N, , ,N,N,N
00026356,11,2026,856720,00378004201,2,N, , ,N,N,N
00026356,11,2026,856840,00378007301,2,N, , ,N,N,N
00026356,11,2026,198284,00378022101,4,N, , ,N,N,N
00026356,11,2026,856706,00378033001,2,N, , ,N,N,N
00026356,11,2026,856797,00378044201,2,N, , ,N,N,N
00026356,11,2026,856825,00378057401,2,N, , ,N,N,N
00026356,11,2026,313354,00378061201,2,N, , ,N,N,N
00026356,11,2026,198274,00378061401,2,N, , ,N,N,N
00026356,11,2026,198275,00378061601,2,N, , ,N,N,N
00026356,11,2026,198270,00378061801,2,N, , ,N,N,N
00026356,11,2026,722134,00378172193,6,N, , ,N,N,N
00026356,11,2026,722126,00378172293,6,N, , ,N,N,N
00026356,11,2026,722137,00378172393,6,N, , ,N,N,N
00026356,11,2026,722131,00378172493,6,N, , ,N,N,N
00026356,11,2026,966220,00378180010,1,N, , ,N,N,N
00026356,11,2026,966221,00378180310,1,N, , ,N,N,N
00026356,11,2026,966222,00378180510,1,N, , ,N,N,N
00026356,11,2026,966253,00378180710,1,N, , ,N,N,N
00026356,11,2026,892246,00378180910,1,N, , ,N,N,N
00026356,11,2026,966248,00378181110,1,N, , ,N,N,N
00026356,11,2026,966224,00378181310,1,N, , ,N,N,N
00026356,11,2026,966225,00378181510,1,N, , ,N,N,N
00026356,11,2026,966249,00378181710,1,N, , ,N,N,N
00026356,11,2026,966270,00378182377,1,N, , ,N,N,N
00026356,11,2026,198324,00378240201,2,N, , ,N,N,N
00026356,11,2026,198325,00378240501,2,N, , ,N,N,N
00026356,11,2026,198323,00378241001,2,N, , ,N,N,N
00026356,11,2026,855863,00378267001,2,N, , ,N,N,N
00026356,11,2026,1536586,00378334053,2,Y,3,28,N,N,N
00026356,11,2026,242333,00378334999,2,Y,4,28,N,N,N
00026356,11,2026,238003,00378335099,2,Y,4,28,N,N,N
00026356,11,2026,241527,00378335199,2,Y,4,28,N,N,N
00026356,11,2026,238004,00378335299,2,Y,4,28,N,N,N
00026356,11,2026,403922,00378336099,2,Y,4,28,N,N,N
00026356,11,2026,403923,00378336199,2,Y,4,28,N,N,N
00026356,11,2026,402109,00378352091,5,N, , ,N,N,N
00026356,11,2026,855875,00378375093,2,N, , ,N,N,N
00026356,11,2026,628953,00378456105,2,N, , ,N,N,N
00026356,11,2026,242892,00378464026,2,Y,8,28,N,N,N
00026356,11,2026,1149632,00378464126,2,Y,8,28,N,N,N
00026356,11,2026,242891,00378464226,2,Y,8,28,N,N,N
00026356,11,2026,241946,00378464326,2,Y,8,28,N,N,N
00026356,11,2026,248478,00378464426,2,Y,8,28,N,N,N
00026356,11,2026,1000097,00378537501,2,N, , ,N,N,N
00026356,11,2026,1147334,00378544093,5,N, , ,N,N,N
00026356,11,2026,349483,00378580793,6,N, , ,N,N,N
00026356,11,2026,349199,00378581377,6,N, , ,N,N,N
00026356,11,2026,349201,00378581477,6,N, , ,N,N,N
00026356,11,2026,349200,00378581577,6,N, , ,N,N,N
00026356,11,2026,830865,00378606001,4,N, , ,N,N,N
00026356,11,2026,830869,00378609001,4,N, , ,N,N,N
00026356,11,2026,830872,00378612001,4,N, , ,N,N,N
00026356,11,2026,897612,00378632001,2,N, , ,N,N,N
00026356,11,2026,200284,00378632177,6,N, , ,N,N,N
00026356,11,2026,200285,00378632277,6,N, , ,N,N,N
00026356,11,2026,349353,00378632377,6,N, , ,N,N,N
00026356,11,2026,636042,00378632477,6,N, , ,N,N,N
00026356,11,2026,835726,00378633380,2,N, , ,N,N,N
00026356,11,2026,897618,00378638001,2,N, , ,N,N,N
00026356,11,2026,226552,00378647099,4,Y,10,30,Y,N,N
00026356,11,2026,748878,00378655053,2,N, , ,N,N,N
00026356,11,2026,1918042,00378692191,5,Y,120,30,Y,N,N
00026356,11,2026,1111641,00378696093,5,Y,30,30,Y,N,N
00026356,11,2026,1487361,00378696112,5,Y,12,28,Y,N,N
00026356,11,2026,2597673,00378750232,4,Y,30.9,30,N,N,N
00026356,11,2026,2597670,00378750332,4,Y,30.9,30,N,N,N
00026356,11,2026,310404,00378802093,6,Y,60,30,N,N,N
00026356,11,2026,310405,00378802193,6,Y,60,30,N,N,N
00026356,11,2026,2572292,00378876091,2,Y,60,30,N,N,N
00026356,11,2026,861657,00378910293,2,N, , ,N,N,N
00026356,11,2026,486148,00378910493,2,N, , ,N,N,N
00026356,11,2026,486152,00378911293,2,N, , ,N,N,N
00026356,11,2026,486146,00378911693,2,N, , ,N,N,N
00026356,11,2026,577057,00378911998,2,Y,10,30,N,N,N
00026356,11,2026,245134,00378912198,2,Y,10,30,N,N,N
00026356,11,2026,245135,00378912298,2,Y,10,30,N,N,N
00026356,11,2026,197696,00378912398,2,Y,10,30,N,N,N
00026356,11,2026,245136,00378912498,2,Y,10,30,N,N,N
00026356,11,2026,2110510,00378932032,2,Y,60,30,N,N,N
00026356,11,2026,2110513,00378932132,2,Y,60,30,N,N,N
00026356,11,2026,2110516,00378932232,2,Y,60,30,N,N,N
00026356,11,2026,857002,00406012305,2,Y,240,30,N,N,N
00026356,11,2026,857005,00406012405,2,Y,180,30,N,N,N
00026356,11,2026,856999,00406012505,2,Y,180,30,N,N,N
00026356,11,2026,993890,00406048501,2,Y,180,30,N,N,N
00026356,11,2026,1049221,00406051205,2,Y,360,30,N,N,N
00026356,11,2026,1049225,00406052201,2,Y,240,30,N,N,N
00026356,11,2026,1049214,00406052301,2,Y,180,30,N,N,N
00026356,11,2026,1049621,00406055201,2,Y,180,30,N,N,N
00026356,11,2026,1091497,00406114201,2,Y,90,30,N,N,N
00026356,11,2026,1091150,00406114401,2,Y,90,30,N,N,N
00026356,11,2026,1091392,00406114601,2,Y,90,30,N,N,N
00026356,11,2026,1483744,00406117003,2,N, , ,N,N,N
00026356,11,2026,897696,00406324301,2,Y,180,30,N,N,N
00026356,11,2026,897702,00406324401,2,Y,180,30,N,N,N
00026356,11,2026,897710,00406324901,2,Y,180,30,N,N,N
00026356,11,2026,892582,00406511801,4,Y,180,30,N,N,N
00026356,11,2026,892672,00406511901,4,Y,120,30,N,N,N
00026356,11,2026,864718,00406575501,2,Y,180,30,N,N,N
00026356,11,2026,864706,00406577101,2,Y,120,30,N,N,N
00026356,11,2026,892625,00406800330,2,Y,180,30,Y,N,N
00026356,11,2026,1049611,00406851501,2,Y,120,30,N,N,N
00026356,11,2026,1049618,00406853001,2,Y,120,30,N,N,N
00026356,11,2026,861221,00406895201,2,Y,30,30,N,N,N
00026356,11,2026,861225,00406895401,2,Y,60,30,N,N,N
00026356,11,2026,1664986,00409083011,2,N, , ,N,N,N
00026356,11,2026,1870650,00409120703,2,N, , ,N,N,N
00026356,11,2026,829762,00409175415,2,N, , ,N,N,N
00026356,11,2026,1191234,00409178269,2,N, , ,N,N,N
00026356,11,2026,1665210,00409230024,2,N, , ,N,N,N
00026356,11,2026,1658637,00409272101,2,N, , ,N,N,N
00026356,11,2026,1807516,00409433201,2,N, , ,N,N,N
00026356,11,2026,1659292,00409508216,2,N, , ,N,N,N
00026356,11,2026,1659294,00409508411,2,N, , ,N,N,N
00026356,11,2026,206423,00409508611,2,N, , ,N,N,N
00026356,11,2026,1807518,00409653102,2,N, , ,N,N,N
00026356,11,2026,835840,00409656220,2,N, , ,Y,N,N
00026356,11,2026,1307415,00456120130,3,Y,30,30,N,N,N
00026356,11,2026,1307421,00456120230,3,Y,30,30,N,N,N
00026356,11,2026,1869699,00456120330,3,Y,30,30,N,N,N
00026356,11,2026,1433250,00456220228,4,N, , ,N,Y,N
00026356,11,2026,1433223,00456221230,4,Y,30,30,N,Y,N
00026356,11,2026,1433229,00456222030,4,Y,30,30,N,Y,N
00026356,11,2026,1433235,00456224030,4,Y,30,30,N,Y,N
00026356,11,2026,1433241,00456228030,4,Y,30,30,N,Y,N
00026356,11,2026,1307309,00469012599,5,Y,120,30,Y,N,N
00026356,11,2026,1608333,00469052002,5,N, , ,Y,N,N
00026356,11,2026,2390646,00469062599,5,Y,120,30,Y,N,N
00026356,11,2026,1431977,00469064773,4,N, , ,Y,N,N
00026356,11,2026,1431982,00469067773,4,N, , ,Y,N,N
00026356,11,2026,1431987,00469068773,5,N, , ,Y,N,N
00026356,11,2026,2390650,00469072560,5,Y,60,30,Y,N,N
00026356,11,2026,2052609,00469123050,4,N, , ,Y,N,N
00026356,11,2026,2052704,00469133050,4,N, , ,Y,N,N
00026356,11,2026,2105817,00469142590,5,Y,90,30,Y,N,N
00026356,11,2026,1300797,00469260130,2,N, , ,N,N,N
00026356,11,2026,1300803,00469260230,2,N, , ,N,N,N
00026356,11,2026,2637147,00469266030,4,Y,30,30,Y,N,N
00026356,11,2026,2623472,00469286035,5,N, , ,Y,N,N
00026356,11,2026,884308,00472016630,2,Y,60,30,N,N,N
00026356,11,2026,992765,00472173803,2,N, , ,N,N,N
00026356,11,2026,1811180,00480012649,2,Y,240,30,N,N,N
00026356,11,2026,402010,00480123208,2,Y,2,28,N,N,N
00026356,11,2026,602912,00480124228,5,Y,28,28,Y,N,N
00026356,11,2026,602910,00480124328,5,Y,28,28,Y,N,N
00026356,11,2026,643712,00480124421,5,Y,28,28,Y,N,N
00026356,11,2026,643720,00480124621,5,Y,28,28,Y,N,N
00026356,11,2026,402011,00480134208,5,Y,2,28,N,N,N
00026356,11,2026,402012,00480145308,5,Y,2,28,N,N,N
00026356,11,2026,706822,00480155408,2,Y,2,28,N,N,N
00026356,11,2026,1111106,00480259634,5,Y,20,10,N,N,N
00026356,11,2026,1666332,00480268806,2,N, , ,N,N,N
00026356,11,2026,2675205,00480327356,5,Y,60,30,Y,N,N
00026356,11,2026,2675193,00480327456,5,Y,60,30,Y,N,N
00026356,11,2026,2675197,00480327556,5,Y,60,30,Y,N,N
00026356,11,2026,2675201,00480327656,5,Y,60,30,Y,N,N
00026356,11,2026,794639,00480347906,2,Y,120,30,N,N,N
00026356,11,2026,750265,00480349316,2,N, , ,N,N,N
00026356,11,2026,1868014,00480361087,5,Y,270,30,Y,N,N
00026356,11,2026,1868018,00480361198,5,Y,90,30,Y,N,N
00026356,11,2026,616578,00480413806,2,Y,60,30,N,N,N
00026356,11,2026,1356557,00480706256,2,Y,30,30,N,Y,N
00026356,11,2026,1356570,00480706356,5,Y,60,30,N,Y,N
00026356,11,2026,1356574,00480706556,5,Y,60,30,N,Y,N
00026356,11,2026,1356578,00480706656,5,Y,30,30,N,Y,N
00026356,11,2026,1356582,00480706756,5,Y,30,30,N,Y,N
00026356,11,2026,1356586,00480706856,5,Y,30,30,N,Y,N
00026356,11,2026,2110455,00480927706,2,Y,60,30,Y,N,N
00026356,11,2026,836358,00487980125,2,N, , ,Y,N,N
00026356,11,2026,245314,00487990130,2,N, , ,Y,N,N
00026356,11,2026,485968,00517095501,2,Y,30,30,N,N,N
00026356,11,2026,307718,00517750425,2,N, , ,Y,N,N
00026356,11,2026,991061,00527058601,2,N, , ,N,N,N
00026356,11,2026,1000913,00527131301,2,N, , ,N,N,N
00026356,11,2026,858747,00527132601,2,N, , ,N,N,N
00026356,11,2026,197392,00527133701,2,N, , ,N,N,N
00026356,11,2026,198152,00527136701,2,N, , ,N,N,N
00026356,11,2026,311386,00527139401,2,N, , ,N,N,N
00026356,11,2026,314078,00527139501,2,N, , ,N,N,N
00026356,11,2026,311385,00527139601,2,N, , ,N,N,N
00026356,11,2026,314075,00527139701,2,N, , ,N,N,N
00026356,11,2026,1001004,00527140701,4,N, , ,N,N,N
00026356,11,2026,198316,00527163210,1,N, , ,N,N,N
00026356,11,2026,238154,00527169505,2,Y,180,30,Y,N,N
00026356,11,2026,865117,00527178801,4,N, , ,N,N,N
00026356,11,2026,865123,00527178901,4,N, , ,N,N,N
00026356,11,2026,860918,00527179001,4,N, , ,N,N,N
00026356,11,2026,859841,00527179101,4,N, , ,N,N,N
00026356,11,2026,197516,00527193106,2,N, , ,N,N,N
00026356,11,2026,477391,00527194866,4,N, , ,N,N,N
00026356,11,2026,1482908,00527213335,5,N, , ,Y,N,N
00026356,11,2026,360507,00527258032,6,N, , ,N,N,N
00026356,11,2026,991039,00527296137,4,N, , ,N,N,N
00026356,11,2026,991194,00527296237,4,N, , ,N,N,N
00026356,11,2026,1435115,00548231100,5,Y,2.24,28,Y,N,N
00026356,11,2026,854228,00548560100,2,Y,18,30,N,N,N
00026356,11,2026,854238,00548560300,2,Y,36,30,N,N,N
00026356,11,2026,854241,00548560400,2,Y,48,30,N,N,N
00026356,11,2026,854248,00548560500,2,Y,60,30,N,N,N
00026356,11,2026,854245,00548560600,2,Y,48,30,N,N,N
00026356,11,2026,310497,00548585000,3,N, , ,N,N,N
00026356,11,2026,2180671,00548835101,3,N, , ,N,N,N
00026356,11,2026,905369,00555003302,2,Y,120,30,N,N,N
00026356,11,2026,905516,00555015802,2,Y,120,30,N,N,N
00026356,11,2026,905495,00555015902,2,Y,120,30,N,N,N
00026356,11,2026,835913,00555017178,2,N, , ,N,N,N
00026356,11,2026,995232,00555032402,2,N, , ,N,N,N
00026356,11,2026,977883,00555048302,2,N, , ,N,N,N
00026356,11,2026,197556,00555063302,2,N, , ,N,N,N
00026356,11,2026,197554,00555063402,2,N, , ,N,N,N
00026356,11,2026,197555,00555063502,2,N, , ,N,N,N
00026356,11,2026,1009145,00555077502,2,Y,60,30,N,N,N
00026356,11,2026,687043,00555077602,2,Y,60,30,N,N,N
00026356,11,2026,577957,00555077702,2,Y,60,30,N,N,N
00026356,11,2026,1000114,00555077902,1,N, , ,N,N,N
00026356,11,2026,1000135,00555087202,1,N, , ,N,N,N
00026356,11,2026,1000141,00555087302,1,N, , ,N,N,N
00026356,11,2026,197658,00555088602,1,N, , ,N,N,N
00026356,11,2026,197659,00555088702,1,N, , ,N,N,N
00026356,11,2026,197657,00555089902,1,N, , ,N,N,N
00026356,11,2026,541878,00555097102,2,Y,60,30,N,N,N
00026356,11,2026,541892,00555097202,2,Y,60,30,N,N,N
00026356,11,2026,577961,00555097302,2,Y,60,30,N,N,N
00026356,11,2026,541363,00555097402,2,Y,60,30,N,N,N
00026356,11,2026,751871,00555900942,2,N, , ,N,N,N
00026356,11,2026,751870,00555901058,2,N, , ,N,N,N
00026356,11,2026,762007,00555901258,2,N, , ,N,N,N
00026356,11,2026,751885,00555901467,2,N, , ,N,N,N
00026356,11,2026,753481,00555901658,2,N, , ,N,N,N
00026356,11,2026,762333,00555901858,2,N, , ,N,N,N
00026356,11,2026,751890,00555902058,2,N, , ,N,N,N
00026356,11,2026,1358780,00555902542,2,N, , ,N,N,N
00026356,11,2026,1358765,00555902658,2,N, , ,N,N,N
00026356,11,2026,1359030,00555902742,2,N, , ,N,N,N
00026356,11,2026,1359025,00555902858,2,N, , ,N,N,N
00026356,11,2026,1359135,00555903270,2,N, , ,N,N,N
00026356,11,2026,753482,00555904358,2,N, , ,N,N,N
00026356,11,2026,750268,00555904558,2,N, , ,N,N,N
00026356,11,2026,762001,00555905058,2,N, , ,N,N,N
00026356,11,2026,753483,00555906458,2,N, , ,N,N,N
00026356,11,2026,197411,00574010603,2,N, , ,N,N,N
00026356,11,2026,309371,00574010770,2,N, , ,N,N,N
00026356,11,2026,977880,00574029201,1,N, , ,N,N,N
00026356,11,2026,582926,00574061105,2,N, , ,N,N,N
00026356,11,2026,261178,00574200802,2,Y,60,30,N,N,N
00026356,11,2026,197877,00574204230,2,Y,30,30,Y,N,N
00026356,11,2026,198300,00574220145,2,N, , ,Y,N,N
00026356,11,2026,106303,00574220545,2,N, , ,Y,N,N
00026356,11,2026,308508,00574402235,2,N, , ,N,N,N
00026356,11,2026,309683,00574403105,2,N, , ,N,N,N
00026356,11,2026,284254,00574722612,2,N, , ,N,N,N
00026356,11,2026,308725,00591283201,5,N, , ,Y,N,N
00026356,11,2026,1596780,00591292102,4,Y,300,30,Y,N,N
00026356,11,2026,1597123,00591321630,4,Y,300,30,Y,N,N
00026356,11,2026,998671,00591350804,2,N, , ,N,N,N
00026356,11,2026,998675,00591350904,2,N, , ,N,N,N
00026356,11,2026,998679,00591351004,2,N, , ,N,N,N
00026356,11,2026,1801289,00591354360,2,N, , ,N,N,N
00026356,11,2026,199521,00591385101,5,Y,180,30,Y,N,N
00026356,11,2026,1245262,00591439096,5,Y,112,28,Y,N,N
00026356,11,2026,312615,00591544305,1,N, , ,Y,N,N
00026356,11,2026,197365,00591571301,2,N, , ,N,N,N
00026356,11,2026,197366,00591571401,2,N, , ,N,N,N
00026356,11,2026,197363,00591571501,2,N, , ,N,N,N
00026356,11,2026,197364,00591571630,2,N, , ,N,N,N
00026356,11,2026,603378,00597000302,5,N, , ,N,N,N
00026356,11,2026,1190225,00597002402,3,Y,8,30,N,N,N
00026356,11,2026,836368,00597008717,4,Y,25.8,28,N,N,N
00026356,11,2026,1552004,00597010061,3,Y,4,30,N,N,N
00026356,11,2026,1430453,00597013730,5,Y,30,30,Y,N,N
00026356,11,2026,1430457,00597013830,5,Y,30,30,Y,N,N
00026356,11,2026,1100706,00597014030,3,Y,30,30,N,N,N
00026356,11,2026,1430449,00597014130,5,Y,30,30,Y,N,N
00026356,11,2026,1592748,00597014360,5,Y,60,30,Y,N,N
00026356,11,2026,1592752,00597014560,5,Y,60,30,Y,N,N
00026356,11,2026,1243033,00597014660,3,Y,60,30,N,N,N
00026356,11,2026,1243026,00597014860,3,Y,60,30,N,N,N
00026356,11,2026,1545664,00597015230,3,Y,30,30,N,N,Y
00026356,11,2026,1545668,00597015330,3,Y,30,30,N,N,Y
00026356,11,2026,1651275,00597015561,3,Y,4,30,N,N,N
00026356,11,2026,1664321,00597015960,3,Y,60,30,N,N,N
00026356,11,2026,1667882,00597016061,3,Y,4,30,N,N,N
00026356,11,2026,1602120,00597016430,3,Y,30,30,N,N,N
00026356,11,2026,1665369,00597016860,3,Y,60,30,N,N,N
00026356,11,2026,1664328,00597017560,3,Y,60,30,N,N,N
00026356,11,2026,1664325,00597018060,3,Y,60,30,N,N,N
00026356,11,2026,1602115,00597018230,3,Y,30,30,N,N,N
00026356,11,2026,1546083,00597019261,3,Y,4,28,N,N,N
00026356,11,2026,1796091,00597027073,3,Y,60,30,N,N,N
00026356,11,2026,1796096,00597027533,3,Y,30,30,N,N,N
00026356,11,2026,1862688,00597028073,3,Y,30,30,N,N,N
00026356,11,2026,1862701,00597029074,3,Y,60,30,N,N,N
00026356,11,2026,1862697,00597029588,3,Y,30,30,N,N,N
00026356,11,2026,1862692,00597030045,3,Y,60,30,N,N,N
00026356,11,2026,2640889,00597037082,5,N, , ,Y,N,N
00026356,11,2026,2640898,00597037597,5,N, , ,Y,N,N
00026356,11,2026,2359285,00597038013,3,Y,30,30,N,N,N
00026356,11,2026,2359290,00597038577,3,Y,60,30,N,N,N
00026356,11,2026,2359353,00597039071,3,Y,30,30,N,N,N
00026356,11,2026,2359358,00597039582,3,Y,60,30,N,N,N
00026356,11,2026,2640892,00597040089,5,N, , ,Y,N,N
00026356,11,2026,2640894,00597040580,5,N, , ,Y,N,N
00026356,11,2026,2680746,00597048520,5,N, , ,Y,N,N
00026356,11,2026,2680750,00597049550,5,N, , ,Y,N,N
00026356,11,2026,2721615,00597925786,5,Y,90,30,Y,N,N
00026356,11,2026,991082,00603116158,2,N, , ,N,N,N
00026356,11,2026,762675,00603459315,1,N, , ,N,N,N
00026356,11,2026,198078,00603506221,2,N, , ,N,N,N
00026356,11,2026,763181,00603533715,2,N, , ,N,N,N
00026356,11,2026,763179,00603533731,2,N, , ,N,N,N
00026356,11,2026,763185,00603533815,2,N, , ,N,N,N
00026356,11,2026,763183,00603533831,2,N, , ,N,N,N
00026356,11,2026,856448,00603548232,2,N, , ,N,N,N
00026356,11,2026,856457,00603548332,2,N, , ,N,N,N
00026356,11,2026,856519,00603548421,2,N, , ,N,N,N
00026356,11,2026,856578,00603548628,2,N, , ,N,N,N
00026356,11,2026,1659598,00641611710,2,N, , ,N,N,N
00026356,11,2026,312068,00641617410,4,N, , ,N,N,N
00026356,11,2026,314152,00641617701,4,N, , ,N,N,N
00026356,11,2026,198159,00713013512,2,N, , ,N,N,N
00026356,11,2026,1191302,00713022315,2,N, , ,N,N,N
00026356,11,2026,1191256,00713022415,2,N, , ,N,N,N
00026356,11,2026,308865,00713031853,2,Y,120,30,N,N,N
00026356,11,2026,197407,00713032637,2,N, , ,N,N,N
00026356,11,2026,197409,00713032737,2,N, , ,N,N,N
00026356,11,2026,562847,00713035281,5,N, , ,Y,N,N
00026356,11,2026,992459,00713052612,2,N, , ,Y,N,N
00026356,11,2026,1114466,00713056431,2,Y,30,30,N,N,N
00026356,11,2026,310465,00713068215,2,Y,120,30,N,N,N
00026356,11,2026,197735,00713068315,2,Y,90,30,N,N,N
00026356,11,2026,1191315,00713070915,2,N, , ,N,N,N
00026356,11,2026,308047,00781106110,1,Y,120,30,N,N,N
00026356,11,2026,308048,00781107710,1,Y,120,30,N,N,N
00026356,11,2026,197321,00781107905,1,Y,120,30,N,N,N
00026356,11,2026,197322,00781108901,1,Y,150,30,N,N,N
00026356,11,2026,562251,00781187431,2,N, , ,N,N,N
00026356,11,2026,313190,00781210201,2,N, , ,Y,N,N
00026356,11,2026,198377,00781210301,2,N, , ,Y,N,N
00026356,11,2026,198378,00781210401,2,N, , ,Y,N,N
00026356,11,2026,308212,00781214501,2,N, , ,N,N,N
00026356,11,2026,1592279,00781215832,5,Y,270,30,Y,N,N
00026356,11,2026,403811,00781232368,2,Y,2,28,Y,N,N
00026356,11,2026,308191,00781261305,1,N, , ,N,N,N
00026356,11,2026,199119,00781285931,1,N, , ,N,N,N
00026356,11,2026,309092,00781320695,2,N, , ,N,N,N
00026356,11,2026,1654630,00781323434,5,Y,30,30,Y,N,N
00026356,11,2026,854235,00781324664,2,Y,24,30,N,N,N
00026356,11,2026,2000007,00781325089,5,Y,12,28,Y,N,N
00026356,11,2026,1361615,00781354525,2,N, , ,N,N,N
00026356,11,2026,545835,00781400332,2,N, , ,Y,N,N
00026356,11,2026,991332,00781402753,2,N, , ,N,N,N
00026356,11,2026,991053,00781402822,2,N, , ,N,N,N
00026356,11,2026,310600,00781551501,4,N, , ,N,N,N
00026356,11,2026,240741,00781602246,2,N, , ,N,N,N
00026356,11,2026,309322,00781602346,2,N, , ,N,N,N
00026356,11,2026,617423,00781610246,2,N, , ,N,N,N
00026356,11,2026,617993,00781613954,2,N, , ,N,N,N
00026356,11,2026,403908,00781618667,2,Y,7.5,7,N,N,N
00026356,11,2026,861204,00781717775,4,N, , ,N,N,N
00026356,11,2026,198322,00781802801,2,N, , ,N,N,N
00026356,11,2026,749783,00781808926,1,N, , ,N,N,N
00026356,11,2026,749780,00781809003,1,N, , ,N,N,N
00026356,11,2026,584414,00832046560,2,Y,60,30,N,N,N
00026356,11,2026,310261,00832059530,2,N, , ,N,N,N
00026356,11,2026,855292,00832121100,1,N, , ,N,N,N
00026356,11,2026,855306,00832121200,1,N, , ,N,N,N
00026356,11,2026,855316,00832121300,1,N, , ,N,N,N
00026356,11,2026,855322,00832121400,1,N, , ,N,N,N
00026356,11,2026,855328,00832121500,1,N, , ,N,N,N
00026356,11,2026,855336,00832121610,1,N, , ,N,N,N
00026356,11,2026,855342,00832121700,1,N, , ,N,N,N
00026356,11,2026,855348,00832121800,1,N, , ,N,N,N
00026356,11,2026,855300,00832121900,1,N, , ,N,N,N
00026356,11,2026,861635,00832142505,4,N, , ,N,N,N
00026356,11,2026,310670,00832151011,2,N, , ,N,N,N
00026356,11,2026,310671,00832152011,2,N, , ,N,N,N
00026356,11,2026,314034,00832153011,2,N, , ,N,N,N
00026356,11,2026,310672,00832154011,2,N, , ,N,N,N
00026356,11,2026,1801298,00832532410,2,N, , ,N,N,N
00026356,11,2026,1801294,00832532510,2,N, , ,N,N,N
00026356,11,2026,991336,00832601900,4,N, , ,N,N,N
00026356,11,2026,991044,00832602000,4,N, , ,N,N,N
00026356,11,2026,991188,00832602100,4,N, , ,N,N,N
00026356,11,2026,896758,00904745161,2,N, , ,N,N,N
00026356,11,2026,197550,10019098401,3,N, , ,Y,Y,N
00026356,11,2026,2102717,10094020560,5,Y,60,30,Y,N,N
00026356,11,2026,2102713,10094021060,5,Y,60,30,Y,N,N
00026356,11,2026,2102715,10094022060,5,Y,60,30,Y,N,N
00026356,11,2026,2059228,10122050201,5,N, , ,Y,N,N
00026356,11,2026,199148,10135060571,2,N, , ,N,N,N
00026356,11,2026,849395,10135069201,2,N, , ,N,N,N
00026356,11,2026,199159,10370026801,5,N, , ,N,N,N
00026356,11,2026,966920,10572010001,2,N, , ,N,N,N
00026356,11,2026,1540356,10631040701,2,N, , ,N,N,N
00026356,11,2026,992475,10702000401,1,N, , ,Y,N,N
00026356,11,2026,2101899,10702003645,2,N, , ,N,N,N
00026356,11,2026,1049683,10702005601,2,Y,180,30,N,N,N
00026356,11,2026,1049635,10702018401,2,Y,360,30,N,N,N
00026356,11,2026,889520,11534018701,4,Y,180,30,Y,N,N
00026356,11,2026,2055676,12496009001,5,Y,1,30,N,N,N
00026356,11,2026,2055672,12496012001,5,Y,1,30,N,N,N
00026356,11,2026,476809,13107000130,2,N, , ,N,N,N
00026356,11,2026,314111,13107000334,2,N, , ,N,N,N
00026356,11,2026,311725,13107003134,2,N, , ,N,N,N
00026356,11,2026,311726,13107003234,2,N, , ,N,N,N
00026356,11,2026,993770,13107005801,2,Y,360,30,N,N,N
00026356,11,2026,993781,13107005999,2,Y,360,30,N,N,N
00026356,11,2026,238153,13107007501,4,Y,180,30,Y,N,N
00026356,11,2026,197466,13107032001,4,Y,180,30,N,N,N
00026356,11,2026,197593,13517010030,5,N, , ,N,N,N
00026356,11,2026,1661220,13533070501,5,N, , ,Y,N,N
00026356,11,2026,1809580,13533080012,5,N, , ,Y,N,N
00026356,11,2026,283672,13668000905,1,Y,120,30,N,N,N
00026356,11,2026,200371,13668001005,1,Y,30,30,N,N,N
00026356,11,2026,309314,13668001105,1,Y,30,30,N,N,N
00026356,11,2026,859033,13668009190,2,N, , ,N,N,N
00026356,11,2026,859040,13668009290,2,N, , ,N,N,N
00026356,11,2026,859044,13668009390,2,N, , ,N,N,N
00026356,11,2026,859052,13668009490,2,N, , ,N,N,N
00026356,11,2026,859048,13668009590,2,N, , ,N,N,N
00026356,11,2026,317110,13668010401,1,N, , ,N,N,N
00026356,11,2026,311196,13668010601,1,N, , ,N,N,N
00026356,11,2026,402698,13668013201,2,N, , ,N,N,N
00026356,11,2026,402696,13668013301,2,N, , ,N,N,N
00026356,11,2026,402695,13668013401,2,N, , ,N,N,N
00026356,11,2026,858625,13668018490,2,N, , ,N,N,N
00026356,11,2026,402131,13668021730,2,N, , ,N,N,N
00026356,11,2026,856369,13668033301,1,N, , ,N,N,N
00026356,11,2026,597850,13668045301,2,N, , ,N,N,N
00026356,11,2026,597852,13668046201,2,N, , ,N,N,N
00026356,11,2026,197985,13668048201,2,N, , ,N,N,N
00026356,11,2026,314108,13668048301,2,N, , ,N,N,N
00026356,11,2026,197984,13668048450,2,N, , ,N,N,N
00026356,11,2026,598006,13668060601,4,N, , ,N,N,N
00026356,11,2026,197650,13668060701,4,N, , ,N,N,N
00026356,11,2026,861601,13925051510,2,N, , ,N,N,N
00026356,11,2026,861597,13925052201,2,N, , ,Y,N,N
00026356,11,2026,995278,14539067505,1,N, , ,N,N,N
00026356,11,2026,615882,15054104005,5,N, , ,Y,N,N
00026356,11,2026,2697164,15370040130,5,N, , ,N,Y,N
00026356,11,2026,2697167,15370040230,5,N, , ,N,Y,N
00026356,11,2026,2697170,15370040330,5,N, , ,N,Y,N
00026356,11,2026,2471100,16110039105,5,Y,5,5,N,Y,N
00026356,11,2026,855926,16571020150,2,Y,60,30,N,N,N
00026356,11,2026,855906,16571020210,2,Y,120,30,N,N,N
00026356,11,2026,855664,16571020310,2,N, , ,N,N,N
00026356,11,2026,199164,16571066801,2,N, , ,Y,N,N
00026356,11,2026,198086,16571067101,2,N, , ,Y,N,N
00026356,11,2026,389201,16571080901,2,Y,30,30,N,N,N
00026356,11,2026,1095227,16714034004,2,N, , ,N,N,N
00026356,11,2026,1304988,16714035904,2,N, , ,N,N,N
00026356,11,2026,1661092,16714036603,2,Y,91,84,N,N,N
00026356,11,2026,1438778,16714040404,2,N, , ,N,N,N
00026356,11,2026,1440937,16714040504,2,N, , ,N,N,N
00026356,11,2026,1440183,16714040604,2,N, , ,N,N,N
00026356,11,2026,1537209,16714040703,2,N, , ,N,N,N
00026356,11,2026,1487086,16714040803,2,N, , ,N,N,N
00026356,11,2026,1539953,16714044004,2,N, , ,N,N,N
00026356,11,2026,1539955,16714044104,2,N, , ,N,N,N
00026356,11,2026,1605086,16714046404,2,N, , ,N,N,N
00026356,11,2026,308714,16714049602,2,Y,90,30,N,N,N
00026356,11,2026,310431,16714066202,2,Y,360,30,N,N,N
00026356,11,2026,476351,16714078101,6,Y,30,30,N,N,N
00026356,11,2026,199247,16729000316,6,Y,60,30,N,N,N
00026356,11,2026,314231,16729000417,6,N, , ,N,N,N
00026356,11,2026,312961,16729000517,6,N, , ,N,N,N
00026356,11,2026,198211,16729000617,6,N, , ,N,N,N
00026356,11,2026,199123,16729002310,2,N, , ,N,N,N
00026356,11,2026,199224,16729003510,1,N, , ,N,N,N
00026356,11,2026,310346,16729009016,1,N, , ,N,N,N
00026356,11,2026,199058,16729009401,2,N, , ,Y,N,N
00026356,11,2026,721791,16729009512,2,N, , ,N,N,N
00026356,11,2026,721794,16729009612,2,N, , ,N,N,N
00026356,11,2026,721796,16729009712,2,N, , ,N,N,N
00026356,11,2026,895670,16729010912,2,N, , ,N,N,N
00026356,11,2026,853201,16729013212,2,N, , ,N,N,N
00026356,11,2026,197319,16729013416,1,N, , ,N,N,N
00026356,11,2026,197320,16729013516,1,N, , ,N,N,N
00026356,11,2026,197527,16729013616,1,Y,90,30,N,N,N
00026356,11,2026,197528,16729013716,1,Y,90,30,N,N,N
00026356,11,2026,197529,16729013816,1,Y,300,30,N,N,N
00026356,11,2026,856773,16729017601,2,N, , ,N,N,N
00026356,11,2026,429503,16729018201,1,N, , ,N,N,N
00026356,11,2026,310798,16729018317,1,N, , ,N,N,N
00026356,11,2026,485023,16729018929,4,N, , ,Y,N,N
00026356,11,2026,485020,16729026129,4,N, , ,Y,N,N
00026356,11,2026,855812,16729027310,2,Y,30,30,N,N,N
00026356,11,2026,351256,16729029310,2,N, , ,N,N,N
00026356,11,2026,863628,16729031901,2,N, , ,N,N,N
00026356,11,2026,349405,16729032215,6,N, , ,N,N,N
00026356,11,2026,1012895,16729034210,5,Y,30,30,Y,N,N
00026356,11,2026,1235247,16729034610,2,Y,30,30,N,N,N
00026356,11,2026,1040031,16729034710,2,Y,30,30,N,N,N
00026356,11,2026,1297278,16729035010,4,Y,30,30,N,N,N
00026356,11,2026,1086772,16729035210,2,Y,30,30,N,N,N
00026356,11,2026,1373483,16729041604,2,Y,14,7,Y,N,N
00026356,11,2026,313189,16729042110,2,Y,100,30,N,N,N
00026356,11,2026,1996246,16729043445,5,N, , ,N,N,N
00026356,11,2026,105585,16729048601,2,N, , ,Y,Y,N
00026356,11,2026,2569281,16729056101,2,Y,180,30,N,N,N
00026356,11,2026,2569283,16729056201,2,Y,60,30,N,N,N
00026356,11,2026,1119312,16729056301,2,Y,60,30,N,N,N
00026356,11,2026,2123072,17270074000,2,Y,17,30,N,N,N
00026356,11,2026,310364,21922000101,2,N, , ,N,N,N
00026356,11,2026,1597129,21922001902,4,Y,300,30,Y,N,N
00026356,11,2026,106387,21922002107,2,Y,60,30,N,N,N
00026356,11,2026,203088,21922002507,2,Y,180,30,N,N,N
00026356,11,2026,309291,21922005351,2,Y,19.8,30,N,N,N
00026356,11,2026,897683,23155002601,1,N, , ,N,N,N
00026356,11,2026,312059,23155005101,2,N, , ,N,N,N
00026356,11,2026,311918,23155005419,2,Y,18,30,N,N,N
00026356,11,2026,314135,23155005519,2,Y,18,30,N,N,N
00026356,11,2026,310537,23155005810,6,N, , ,Y,N,N
00026356,11,2026,897722,23155005901,1,N, , ,N,N,N
00026356,11,2026,197942,23155007001,1,N, , ,N,N,N
00026356,11,2026,197941,23155007101,1,N, , ,N,N,N
00026356,11,2026,1652673,23155013301,2,N, , ,N,N,N
00026356,11,2026,1650142,23155013525,2,N, , ,N,N,N
00026356,11,2026,1723156,23155029041,2,N, , ,N,N,N
00026356,11,2026,1719286,23155047344,1,N, , ,N,N,N
00026356,11,2026,897666,23155048601,1,N, , ,N,N,N
00026356,11,2026,833008,23155049001,2,N, , ,N,N,N
00026356,11,2026,995218,23155050001,2,N, , ,N,N,N
00026356,11,2026,995258,23155050105,2,N, , ,N,N,N
00026356,11,2026,995281,23155050201,2,N, , ,N,N,N
00026356,11,2026,857560,23155053006,2,N, , ,N,N,N
00026356,11,2026,197682,23155053201,2,N, , ,N,N,N
00026356,11,2026,197738,23155060601,2,N, , ,N,N,N
00026356,11,2026,197739,23155060701,2,N, , ,N,N,N
00026356,11,2026,197433,23155062102,2,N, , ,N,N,N
00026356,11,2026,858804,23155070401,6,N, , ,N,N,N
00026356,11,2026,858817,23155077201,6,N, , ,N,N,N
00026356,11,2026,313571,23155085978,2,Y,112,14,N,N,N
00026356,11,2026,197703,23155086101,5,N, , ,N,N,N
00026356,11,2026,310878,23155092681,2,N, , ,N,N,N
00026356,11,2026,2672379,23594015030,5,Y,30,30,Y,N,N
00026356,11,2026,2732203,23594015032,5,N, , ,Y,N,N
00026356,11,2026,2672385,23594015130,5,Y,30,30,Y,N,N
00026356,11,2026,2672391,23594015230,5,Y,30,30,Y,N,N
00026356,11,2026,2672397,23594015330,5,Y,30,30,Y,N,N
00026356,11,2026,1012021,24208031705,2,N, , ,N,N,N
00026356,11,2026,849506,24208034205,2,N, , ,N,N,N
00026356,11,2026,1797863,24208034425,4,Y,50,25,N,N,N
00026356,11,2026,2637556,24208037705,3,Y,12,28,N,N,N
00026356,11,2026,1797833,24208039830,2,Y,30,28,N,N,N
00026356,11,2026,1797844,24208039915,2,Y,15,10,N,N,N
00026356,11,2026,1099503,24208044335,3,Y,3.5,14,N,N,N
00026356,11,2026,854801,24208045705,2,N, , ,N,N,N
00026356,11,2026,308805,24208046410,2,N, , ,N,N,N
00026356,11,2026,310015,24208048510,2,N, , ,N,N,N
00026356,11,2026,1988399,24208050402,4,Y,5,30,N,N,N
00026356,11,2026,1150836,24208050505,2,N, , ,N,N,N
00026356,11,2026,2118539,24208050707,3,Y,5,16,N,N,N
00026356,11,2026,864650,24208053535,4,N, , ,N,N,N
00026356,11,2026,308511,24208055555,2,N, , ,N,N,N
00026356,11,2026,204423,24208063110,2,N, , ,N,N,N
00026356,11,2026,310687,24208063562,2,N, , ,N,N,N
00026356,11,2026,1006120,24208067004,2,N, , ,N,N,N
00026356,11,2026,226343,24208072002,2,N, , ,N,N,N
00026356,11,2026,308493,24208078055,2,N, , ,N,N,N
00026356,11,2026,1116150,24208078555,2,N, , ,N,N,N
00026356,11,2026,310594,24208079062,2,N, , ,N,N,N
00026356,11,2026,309679,24208079535,2,N, , ,N,N,N
00026356,11,2026,309680,24208083060,2,N, , ,N,N,N
00026356,11,2026,310149,24208091055,2,Y,3.5,4,N,N,N
00026356,11,2026,2698570,24338015401,5,Y,112,28,Y,N,N
00026356,11,2026,2698574,24338015501,5,Y,112,28,Y,N,N
00026356,11,2026,1100184,24979000406,2,Y,30,30,N,N,N
00026356,11,2026,577154,24979004113,2,N, , ,Y,N,N
00026356,11,2026,1373491,24979012804,5,Y,60,30,Y,N,N
00026356,11,2026,862013,24979053401,2,N, , ,N,N,N
00026356,11,2026,1665102,25021010910,2,N, , ,N,N,N
00026356,11,2026,1737244,25021011502,2,N, , ,N,N,N
00026356,11,2026,1737578,25021011504,2,N, , ,N,N,N
00026356,11,2026,1737581,25021011506,2,N, , ,N,N,N
00026356,11,2026,1659287,25021012850,2,N, , ,N,N,N
00026356,11,2026,242800,25021012999,2,N, , ,N,N,N
00026356,11,2026,311683,25021013182,2,N, , ,N,N,N
00026356,11,2026,1721315,25021018482,2,N, , ,N,N,N
00026356,11,2026,1721314,25021018487,2,N, , ,N,N,N
00026356,11,2026,1361226,25021040010,2,N, , ,N,N,N
00026356,11,2026,859871,25021083405,2,N, , ,N,N,N
00026356,11,2026,317094,27241004910,2,N, , ,N,N,N
00026356,11,2026,349435,27241006203,4,N, , ,N,N,N
00026356,11,2026,349434,27241006303,4,N, , ,N,N,N
00026356,11,2026,596934,27241009990,2,Y,60,30,N,N,N
00026356,11,2026,349287,27241011703,2,N, , ,N,N,N
00026356,11,2026,310288,27241011904,2,N, , ,N,N,N
00026356,11,2026,310289,27241012004,2,N, , ,N,N,N
00026356,11,2026,577033,27241012403,2,Y,360,30,Y,N,N
00026356,11,2026,616749,27241012502,2,Y,120,30,N,N,N
00026356,11,2026,728231,27241012602,2,Y,60,30,N,N,N
00026356,11,2026,863559,27241015919,5,N, , ,N,N,N
00026356,11,2026,855182,27241019130,2,N, , ,N,N,N
00026356,11,2026,855189,27241019230,2,N, , ,N,N,N
00026356,11,2026,2705796,27505000605,5,Y,600,30,Y,N,N
00026356,11,2026,313306,27808003301,2,N, , ,N,N,N
00026356,11,2026,1091133,27808005901,2,Y,900,30,N,N,N
00026356,11,2026,1649988,27808023302,2,N, , ,N,N,N
00026356,11,2026,483438,27808023701,2,Y,90,30,N,N,N
00026356,11,2026,314234,29033000305,2,N, , ,N,N,N
00026356,11,2026,282401,29300011101,1,N, , ,N,N,N
00026356,11,2026,198427,29300011201,1,N, , ,N,N,N
00026356,11,2026,198428,29300011316,1,N, , ,N,N,N
00026356,11,2026,198429,29300011416,1,N, , ,N,N,N
00026356,11,2026,311486,29300012410,1,N, , ,N,N,N
00026356,11,2026,152695,29300012510,1,N, , ,N,N,N
00026356,11,2026,854905,29300012601,2,N, , ,N,N,N
00026356,11,2026,854901,29300012701,2,N, , ,N,N,N
00026356,11,2026,313762,29300013101,2,Y,30,30,N,N,N
00026356,11,2026,313761,29300013201,2,Y,30,30,N,N,N
00026356,11,2026,884185,29300013601,1,N, , ,N,N,N
00026356,11,2026,1099625,29300013805,2,N, , ,N,N,N
00026356,11,2026,1099678,29300013905,2,N, , ,N,N,N
00026356,11,2026,1099870,29300014005,2,N, , ,N,N,N
00026356,11,2026,996571,29300017116,2,Y,60,30,N,N,N
00026356,11,2026,854916,29300018701,2,N, , ,N,N,N
00026356,11,2026,854919,29300018801,2,N, , ,N,N,N
00026356,11,2026,854908,29300018901,2,N, , ,N,N,N
00026356,11,2026,856834,29300042010,2,N, , ,N,N,N
00026356,11,2026,856845,29300042110,2,N, , ,N,N,N
00026356,11,2026,856853,29300042201,2,N, , ,N,N,N
00026356,11,2026,856762,29300042301,2,N, , ,N,N,N
00026356,11,2026,201708,30698003201,4,N, , ,N,N,N
00026356,11,2026,2699618,30698045501,5,Y,1200,30,Y,N,N
00026356,11,2026,1120068,31722009817,2,N, , ,N,N,N
00026356,11,2026,596926,31722016860,2,Y,60,30,N,N,N
00026356,11,2026,2058980,31722030032,5,Y,90,30,Y,N,N
00026356,11,2026,1859498,31722030132,5,Y,180,30,Y,N,N
00026356,11,2026,1658221,31722039431,4,N, , ,N,N,N
00026356,11,2026,199422,31722050560,2,Y,60,30,N,N,N
00026356,11,2026,200082,31722050660,2,N, , ,N,N,N
00026356,11,2026,199663,31722050960,2,N, , ,N,N,N
00026356,11,2026,905199,31722051901,1,N, , ,N,N,N
00026356,11,2026,905225,31722052001,1,N, , ,N,N,N
00026356,11,2026,905395,31722052101,1,N, , ,N,N,N
00026356,11,2026,905222,31722052201,1,N, , ,N,N,N
00026356,11,2026,198372,31722052901,1,N, , ,N,N,N
00026356,11,2026,198371,31722053101,1,N, , ,N,N,N
00026356,11,2026,311288,31722053612,2,N, , ,N,N,N
00026356,11,2026,311289,31722053705,2,N, , ,N,N,N
00026356,11,2026,311290,31722053812,2,N, , ,N,N,N
00026356,11,2026,387003,31722053960,2,N, , ,N,N,N
00026356,11,2026,197889,31722054501,1,N, , ,N,N,N
00026356,11,2026,855172,31722055190,1,N, , ,N,N,N
00026356,11,2026,597730,31722055612,2,Y,120,30,N,N,N
00026356,11,2026,242679,31722055760,2,N, , ,N,N,N
00026356,11,2026,309313,31722056424,2,N, , ,N,N,N
00026356,11,2026,403884,31722057447,2,N, , ,N,N,N
00026356,11,2026,728223,31722057960,5,N, , ,N,N,N
00026356,11,2026,728225,31722058060,5,N, , ,N,N,N
00026356,11,2026,746645,31722060360,2,Y,300,30,N,N,N
00026356,11,2026,1037179,31722062160,3,Y,60,30,N,N,N
00026356,11,2026,1037045,31722062260,3,Y,60,30,N,N,N
00026356,11,2026,1091839,31722062330,2,Y,30,30,N,N,N
00026356,11,2026,308429,31722062921,2,N, , ,N,N,N
00026356,11,2026,313565,31722070430,2,N, , ,N,N,N
00026356,11,2026,313564,31722070530,2,N, , ,N,N,N
00026356,11,2026,314200,31722071390,1,Y,60,30,N,N,N
00026356,11,2026,311759,31722072790,2,N, , ,N,N,N
00026356,11,2026,242438,31722072890,2,N, , ,N,N,N
00026356,11,2026,200095,31722073090,6,N, , ,N,N,N
00026356,11,2026,197311,31722077701,2,N, , ,N,N,N
00026356,11,2026,197313,31722077801,2,N, , ,N,N,N
00026356,11,2026,809992,31722081460,2,Y,60,30,N,N,N
00026356,11,2026,809996,31722081560,2,Y,60,30,N,N,N
00026356,11,2026,313566,31722083260,2,N, , ,N,N,N
00026356,11,2026,1245001,31722084130,5,Y,90,30,Y,N,N
00026356,11,2026,825421,31722084230,5,Y,30,30,Y,N,N
00026356,11,2026,825427,31722084330,5,Y,60,30,Y,N,N
00026356,11,2026,884617,31722084430,5,Y,60,30,Y,N,N
00026356,11,2026,311345,31722086525,5,N, , ,N,N,N
00026356,11,2026,859419,31722088530,6,N, , ,N,N,N
00026356,11,2026,197541,31722089901,2,Y,120,30,N,N,N
00026356,11,2026,197635,31722096060,4,Y,60,30,Y,N,N
00026356,11,2026,197636,31722096160,4,Y,60,30,Y,N,N
00026356,11,2026,197634,31722096260,4,Y,60,30,Y,N,N
00026356,11,2026,199192,33342002407,2,N, , ,N,N,N
00026356,11,2026,199193,33342002507,2,N, , ,N,N,N
00026356,11,2026,198382,33342002607,2,N, , ,N,N,N
00026356,11,2026,997226,33342002907,2,Y,30,30,N,N,N
00026356,11,2026,997220,33342003007,2,N, , ,N,N,N
00026356,11,2026,200094,33342004710,6,N, , ,N,N,N
00026356,11,2026,200096,33342004910,6,N, , ,N,N,N
00026356,11,2026,312078,33342006807,2,N, , ,N,N,N
00026356,11,2026,283639,33342007207,2,N, , ,N,N,N
00026356,11,2026,314155,33342008307,2,N, , ,N,N,N
00026356,11,2026,312076,33342008407,2,N, , ,N,N,N
00026356,11,2026,351107,33342008507,2,N, , ,N,N,N
00026356,11,2026,351108,33342008607,2,N, , ,N,N,N
00026356,11,2026,314214,33342008909,2,N, , ,N,N,N
00026356,11,2026,312835,33342009009,2,N, , ,N,N,N
00026356,11,2026,312836,33342009209,2,N, , ,N,N,N
00026356,11,2026,312839,33342009341,2,Y,18,30,N,N,N
00026356,11,2026,312837,33342009441,2,Y,18,30,N,N,N
00026356,11,2026,349251,33342009607,2,N, , ,N,N,N
00026356,11,2026,153822,33342011407,6,N, , ,N,N,N
00026356,11,2026,153823,33342011507,6,N, , ,N,N,N
00026356,11,2026,577776,33342011607,6,N, , ,N,N,N
00026356,11,2026,639537,33342011707,6,N, , ,N,N,N
00026356,11,2026,1095712,33342023807,2,Y,30,30,N,N,N
00026356,11,2026,996561,33342029815,2,Y,60,30,N,N,N
00026356,11,2026,485442,33342030011,2,Y,30,30,N,N,N
00026356,11,2026,485465,33342030111,2,Y,30,30,N,N,N
00026356,11,2026,313072,35573010813,2,N, , ,N,N,N
00026356,11,2026,313115,39822070602,5,N, , ,N,N,N
00026356,11,2026,239240,39822105505,2,N, , ,Y,N,N
00026356,11,2026,283523,42192060816,2,Y,2160,30,N,N,N
00026356,11,2026,749157,42291056584,2,N, , ,N,N,N
00026356,11,2026,2606490,42385092590,5,Y,90,30,Y,N,N
00026356,11,2026,864661,42385092830,5,N, , ,N,N,N
00026356,11,2026,2001424,42385092931,5,N, , ,N,N,N
00026356,11,2026,1363408,42388001114,5,Y,112,28,Y,N,N
00026356,11,2026,1363410,42388001214,5,N, , ,Y,N,N
00026356,11,2026,1364581,42388001314,5,N, , ,Y,N,N
00026356,11,2026,1790175,42388002326,5,Y,30,30,Y,N,N
00026356,11,2026,1790167,42388002426,5,Y,30,30,Y,N,N
00026356,11,2026,1790171,42388002526,5,Y,60,30,Y,N,N
00026356,11,2026,313570,42494045020,2,Y,56,14,N,N,N
00026356,11,2026,1300783,42515000201,3,N, , ,N,N,N
00026356,11,2026,898490,42543040801,2,N, , ,N,N,N
00026356,11,2026,284008,42571013027,4,Y,2.5,25,N,N,N
00026356,11,2026,831261,42571013252,2,N, , ,N,N,N
00026356,11,2026,608328,42571022130,4,N, , ,N,N,N
00026356,11,2026,730869,42571023530,6,N, , ,N,N,N
00026356,11,2026,730861,42571023630,6,N, , ,N,N,N
00026356,11,2026,730872,42571023730,6,N, , ,N,N,N
00026356,11,2026,309329,42571025001,2,N, , ,N,N,N
00026356,11,2026,199450,42571031501,2,Y,60,30,N,N,N
00026356,11,2026,246172,42571031601,2,Y,60,30,N,N,N
00026356,11,2026,861025,42571036007,4,Y,765,30,N,N,N
00026356,11,2026,861487,42571036299,2,N, , ,N,N,N
00026356,11,2026,1085745,42571038519,2,N, , ,N,N,N
00026356,11,2026,881341,42794000308,2,N, , ,N,N,N
00026356,11,2026,905172,42794000402,4,N, , ,N,N,N
00026356,11,2026,905168,42794000702,4,N, , ,N,N,N
00026356,11,2026,903456,42794001812,2,N, , ,N,N,N
00026356,11,2026,903697,42794001912,2,N, , ,N,N,N
00026356,11,2026,903703,42794002012,2,N, , ,N,N,N
00026356,11,2026,199689,42794008008,2,N, , ,N,N,N
00026356,11,2026,894859,42794008108,2,N, , ,N,N,N
00026356,11,2026,199690,42794008308,2,N, , ,N,N,N
00026356,11,2026,2723585,42794013112,2,N, , ,N,N,N
00026356,11,2026,2723581,42794013212,2,N, , ,N,N,N
00026356,11,2026,2723583,42794013312,2,N, , ,N,N,N
00026356,11,2026,199519,42799020801,2,N, , ,N,N,N
00026356,11,2026,311207,42799080601,2,N, , ,N,N,N
00026356,11,2026,198239,42806001101,2,N, , ,N,N,N
00026356,11,2026,198238,42806001801,2,N, , ,N,N,N
00026356,11,2026,308136,42806005509,1,N, , ,N,N,N
00026356,11,2026,1095229,42806005801,2,N, , ,N,N,N
00026356,11,2026,1922765,42806012101,2,N, , ,N,N,N
00026356,11,2026,1922720,42806012201,2,N, , ,N,N,N
00026356,11,2026,308459,42806014731,2,N, , ,N,N,N
00026356,11,2026,1650143,42806031250,2,N, , ,N,N,N
00026356,11,2026,1298910,42806033601,5,Y,120,30,N,N,N
00026356,11,2026,1298816,42806033701,2,Y,240,30,N,N,N
00026356,11,2026,1298906,42806033801,2,Y,270,30,N,N,N
00026356,11,2026,259966,42806040001,2,N, , ,N,N,N
00026356,11,2026,993518,42806042501,2,N, , ,N,N,N
00026356,11,2026,852913,42806051230,2,N, , ,N,N,N
00026356,11,2026,852877,42806051330,2,N, , ,N,N,N
00026356,11,2026,351172,42806054909,2,N, , ,N,N,N
00026356,11,2026,198228,42806075760,2,N, , ,N,N,N
00026356,11,2026,1049686,42858000401,2,Y,120,30,N,N,N
00026356,11,2026,891881,42858080101,2,Y,90,30,N,N,N
00026356,11,2026,891888,42858080201,2,Y,90,30,N,N,N
00026356,11,2026,891893,42858080301,2,Y,60,30,N,N,N
00026356,11,2026,891874,42858080401,2,Y,60,30,N,N,N
00026356,11,2026,892646,42858080501,4,Y,60,30,N,N,N
00026356,11,2026,848726,43068010102,5,Y,60,30,N,Y,N
00026356,11,2026,848738,43068010202,5,Y,60,30,N,Y,N
00026356,11,2026,848742,43068010402,5,Y,60,30,N,Y,N
00026356,11,2026,848746,43068010602,5,Y,60,30,N,Y,N
00026356,11,2026,848750,43068010802,5,Y,60,30,N,Y,N
00026356,11,2026,848730,43068011002,5,Y,60,30,N,Y,N
00026356,11,2026,848734,43068011202,5,Y,60,30,N,Y,N
00026356,11,2026,848752,43068011304,4,N, , ,N,Y,N
00026356,11,2026,2381144,43376032236,5,N, , ,Y,N,N
00026356,11,2026,979099,43386005019,2,N, , ,N,N,N
00026356,11,2026,967023,43386006019,2,N, , ,N,N,N
00026356,11,2026,967012,43386009019,2,N, , ,N,N,N
00026356,11,2026,801961,43386028001,2,N, , ,N,N,N
00026356,11,2026,801966,43386028101,2,N, , ,N,N,N
00026356,11,2026,197702,43386077101,5,N, , ,N,N,N
00026356,11,2026,1736047,43485010160,4,N, , ,N,Y,N
00026356,11,2026,1736050,43485010260,4,N, , ,N,Y,N
00026356,11,2026,2050059,43528000301,3,N, , ,Y,N,N
00026356,11,2026,403957,43547004903,2,Y,30,30,Y,N,N
00026356,11,2026,312845,43547026810,2,N, , ,N,N,N
00026356,11,2026,312846,43547026910,2,N, , ,N,N,N
00026356,11,2026,283858,43547027210,2,N, , ,N,N,N
00026356,11,2026,562704,43547027310,2,N, , ,N,N,N
00026356,11,2026,312849,43547027410,2,N, , ,N,N,N
00026356,11,2026,997229,43547027511,1,Y,30,30,N,N,N
00026356,11,2026,997223,43547027611,1,Y,30,30,N,N,N
00026356,11,2026,351249,43547028010,1,N, , ,N,N,N
00026356,11,2026,349332,43547028111,1,N, , ,N,N,N
00026356,11,2026,351250,43547028211,1,N, , ,N,N,N
00026356,11,2026,205304,43547028403,6,N, , ,N,N,N
00026356,11,2026,205305,43547028503,6,N, , ,N,N,N
00026356,11,2026,993503,43547028810,2,N, , ,N,N,N
00026356,11,2026,636045,43547031509,6,N, , ,N,N,N
00026356,11,2026,898723,43547033510,6,N, , ,N,N,N
00026356,11,2026,898687,43547033610,6,N, , ,N,N,N
00026356,11,2026,898690,43547033750,6,N, , ,N,N,N
00026356,11,2026,898719,43547033850,6,N, , ,N,N,N
00026356,11,2026,312828,43547033906,2,N, , ,N,N,N
00026356,11,2026,312829,43547034050,2,N, , ,N,N,N
00026356,11,2026,312830,43547034150,2,N, , ,N,N,N
00026356,11,2026,312831,43547034250,2,N, , ,N,N,N
00026356,11,2026,312832,43547034306,2,N, , ,N,N,N
00026356,11,2026,314211,43547034406,2,N, , ,N,N,N
00026356,11,2026,197884,43547035611,6,N, , ,N,N,N
00026356,11,2026,857169,43547038609,6,N, , ,N,N,N
00026356,11,2026,857183,43547038709,6,N, , ,N,N,N
00026356,11,2026,857187,43547038809,6,N, , ,N,N,N
00026356,11,2026,403853,43547039109,6,N, , ,N,N,N
00026356,11,2026,403854,43547039203,6,N, , ,N,N,N
00026356,11,2026,403855,43547039303,6,N, , ,N,N,N
00026356,11,2026,197732,43547040350,1,N, , ,N,N,N
00026356,11,2026,312750,43547041009,6,N, , ,N,N,N
00026356,11,2026,312748,43547041109,6,N, , ,N,N,N
00026356,11,2026,312749,43547041209,6,N, , ,N,N,N
00026356,11,2026,314203,43547041309,6,N, , ,N,N,N
00026356,11,2026,751618,43547052403,2,N, , ,N,N,N
00026356,11,2026,387013,43547052503,2,N, , ,N,N,N
00026356,11,2026,751612,43547052603,2,N, , ,N,N,N
00026356,11,2026,827073,43547052703,2,N, , ,N,N,N
00026356,11,2026,312504,43547055350,2,N, , ,N,N,N
00026356,11,2026,198243,43547061110,2,Y,120,30,N,N,N
00026356,11,2026,485489,43547061303,2,Y,30,30,N,N,N
00026356,11,2026,313447,43547065510,4,N, , ,N,N,N
00026356,11,2026,2612671,43598009604,5,N, , ,Y,N,N
00026356,11,2026,312079,43598016530,2,N, , ,N,N,N
00026356,11,2026,314154,43598016630,2,N, , ,N,N,N
00026356,11,2026,208185,43598021055,4,N, , ,N,N,N
00026356,11,2026,404013,43598031330,6,Y,30,30,N,N,N
00026356,11,2026,404011,43598031430,6,Y,30,30,N,N,N
00026356,11,2026,597990,43598031530,6,Y,30,30,N,N,N
00026356,11,2026,597984,43598031630,6,Y,30,30,N,N,N
00026356,11,2026,597993,43598031730,6,N, , ,N,N,N
00026356,11,2026,597967,43598031830,6,Y,30,30,N,N,N
00026356,11,2026,597980,43598031930,6,Y,30,30,N,N,N
00026356,11,2026,597974,43598032030,6,N, , ,N,N,N
00026356,11,2026,597987,43598032130,6,N, , ,N,N,N
00026356,11,2026,597977,43598032230,6,N, , ,N,N,N
00026356,11,2026,597971,43598032330,6,N, , ,N,N,N
00026356,11,2026,805464,43598039467,2,Y,112,28,Y,N,N
00026356,11,2026,199592,43598039567,5,Y,112,28,Y,N,N
00026356,11,2026,198038,43598043501,2,N, , ,N,N,N
00026356,11,2026,597747,43598045804,5,Y,120,30,Y,N,N
00026356,11,2026,861370,43598047990,2,N, , ,N,N,N
00026356,11,2026,606726,43598050930,2,Y,30,30,N,N,N
00026356,11,2026,1428947,43598051421,5,Y,28,28,Y,N,N
00026356,11,2026,1242231,43598051663,5,Y,28,28,Y,N,N
00026356,11,2026,198430,43598055030,2,N, , ,N,N,N
00026356,11,2026,252478,43598055130,2,N, , ,N,N,N
00026356,11,2026,103968,43598055230,2,N, , ,N,N,N
00026356,11,2026,252479,43598055330,2,N, , ,N,N,N
00026356,11,2026,757707,43598057630,2,Y,30,30,Y,N,N
00026356,11,2026,804544,43598058811,4,N, , ,N,N,N
00026356,11,2026,198182,43598067201,5,N, , ,Y,N,N
00026356,11,2026,979092,43598072101,2,Y,90,30,N,N,N
00026356,11,2026,643022,43598073430,4,Y,60,30,N,Y,N
00026356,11,2026,476345,43598074230,6,Y,30,30,N,N,N
00026356,11,2026,476349,43598074430,6,Y,30,30,N,N,N
00026356,11,2026,351223,43598084858,2,Y,6,28,N,N,N
00026356,11,2026,866103,43975034903,4,Y,30,30,N,N,N
00026356,11,2026,672567,43975035003,4,Y,30,30,N,N,N
00026356,11,2026,672569,43975035103,4,Y,60,30,N,N,N
00026356,11,2026,751566,44087000407,5,N, , ,Y,N,N
00026356,11,2026,751568,44087000507,5,N, , ,Y,N,N
00026356,11,2026,751570,44087000607,5,N, , ,Y,N,N
00026356,11,2026,2122661,44087400000,5,N, , ,Y,N,N
00026356,11,2026,2122659,44087400004,5,N, , ,Y,N,N
00026356,11,2026,2122657,44087400005,5,N, , ,Y,N,N
00026356,11,2026,2122655,44087400006,5,N, , ,Y,N,N
00026356,11,2026,2122650,44087400007,5,N, , ,Y,N,N
00026356,11,2026,2122648,44087400008,5,N, , ,Y,N,N
00026356,11,2026,2122642,44087400009,5,N, , ,Y,N,N
00026356,11,2026,2477272,44087500006,5,Y,60,30,Y,N,N
00026356,11,2026,249066,44523018208,2,N, , ,Y,N,N
00026356,11,2026,789980,44567010401,2,N, , ,N,N,N
00026356,11,2026,239189,44567022301,2,N, , ,N,N,N
00026356,11,2026,1659283,44567023525,2,N, , ,N,N,N
00026356,11,2026,1665107,44567024625,2,N, , ,N,N,N
00026356,11,2026,309072,44567024710,2,N, , ,N,N,N
00026356,11,2026,863538,44567031201,2,N, , ,N,N,N
00026356,11,2026,1665507,44567043624,2,N, , ,N,N,N
00026356,11,2026,1665515,44567043724,2,N, , ,N,N,N
00026356,11,2026,1665052,44567070625,2,N, , ,N,N,N
00026356,11,2026,2534244,45629008901,5,Y,21,28,Y,N,N
00026356,11,2026,2534249,45629013401,5,Y,21,28,Y,N,N
00026356,11,2026,240209,45802002146,2,N, , ,N,N,N
00026356,11,2026,318202,45802003846,2,N, , ,N,N,N
00026356,11,2026,238600,45802004064,2,N, , ,N,N,N
00026356,11,2026,1085640,45802004935,2,N, , ,N,N,N
00026356,11,2026,1085633,45802005435,2,N, , ,N,N,N
00026356,11,2026,1085636,45802005535,2,N, , ,N,N,N
00026356,11,2026,543546,45802005911,2,Y,60,30,N,N,N
00026356,11,2026,1085644,45802006335,1,N, , ,N,N,N
00026356,11,2026,1014314,45802006436,1,N, , ,N,N,N
00026356,11,2026,1085686,45802006535,1,N, , ,N,N,N
00026356,11,2026,310169,45802009735,2,N, , ,N,N,N
00026356,11,2026,151030,45802011846,2,N, , ,N,N,N
00026356,11,2026,151029,45802011942,2,N, , ,N,N,N
00026356,11,2026,977990,45802012932,2,N, , ,N,N,N
00026356,11,2026,977978,45802013132,2,N, , ,N,N,N
00026356,11,2026,142046,45802013970,4,N, , ,N,N,N
00026356,11,2026,895987,45802022211,2,N, , ,N,N,N
00026356,11,2026,1053697,45802024414,2,N, , ,N,N,N
00026356,11,2026,311753,45802025735,2,N, , ,N,N,N
00026356,11,2026,797274,45802026337,2,N, , ,N,N,N
00026356,11,2026,310982,45802036862,2,Y,24,30,N,N,N
00026356,11,2026,309290,45802040046,4,Y,180,30,N,N,N
00026356,11,2026,197362,45802041926,2,N, , ,N,N,N
00026356,11,2026,106336,45802046564,2,Y,360,30,N,N,N
00026356,11,2026,857366,45802046653,2,Y,170,30,N,N,N
00026356,11,2026,543460,45802049326,2,N, , ,N,N,N
00026356,11,2026,309333,45802056202,2,Y,180,30,N,N,N
00026356,11,2026,314227,45802059806,2,Y,12,30,N,N,N
00026356,11,2026,313159,45802061906,2,Y,12,30,N,N,N
00026356,11,2026,1596779,45802062786,2,N, , ,N,N,N
00026356,11,2026,1992273,45802063733,4,N, , ,N,N,N
00026356,11,2026,198245,45802071708,4,N, , ,N,N,N
00026356,11,2026,992454,45802075930,2,N, , ,Y,N,N
00026356,11,2026,1053753,45802088094,2,N, , ,N,N,N
00026356,11,2026,197785,45802093716,2,N, , ,N,N,N
00026356,11,2026,755470,45963043864,2,N, , ,N,N,N
00026356,11,2026,544452,45963043965,2,N, , ,N,N,N
00026356,11,2026,866412,45963067711,1,N, , ,N,N,N
00026356,11,2026,1799654,46287000601,2,N, , ,N,N,N
00026356,11,2026,483090,47335018688,2,N, , ,N,N,N
00026356,11,2026,476399,47335018788,4,N, , ,N,N,N
00026356,11,2026,476515,47335018888,4,N, , ,N,N,N
00026356,11,2026,1659927,47335030383,5,N, , ,Y,N,N
00026356,11,2026,2046585,47335040181,5,Y,120,30,Y,N,N
00026356,11,2026,1098143,47335061481,4,N, , ,N,N,N
00026356,11,2026,2200174,47335061630,4,Y,60,30,N,Y,N
00026356,11,2026,2200177,47335061730,4,Y,60,30,N,Y,N
00026356,11,2026,2200180,47335061830,4,Y,30,30,N,Y,N
00026356,11,2026,2200183,47335061930,4,Y,60,30,N,Y,N
00026356,11,2026,672571,47335076783,4,Y,30,30,N,N,N
00026356,11,2026,1010600,47781035503,4,N, , ,N,N,N
00026356,11,2026,1307056,47781035603,4,N, , ,N,N,N
00026356,11,2026,1010604,47781035703,4,N, , ,N,N,N
00026356,11,2026,1307061,47781035803,4,N, , ,N,N,N
00026356,11,2026,197623,47781060730,2,N, , ,N,N,N
00026356,11,2026,1190916,49281021558,3,N, , ,N,N,N
00026356,11,2026,1190919,49281021588,3,N, , ,N,N,N
00026356,11,2026,830470,49281025251,3,N, , ,Y,N,N
00026356,11,2026,1300310,49281028658,3,N, , ,N,N,N
00026356,11,2026,1300206,49281040010,3,N, , ,N,N,N
00026356,11,2026,1300191,49281040089,3,N, , ,N,N,N
00026356,11,2026,2585717,49281051105,3,N, , ,N,N,N
00026356,11,2026,1300468,49281054503,3,N, , ,N,N,N
00026356,11,2026,2587057,49281056458,3,N, , ,N,N,N
00026356,11,2026,2593121,49281056488,3,N, , ,N,N,N
00026356,11,2026,2360588,49281059005,3,N, , ,N,N,N
00026356,11,2026,807225,49281079020,3,N, , ,N,N,N
00026356,11,2026,1486496,49281079051,3,N, , ,N,N,N
00026356,11,2026,763106,49281086010,3,N, , ,N,N,N
00026356,11,2026,1658241,49281091501,3,N, , ,N,N,N
00026356,11,2026,1292828,49281091568,3,N, , ,N,N,N
00026356,11,2026,1939299,49401008835,5,Y,8,28,Y,N,N
00026356,11,2026,1939348,49401008847,5,Y,8,28,Y,N,N
00026356,11,2026,577315,49483068703,4,N, , ,N,N,N
00026356,11,2026,577324,49483068903,4,N, , ,N,N,N
00026356,11,2026,1374574,49502040124,5,Y,224,28,N,N,N
00026356,11,2026,2003255,49502045093,5,N, , ,N,N,N
00026356,11,2026,865208,49502090030,5,Y,30,30,N,Y,N
00026356,11,2026,865212,49502090130,5,Y,30,30,N,Y,N
00026356,11,2026,865216,49502090230,5,Y,30,30,N,Y,N
00026356,11,2026,1433879,49702022813,5,N, , ,N,N,N
00026356,11,2026,1546894,49702023113,5,Y,30,30,N,N,N
00026356,11,2026,1989506,49702024213,5,N, , ,N,N,N
00026356,11,2026,2122526,49702024613,5,N, , ,N,N,N
00026356,11,2026,2380551,49702025018,5,N, , ,N,N,N
00026356,11,2026,2374566,49702025537,5,N, , ,N,N,N
00026356,11,2026,2598352,49702025837,4,N, , ,N,N,N
00026356,11,2026,1857925,49702026055,5,N, , ,N,N,N
00026356,11,2026,197839,49884000901,2,N, , ,N,N,N
00026356,11,2026,636671,49884015576,2,Y,336,365,N,N,N
00026356,11,2026,636676,49884015676,2,Y,336,365,N,N,N
00026356,11,2026,645037,49884021255,4,N, , ,N,N,N
00026356,11,2026,1000064,49884022201,2,N, , ,N,N,N
00026356,11,2026,198140,49884023183,2,N, , ,N,N,N
00026356,11,2026,197987,49884025601,2,N, , ,N,N,N
00026356,11,2026,197986,49884025701,2,N, , ,N,N,N
00026356,11,2026,349194,49884030602,2,Y,90,30,N,N,N
00026356,11,2026,349195,49884030702,2,Y,90,30,N,N,N
00026356,11,2026,349198,49884030802,2,Y,90,30,N,N,N
00026356,11,2026,349196,49884030902,2,Y,90,30,N,N,N
00026356,11,2026,349197,49884031002,2,Y,300,30,N,N,N
00026356,11,2026,312439,49884034701,2,N, , ,N,N,N
00026356,11,2026,198103,49884034801,2,N, , ,N,N,N
00026356,11,2026,848943,49884046565,2,N, , ,N,N,N
00026356,11,2026,1486687,49884072008,5,N, , ,Y,N,N
00026356,11,2026,197797,49884072401,2,N, , ,N,N,N
00026356,11,2026,999986,49884078909,6,N, , ,N,N,N
00026356,11,2026,999991,49884079009,6,N, , ,N,N,N
00026356,11,2026,749289,49884094499,2,N, , ,N,N,N
00026356,11,2026,1430383,50102010003,2,N, , ,N,N,N
00026356,11,2026,1440185,50102022023,2,N, , ,N,N,N
00026356,11,2026,2107008,50102022423,2,N, , ,N,N,N
00026356,11,2026,1550536,50102022823,2,N, , ,N,N,N
00026356,11,2026,2104192,50102023113,2,N, , ,N,N,N
00026356,11,2026,1994764,50102023313,2,N, , ,N,N,N
00026356,11,2026,1994758,50102023513,2,N, , ,N,N,N
00026356,11,2026,1660690,50102025423,2,N, , ,N,N,N
00026356,11,2026,2397128,50102030013,2,N, , ,N,N,N
00026356,11,2026,314106,50111033301,1,N, , ,N,N,N
00026356,11,2026,311681,50111033402,1,N, , ,N,N,N
00026356,11,2026,856364,50111045001,1,N, , ,N,N,N
00026356,11,2026,856377,50111056001,1,N, , ,N,N,N
00026356,11,2026,310384,50111064701,1,N, , ,N,N,N
00026356,11,2026,308460,50111078710,1,N, , ,N,N,N
00026356,11,2026,248656,50111078810,1,N, , ,N,N,N
00026356,11,2026,204844,50111078910,1,N, , ,N,N,N
00026356,11,2026,198369,50111091601,1,N, , ,N,N,N
00026356,11,2026,198370,50111091801,1,N, , ,N,N,N
00026356,11,2026,199903,50228014605,1,N, , ,N,N,N
00026356,11,2026,993536,50228017601,2,N, , ,N,N,N
00026356,11,2026,311893,50228046605,2,N, , ,N,N,N
00026356,11,2026,1657212,50242004062,5,N, , ,Y,N,N
00026356,11,2026,2695437,50242007908,5,Y,30,30,Y,N,N
00026356,11,2026,2695433,50242008408,5,Y,60,30,Y,N,N
00026356,11,2026,1147228,50242009002,5,Y,240,30,Y,N,N
00026356,11,2026,2197873,50242009130,5,Y,180,30,Y,N,N
00026356,11,2026,2197877,50242009490,5,Y,90,30,Y,N,N
00026356,11,2026,205532,50242010040,5,N, , ,Y,N,N
00026356,11,2026,1727485,50242013001,5,Y,240,30,Y,N,N
00026356,11,2026,1242998,50242014001,5,Y,28,28,Y,N,N
00026356,11,2026,2058950,50242021401,5,N, , ,Y,N,N
00026356,11,2026,2673763,50242021455,5,N, , ,Y,N,N
00026356,11,2026,2058946,50242021501,5,N, , ,Y,N,N
00026356,11,2026,2673761,50242021555,5,N, , ,Y,N,N
00026356,11,2026,2663918,50242022701,5,N, , ,Y,N,N
00026356,11,2026,2663923,50242022755,5,N, , ,Y,N,N
00026356,11,2026,2668599,50242062342,5,Y,360,30,Y,N,N
00026356,11,2026,1722376,50242071701,5,Y,63,28,Y,N,N
00026356,11,2026,1312408,50419017103,5,Y,84,28,Y,N,N
00026356,11,2026,1439894,50419025001,5,Y,90,30,Y,N,N
00026356,11,2026,1439896,50419025101,5,Y,90,30,Y,N,N
00026356,11,2026,1439899,50419025201,5,Y,90,30,Y,N,N
00026356,11,2026,1439901,50419025301,5,Y,90,30,Y,N,N
00026356,11,2026,1439903,50419025401,5,Y,90,30,Y,N,N
00026356,11,2026,2105657,50419039001,5,Y,180,30,Y,N,N
00026356,11,2026,2105645,50419039101,5,Y,60,30,Y,N,N
00026356,11,2026,2105653,50419039201,5,Y,300,30,Y,N,N
00026356,11,2026,2180336,50419039501,5,Y,120,30,Y,N,N
00026356,11,2026,2728198,50419039701,5,Y,120,30,Y,N,N
00026356,11,2026,1366339,50419042201,4,N, , ,N,N,N
00026356,11,2026,807283,50419042301,4,N, , ,N,N,N
00026356,11,2026,1856546,50419042401,4,N, , ,N,N,N
00026356,11,2026,207059,50419052435,5,Y,15,30,Y,N,N
00026356,11,2026,2562822,50419054001,3,Y,30,30,Y,N,N
00026356,11,2026,2562826,50419054101,3,Y,30,30,Y,N,N
00026356,11,2026,2720071,50419054201,3,Y,30,30,Y,N,N
00026356,11,2026,858074,50458056001,3,Y,0.25,21,N,N,N
00026356,11,2026,858051,50458056101,5,Y,0.5,21,N,N,N
00026356,11,2026,858057,50458056201,5,Y,0.75,21,N,N,N
00026356,11,2026,858055,50458056301,5,Y,1,21,N,N,N
00026356,11,2026,858053,50458056401,5,Y,1.5,21,N,N,N
00026356,11,2026,2588066,50458057501,3,Y,600,30,N,N,Y
00026356,11,2026,2059017,50458057760,3,Y,60,30,N,Y,Y
00026356,11,2026,1232084,50458057830,3,Y,60,30,N,N,Y
00026356,11,2026,1232088,50458057930,3,Y,30,30,N,N,Y
00026356,11,2026,1114202,50458058030,3,Y,30,30,N,N,Y
00026356,11,2026,1549683,50458058451,3,N, , ,N,N,Y
00026356,11,2026,1650968,50458060601,5,Y,0.88,70,N,N,N
00026356,11,2026,1650972,50458060701,5,Y,1.32,70,N,N,N
00026356,11,2026,1650974,50458060801,5,Y,1.75,70,N,N,N
00026356,11,2026,1650976,50458060901,5,Y,2.63,70,N,N,N
00026356,11,2026,2570419,50458061101,5,Y,3.5,166,N,N,N
00026356,11,2026,2570421,50458061201,5,Y,5,166,N,N,N
00026356,11,2026,1739766,50474037066,5,Y,60,30,N,N,N
00026356,11,2026,1739774,50474047066,5,Y,60,30,N,N,N
00026356,11,2026,2173500,50474050015,4,Y,10,30,N,N,N
00026356,11,2026,1739778,50474057066,5,Y,60,30,N,N,N
00026356,11,2026,1739782,50474067066,5,Y,60,30,N,N,N
00026356,11,2026,795085,50474070062,5,N, , ,Y,N,N
00026356,11,2026,2724372,50474071081,5,N, , ,Y,N,N
00026356,11,2026,849599,50474075010,5,N, , ,Y,N,N
00026356,11,2026,1739770,50474077066,5,Y,60,30,N,N,N
00026356,11,2026,1739788,50474087015,5,Y,600,30,N,N,N
00026356,11,2026,1149617,50484001030,4,Y,180,30,N,N,N
00026356,11,2026,2464832,50632000102,3,N, , ,N,N,N
00026356,11,2026,830463,50632001001,3,N, , ,Y,N,N
00026356,11,2026,1812951,50632001502,3,N, , ,N,N,N
00026356,11,2026,762602,50632001602,3,N, , ,N,N,N
00026356,11,2026,2707132,50632001802,3,N, , ,N,N,N
00026356,11,2026,1099288,50742011201,4,N, , ,N,N,N
00026356,11,2026,1099300,50742011301,4,N, , ,N,N,N
00026356,11,2026,1099304,50742011401,4,N, , ,N,N,N
00026356,11,2026,1099316,50742011501,4,N, , ,N,N,N
00026356,11,2026,1099292,50742011601,4,N, , ,N,N,N
00026356,11,2026,1099296,50742011750,4,N, , ,N,N,N
00026356,11,2026,353538,50742017601,1,N, , ,N,N,N
00026356,11,2026,562524,50742023301,2,N, , ,N,N,N
00026356,11,2026,997010,50742023830,2,N, , ,Y,N,N
00026356,11,2026,830861,50742024890,2,N, , ,N,N,N
00026356,11,2026,830845,50742024990,2,N, , ,N,N,N
00026356,11,2026,830837,50742025090,2,N, , ,N,N,N
00026356,11,2026,830801,50742025190,2,N, , ,N,N,N
00026356,11,2026,1812011,50742026001,2,N, , ,N,N,N
00026356,11,2026,1812013,50742026101,2,N, , ,N,N,N
00026356,11,2026,1812015,50742026201,2,N, , ,N,N,N
00026356,11,2026,198153,50742026301,2,N, , ,N,N,N
00026356,11,2026,142113,50742035401,5,N, , ,N,N,N
00026356,11,2026,1649485,50742036260,3,Y,60,30,N,N,N
00026356,11,2026,1649493,50742036360,3,Y,60,30,N,N,N
00026356,11,2026,349472,50742036630,5,Y,60,30,Y,N,N
00026356,11,2026,197660,50742038701,2,N, , ,N,N,N
00026356,11,2026,403849,50742038801,2,N, , ,N,N,N
00026356,11,2026,310197,50742038901,2,N, , ,N,N,N
00026356,11,2026,197661,50742039001,2,N, , ,N,N,N
00026356,11,2026,197662,50742039101,2,N, , ,N,N,N
00026356,11,2026,866427,50742061510,1,N, , ,N,N,N
00026356,11,2026,866436,50742061610,1,N, , ,N,N,N
00026356,11,2026,198034,50742062001,2,N, , ,N,N,N
00026356,11,2026,198035,50742062101,2,N, , ,N,N,N
00026356,11,2026,198036,50742062201,2,N, , ,N,N,N
00026356,11,2026,199147,50742062360,2,N, , ,N,N,N
00026356,11,2026,2472307,50742065928,2,N, , ,N,N,N
00026356,11,2026,1193341,50881000560,5,Y,60,30,Y,N,N
00026356,11,2026,1193337,50881001060,5,Y,60,30,Y,N,N
00026356,11,2026,1193345,50881001560,5,Y,60,30,Y,N,N
00026356,11,2026,1193349,50881002060,5,Y,60,30,Y,N,N
00026356,11,2026,1193353,50881002560,5,Y,60,30,Y,N,N
00026356,11,2026,2359344,50881002601,5,Y,30,30,Y,N,N
00026356,11,2026,2359348,50881002701,5,Y,30,30,Y,N,N
00026356,11,2026,2359340,50881002801,5,Y,30,30,Y,N,N
00026356,11,2026,2361300,51144000160,5,Y,300,30,Y,N,N
00026356,11,2026,2361296,51144000212,5,Y,120,30,Y,N,N
00026356,11,2026,2557216,51167010602,5,Y,84,28,Y,N,N
00026356,11,2026,2701444,51167012101,5,Y,60,30,Y,N,N
00026356,11,2026,2701450,51167013501,5,Y,90,30,Y,N,N
00026356,11,2026,1243052,51167020001,5,Y,56,28,Y,N,N
00026356,11,2026,1606866,51167030001,5,Y,56,28,Y,N,N
00026356,11,2026,2257013,51167033101,5,Y,84,28,Y,N,N
00026356,11,2026,1606870,51167040001,5,Y,56,28,Y,N,N
00026356,11,2026,2635022,51167044501,5,Y,56,28,Y,N,N
00026356,11,2026,2635026,51167044601,5,Y,56,28,Y,N,N
00026356,11,2026,2166401,51167060001,5,Y,56,28,Y,N,N
00026356,11,2026,1812470,51167070002,5,Y,112,28,Y,N,N
00026356,11,2026,2636789,51167077001,5,Y,56,28,Y,N,N
00026356,11,2026,2636793,51167078501,5,Y,56,28,Y,N,N
00026356,11,2026,1655934,51167080901,5,Y,112,28,Y,N,N
00026356,11,2026,861495,51672125803,2,N, , ,N,N,N
00026356,11,2026,861448,51672125903,2,N, , ,N,N,N
00026356,11,2026,103457,51672126403,2,N, , ,N,N,N
00026356,11,2026,1085728,51672126705,2,N, , ,N,N,N
00026356,11,2026,238920,51672127406,2,N, , ,N,N,N
00026356,11,2026,309367,51672127502,2,N, , ,N,N,N
00026356,11,2026,310362,51672127901,2,N, , ,N,N,N
00026356,11,2026,1370754,51672129001,2,N, , ,N,N,N
00026356,11,2026,861434,51672129403,4,N, , ,N,N,N
00026356,11,2026,1992281,51672129703,2,N, , ,N,N,N
00026356,11,2026,313227,51672130200,2,N, , ,N,N,N
00026356,11,2026,313226,51672130406,2,N, , ,N,N,N
00026356,11,2026,848208,51672130903,2,N, , ,N,N,N
00026356,11,2026,848176,51672131003,2,N, , ,N,N,N
00026356,11,2026,309289,51672131802,2,Y,180,30,N,N,N
00026356,11,2026,848178,51672134004,2,N, , ,N,N,N
00026356,11,2026,861505,51672135004,4,N, , ,N,N,N
00026356,11,2026,857700,51672135802,2,Y,300,30,N,N,N
00026356,11,2026,313200,51672137302,2,N, , ,N,N,N
00026356,11,2026,103456,51672138603,2,N, , ,N,N,N
00026356,11,2026,106302,51672140709,2,N, , ,Y,N,N
00026356,11,2026,313786,51672300701,2,N, , ,N,N,N
00026356,11,2026,198045,51672400101,1,N, , ,N,N,N
00026356,11,2026,317136,51672400201,1,N, , ,N,N,N
00026356,11,2026,198047,51672400401,1,N, , ,N,N,N
00026356,11,2026,308979,51672400501,2,N, , ,N,N,N
00026356,11,2026,197686,51672401801,2,N, , ,N,N,N
00026356,11,2026,858813,51672403803,6,N, , ,N,N,N
00026356,11,2026,858810,51672404003,6,N, , ,N,N,N
00026356,11,2026,308973,51672404101,2,N, , ,N,N,N
00026356,11,2026,197465,51672404201,4,Y,180,30,N,N,N
00026356,11,2026,197464,51672404401,4,Y,180,30,N,N,N
00026356,11,2026,858824,51672404501,6,N, , ,N,N,N
00026356,11,2026,858828,51672404601,6,N, , ,N,N,N
00026356,11,2026,197442,51672405001,2,N, , ,N,N,N
00026356,11,2026,310379,51672406201,2,N, , ,N,N,N
00026356,11,2026,310380,51672406301,4,N, , ,N,N,N
00026356,11,2026,1313112,51672406902,2,N, , ,N,N,N
00026356,11,2026,855671,51672411103,2,N, , ,N,N,N
00026356,11,2026,311679,51672411606,2,N, , ,N,N,N
00026356,11,2026,105583,51672411806,2,N, , ,N,N,N
00026356,11,2026,199378,51672412301,2,N, , ,N,N,N
00026356,11,2026,402505,51672412401,2,N, , ,N,N,N
00026356,11,2026,402506,51672412501,2,N, , ,N,N,N
00026356,11,2026,1313885,51672414601,2,N, , ,N,N,N
00026356,11,2026,1001689,51672417005,2,N, , ,N,N,N
00026356,11,2026,310285,51672417201,2,N, , ,N,N,N
00026356,11,2026,577237,51672421503,4,N, , ,N,N,N
00026356,11,2026,204119,51672529404,4,N, , ,N,N,N
00026356,11,2026,2636050,51759030510,5,Y,0.14,28,N,N,N
00026356,11,2026,2636052,51759041010,5,Y,0.21,28,N,N,N
00026356,11,2026,2726118,51759050513,3,N, , ,Y,N,N
00026356,11,2026,2705398,51759050532,3,N, , ,Y,N,N
00026356,11,2026,2636039,51759052010,5,Y,0.28,28,N,N,N
00026356,11,2026,2705401,51759060732,5,N, , ,Y,N,N
00026356,11,2026,2636042,51759063010,5,Y,0.35,28,N,N,N
00026356,11,2026,2636044,51759074010,5,Y,0.42,56,N,N,N
00026356,11,2026,2636046,51759085010,5,Y,0.56,56,N,N,N
00026356,11,2026,2636048,51759096010,5,Y,0.7,56,N,N,N
00026356,11,2026,751884,51862002801,2,N, , ,N,N,N
00026356,11,2026,750244,51862056406,2,N, , ,N,N,N
00026356,11,2026,644304,51862068201,5,N, , ,N,N,N
00026356,11,2026,748962,51862088403,2,N, , ,N,N,N
00026356,11,2026,831533,51862088603,2,N, , ,N,N,N
00026356,11,2026,993943,51991007301,2,Y,180,30,Y,N,N
00026356,11,2026,810000,51991034806,2,Y,60,30,N,N,N
00026356,11,2026,809987,51991034906,2,Y,60,30,N,N,N
00026356,11,2026,859981,51991035860,4,Y,60,30,N,N,N
00026356,11,2026,859975,51991036060,4,Y,60,30,N,N,N
00026356,11,2026,1359127,51991047428,2,N, , ,Y,N,N
00026356,11,2026,1359124,51991062328,2,N, , ,Y,N,N
00026356,11,2026,200064,51991075933,2,N, , ,N,N,N
00026356,11,2026,856535,51991081701,2,N, , ,N,N,N
00026356,11,2026,856569,51991081801,2,N, , ,N,N,N
00026356,11,2026,856460,51991081901,2,N, , ,N,N,N
00026356,11,2026,856481,51991082001,2,N, , ,N,N,N
00026356,11,2026,351257,51991087833,2,N, , ,N,N,N
00026356,11,2026,313498,51991094401,4,N, , ,N,N,N
00026356,11,2026,313499,51991094501,4,N, , ,N,N,N
00026356,11,2026,313496,51991094601,4,N, , ,N,N,N
00026356,11,2026,897624,52536088401,2,N, , ,N,N,N
00026356,11,2026,897630,52536088601,4,N, , ,N,N,N
00026356,11,2026,1921598,52652200106,4,N, , ,Y,Y,N
00026356,11,2026,2606788,52652800101,4,N, , ,N,N,N
00026356,11,2026,328176,52817011710,2,N, , ,N,N,N
00026356,11,2026,865155,52817026830,2,N, , ,N,N,N
00026356,11,2026,430902,52817031910,2,N, , ,N,N,N
00026356,11,2026,828320,52817033010,1,N, , ,N,N,N
00026356,11,2026,828348,52817033200,1,N, , ,N,N,N
00026356,11,2026,1606347,52817035810,1,N, , ,N,N,N
00026356,11,2026,1606349,52817035910,1,N, , ,N,N,N
00026356,11,2026,379804,52817038510,6,Y,90,30,N,N,N
00026356,11,2026,197445,52817039210,2,N, , ,N,N,N
00026356,11,2026,1369831,52817060138,5,Y,540,30,N,Y,N
00026356,11,2026,309370,52817080030,2,N, , ,N,N,N
00026356,11,2026,197305,52817081615,2,N, , ,N,N,N
00026356,11,2026,2692052,53436001060,3,N, , ,N,N,N
00026356,11,2026,1716215,53436008430,3,N, , ,N,N,N
00026356,11,2026,1716219,53436016830,3,N, , ,N,N,N
00026356,11,2026,1716223,53436025230,3,N, , ,N,N,N
00026356,11,2026,1649405,53489011802,2,N, , ,N,N,N
00026356,11,2026,198224,53489014401,2,N, , ,N,N,N
00026356,11,2026,283535,53489064701,2,N, , ,N,N,N
00026356,11,2026,403975,53746024830,2,N, , ,N,N,N
00026356,11,2026,259306,53746024930,5,N, , ,N,N,N
00026356,11,2026,313096,53746051105,1,N, , ,N,N,N
00026356,11,2026,198223,53746051401,1,N, , ,N,N,N
00026356,11,2026,198222,53746051501,1,N, , ,N,N,N
00026356,11,2026,198150,53746054401,2,N, , ,N,N,N
00026356,11,2026,96304,53746054501,2,N, , ,N,N,N
00026356,11,2026,836395,53746061701,2,Y,300,30,N,N,N
00026356,11,2026,998689,53746066901,2,N, , ,N,N,N
00026356,11,2026,998685,53746067001,2,N, , ,N,N,N
00026356,11,2026,207588,54482005401,5,N, , ,N,N,N
00026356,11,2026,863599,54838051080,2,N, , ,N,N,N
00026356,11,2026,1000054,54838051240,2,N, , ,N,N,N
00026356,11,2026,485496,54838057059,2,N, , ,N,N,N
00026356,11,2026,311787,55111011230,2,N, , ,N,N,N
00026356,11,2026,1605088,55111011381,2,N, , ,N,N,N
00026356,11,2026,1373333,55111013581,2,N, , ,N,N,N
00026356,11,2026,1373335,55111013681,2,N, , ,N,N,N
00026356,11,2026,1373337,55111013781,2,N, , ,N,N,N
00026356,11,2026,198051,55111015810,1,N, , ,N,N,N
00026356,11,2026,200034,55111016330,2,N, , ,N,N,N
00026356,11,2026,312077,55111016730,2,N, , ,N,N,N
00026356,11,2026,313412,55111017915,2,N, , ,N,N,N
00026356,11,2026,313413,55111018015,2,N, , ,N,N,N
00026356,11,2026,904458,55111022990,6,N, , ,N,N,N
00026356,11,2026,904467,55111023090,6,N, , ,N,N,N
00026356,11,2026,314286,55111025660,2,N, , ,N,N,N
00026356,11,2026,313776,55111025760,2,N, , ,N,N,N
00026356,11,2026,313777,55111025860,2,N, , ,N,N,N
00026356,11,2026,313778,55111025960,2,N, , ,N,N,N
00026356,11,2026,199245,55111032001,6,Y,30,30,N,N,N
00026356,11,2026,199246,55111032101,6,Y,30,30,N,N,N
00026356,11,2026,866419,55111046901,1,N, , ,N,N,N
00026356,11,2026,904932,55111057503,2,Y,1,28,N,N,N
00026356,11,2026,313758,55111062560,4,N, , ,N,N,N
00026356,11,2026,199655,55111062660,4,N, , ,N,N,N
00026356,11,2026,349208,55111065301,2,N, , ,Y,N,N
00026356,11,2026,360110,55111065401,2,N, , ,Y,N,N
00026356,11,2026,799055,55111065930,2,N, , ,N,N,N
00026356,11,2026,799056,55111066130,2,N, , ,N,N,N
00026356,11,2026,577317,55111066430,4,N, , ,N,N,N
00026356,11,2026,206913,55111068305,1,N, , ,N,N,N
00026356,11,2026,206917,55111068405,1,N, , ,N,N,N
00026356,11,2026,1657151,55111069312,4,Y,4,28,N,N,N
00026356,11,2026,1721475,55150011310,2,N, , ,N,N,N
00026356,11,2026,1659592,55150011620,2,N, , ,N,N,N
00026356,11,2026,240984,55150011801,2,N, , ,N,N,N
00026356,11,2026,1721458,55150012215,2,N, , ,N,N,N
00026356,11,2026,1734932,55150015410,2,N, , ,Y,N,N
00026356,11,2026,313165,55150017301,2,Y,5,28,N,N,N
00026356,11,2026,1722934,55150020720,2,N, , ,N,N,N
00026356,11,2026,1722939,55150020830,2,N, , ,N,N,N
00026356,11,2026,581531,55150022810,2,N, , ,N,N,N
00026356,11,2026,861360,55150023010,2,Y,15,30,N,N,N
00026356,11,2026,1000126,55150032901,2,N, , ,N,N,N
00026356,11,2026,967385,55150036501,5,N, , ,Y,N,N
00026356,11,2026,1364114,55292013160,5,Y,60,30,Y,N,N
00026356,11,2026,1364118,55292013260,5,Y,60,30,Y,N,N
00026356,11,2026,1364122,55292013360,5,Y,60,30,Y,N,N
00026356,11,2026,1492746,55513013760,5,N, , ,Y,N,N
00026356,11,2026,1605455,55513036955,5,N, , ,Y,N,N
00026356,11,2026,2550725,55513048824,5,Y,240,30,Y,N,N
00026356,11,2026,1492742,55513049760,5,N, , ,Y,N,N
00026356,11,2026,2628242,55513050450,5,Y,90,30,Y,N,N
00026356,11,2026,2682430,55513050855,5,N, , ,Y,N,N
00026356,11,2026,2687207,55513051260,5,Y,120,30,Y,N,N
00026356,11,2026,2724367,55513051641,5,N, , ,Y,N,N
00026356,11,2026,2723452,55513051930,5,N, , ,Y,N,N
00026356,11,2026,2045638,55513084101,3,Y,1,30,Y,N,N
00026356,11,2026,2120195,55513084301,3,Y,1,30,Y,N,N
00026356,11,2026,858125,55566830301,3,N, , ,Y,N,N
00026356,11,2026,858127,55566840301,5,N, , ,Y,N,N
00026356,11,2026,1865962,55724021121,3,N, , ,N,N,N
00026356,11,2026,757968,57237000114,4,N, , ,N,N,N
00026356,11,2026,197701,57237000330,2,N, , ,N,N,N
00026356,11,2026,197699,57237000511,2,N, , ,N,N,N
00026356,11,2026,283407,57237001206,2,N, , ,N,N,N
00026356,11,2026,308192,57237002801,1,N, , ,N,N,N
00026356,11,2026,834061,57237004001,1,N, , ,N,N,N
00026356,11,2026,834102,57237004105,1,N, , ,N,N,N
00026356,11,2026,310436,57237004960,2,Y,60,30,N,N,N
00026356,11,2026,310437,57237005060,2,Y,60,30,N,N,N
00026356,11,2026,579148,57237005160,2,Y,60,30,N,N,N
00026356,11,2026,312087,57237007810,2,N, , ,Y,N,N
00026356,11,2026,866514,57237010199,1,N, , ,N,N,N
00026356,11,2026,866511,57237010299,1,N, , ,N,N,N
00026356,11,2026,861132,57237011490,2,Y,30,30,N,N,N
00026356,11,2026,310352,57237014935,2,N, , ,N,N,N
00026356,11,2026,310353,57237015035,2,N, , ,N,N,N
00026356,11,2026,200257,57237015701,6,Y,120,30,N,N,N
00026356,11,2026,200256,57237015801,6,Y,120,30,N,N,N
00026356,11,2026,200258,57237015901,6,Y,240,30,N,N,N
00026356,11,2026,1662285,57664068357,2,N, , ,N,N,N
00026356,11,2026,2645250,57894005060,5,Y,60,30,Y,N,N
00026356,11,2026,2691162,57894008060,5,Y,60,30,Y,N,N
00026356,11,2026,2645253,57894010060,5,Y,60,30,Y,N,N
00026356,11,2026,2691166,57894024030,5,Y,30,30,Y,N,N
00026356,11,2026,1928689,57894064001,5,N, , ,Y,N,N
00026356,11,2026,2118741,57894064011,5,N, , ,Y,N,N
00026356,11,2026,2693095,57894065102,5,N, , ,Y,N,N
00026356,11,2026,2711638,57894065104,5,N, , ,Y,N,N
00026356,11,2026,2693097,57894065122,5,N, , ,Y,N,N
00026356,11,2026,2611540,57962000712,5,Y,216,30,Y,N,Y
00026356,11,2026,2000019,57962001428,5,Y,28,28,Y,N,Y
00026356,11,2026,1994362,57962007028,5,Y,28,28,Y,N,Y
00026356,11,2026,1442992,57962014009,5,Y,120,30,Y,N,Y
00026356,11,2026,2000023,57962028028,5,Y,28,28,Y,N,Y
00026356,11,2026,2000027,57962042028,5,Y,28,28,Y,N,Y
00026356,11,2026,855871,58151011801,4,N, , ,N,N,N
00026356,11,2026,1300810,58160072615,3,N, , ,N,N,N
00026356,11,2026,2627825,58160074002,3,N, , ,N,N,N
00026356,11,2026,2705467,58160075715,3,N, , ,N,N,N
00026356,11,2026,1300384,58160081052,3,N, , ,N,N,N
00026356,11,2026,829989,58160081152,3,N, , ,N,N,N
00026356,11,2026,830557,58160081252,3,N, , ,N,N,N
00026356,11,2026,803371,58160081552,3,N, , ,N,N,N
00026356,11,2026,798430,58160082052,3,N, , ,Y,N,N
00026356,11,2026,1658157,58160082101,3,N, , ,Y,N,N
00026356,11,2026,798428,58160082152,3,N, , ,Y,N,N
00026356,11,2026,1986830,58160082311,3,Y,2,365,N,N,N
00026356,11,2026,2603514,58160082415,3,N, , ,N,N,N
00026356,11,2026,798482,58160082552,3,N, , ,N,N,N
00026356,11,2026,798479,58160082652,3,N, , ,N,N,N
00026356,11,2026,1300378,58160084211,3,N, , ,N,N,N
00026356,11,2026,1300370,58160084252,3,N, , ,N,N,N
00026356,11,2026,2636599,58160084811,3,N, , ,N,N,N
00026356,11,2026,2719778,58160084952,3,Y,2,365,N,N,N
00026356,11,2026,901518,58160095509,3,N, , ,N,N,N
00026356,11,2026,1601407,58160097620,3,N, , ,N,N,N
00026356,11,2026,809159,58406001004,5,N, , ,Y,N,Y
00026356,11,2026,802652,58406002104,5,N, , ,Y,N,Y
00026356,11,2026,1653225,58406003204,5,N, , ,Y,N,Y
00026356,11,2026,2182340,58406004404,5,N, , ,Y,N,Y
00026356,11,2026,2392142,58406005504,5,N, , ,Y,N,Y
00026356,11,2026,1114074,58468782003,5,Y,60,30,Y,N,N
00026356,11,2026,1114096,58468784003,5,Y,30,30,Y,N,N
00026356,11,2026,896766,58657060401,2,N, , ,N,N,N
00026356,11,2026,2642344,59088090754,2,Y,90,30,Y,N,N
00026356,11,2026,1544404,59137050504,4,N, , ,N,Y,N
00026356,11,2026,1544383,59137051004,4,N, , ,N,Y,N
00026356,11,2026,1544386,59137051504,4,N, , ,N,Y,N
00026356,11,2026,1544388,59137052004,4,N, , ,N,Y,N
00026356,11,2026,1544390,59137052504,4,N, , ,N,Y,N
00026356,11,2026,1544394,59137053004,4,N, , ,N,Y,N
00026356,11,2026,1544396,59137053504,4,N, , ,N,Y,N
00026356,11,2026,1544398,59137054004,4,N, , ,N,Y,N
00026356,11,2026,1544402,59137055004,4,N, , ,N,Y,N
00026356,11,2026,1659818,59148001871,5,Y,2,28,N,N,N
00026356,11,2026,1659814,59148001971,5,Y,2,28,N,N,N
00026356,11,2026,1658325,59148003513,5,Y,30,30,N,N,N
00026356,11,2026,1658329,59148003613,5,Y,30,30,N,N,N
00026356,11,2026,1658333,59148003713,5,Y,30,30,N,N,N
00026356,11,2026,1658337,59148003813,5,Y,30,30,N,N,N
00026356,11,2026,1658341,59148003913,5,Y,30,30,N,N,N
00026356,11,2026,1658345,59148004013,5,Y,30,30,N,N,N
00026356,11,2026,1602604,59148004580,5,Y,2,28,N,N,N
00026356,11,2026,1602607,59148007280,5,Y,2,28,N,N,N
00026356,11,2026,2044355,59148008213,5,Y,120,30,Y,N,N
00026356,11,2026,2044357,59148008313,5,Y,120,30,Y,N,N
00026356,11,2026,2636640,59148010280,5,Y,2.4,42,N,N,N
00026356,11,2026,2636646,59148011480,5,Y,3.2,42,N,N,N
00026356,11,2026,213502,59212060122,5,Y,60,28,N,N,N
00026356,11,2026,2540709,59467067901,3,Y,4,30,N,N,N
00026356,11,2026,213360,59572020514,5,Y,224,28,Y,N,N
00026356,11,2026,404449,59572021015,5,Y,120,30,Y,N,N
00026356,11,2026,1369724,59572050121,5,Y,21,28,Y,N,N
00026356,11,2026,1369728,59572050221,5,Y,21,28,Y,N,N
00026356,11,2026,1369732,59572050321,5,Y,21,28,Y,N,N
00026356,11,2026,1369736,59572050421,5,Y,21,28,Y,N,N
00026356,11,2026,1940376,59572070530,5,Y,30,30,Y,N,N
00026356,11,2026,1940372,59572071030,5,Y,30,30,Y,N,N
00026356,11,2026,2197501,59572072012,5,Y,120,30,Y,N,N
00026356,11,2026,2396770,59572073007,5,Y,14,28,Y,N,N
00026356,11,2026,2396774,59572074007,5,Y,14,28,Y,N,N
00026356,11,2026,727816,59627022205,5,Y,1,28,Y,N,N
00026356,11,2026,1650901,59627033304,5,Y,1,28,Y,N,N
00026356,11,2026,1098141,59651001890,2,N, , ,N,N,N
00026356,11,2026,617322,59651002601,2,N, , ,N,N,N
00026356,11,2026,1000048,59651017301,2,N, , ,N,N,N
00026356,11,2026,1000070,59651017401,2,N, , ,N,N,N
00026356,11,2026,1000076,59651017501,2,N, , ,N,N,N
00026356,11,2026,1000058,59651017701,2,N, , ,N,N,N
00026356,11,2026,1369718,59651019421,5,Y,21,28,Y,N,N
00026356,11,2026,1369726,59651019521,5,Y,21,28,Y,N,N
00026356,11,2026,1369730,59651019621,5,Y,21,28,Y,N,N
00026356,11,2026,1369734,59651019721,5,Y,21,28,Y,N,N
00026356,11,2026,861424,59651025601,2,N, , ,N,N,N
00026356,11,2026,861427,59651025701,2,N, , ,N,N,N
00026356,11,2026,861430,59651025801,2,N, , ,N,N,N
00026356,11,2026,198240,59651029960,2,N, , ,N,N,N
00026356,11,2026,313195,59651030030,2,N, , ,N,N,N
00026356,11,2026,197787,59651041350,2,N, , ,N,N,N
00026356,11,2026,197782,59651041401,2,N, , ,N,N,N
00026356,11,2026,197783,59651041501,2,N, , ,N,N,N
00026356,11,2026,1648759,59651079501,2,Y,120,30,N,N,N
00026356,11,2026,883826,59651083930,2,N, , ,N,N,N
00026356,11,2026,2123137,59676003056,5,Y,84,28,Y,N,N
00026356,11,2026,2123141,59676004056,5,Y,56,28,Y,N,N
00026356,11,2026,2123145,59676005028,5,Y,28,28,Y,N,N
00026356,11,2026,1102277,59676027801,5,N, , ,N,N,N
00026356,11,2026,2678248,59676028090,5,N, , ,N,N,N
00026356,11,2026,831870,59676056301,4,N, , ,N,N,N
00026356,11,2026,850457,59676056401,5,N, , ,N,N,N
00026356,11,2026,1236632,59676056501,5,N, , ,N,N,N
00026356,11,2026,1250723,59676057201,4,N, , ,N,N,N
00026356,11,2026,1600710,59676057530,5,N, , ,N,N,N
00026356,11,2026,2710426,59676057830,5,N, , ,N,N,N
00026356,11,2026,1999587,59676060012,5,Y,120,30,Y,N,N
00026356,11,2026,2630217,59676060430,5,Y,30,30,Y,N,N
00026356,11,2026,1364515,59676070101,5,N, , ,Y,N,N
00026356,11,2026,2373941,59676070260,5,N, , ,Y,N,N
00026356,11,2026,2049677,59676080030,5,N, , ,N,N,N
00026356,11,2026,403825,59746001032,4,N, , ,N,N,N
00026356,11,2026,401953,59746002022,4,N, , ,N,N,N
00026356,11,2026,401954,59746003022,4,N, , ,N,N,N
00026356,11,2026,616698,59746004022,4,N, , ,N,N,N
00026356,11,2026,616705,59746005022,4,N, , ,N,N,N
00026356,11,2026,312635,59746011306,2,N, , ,N,N,N
00026356,11,2026,198365,59746011506,2,N, , ,N,N,N
00026356,11,2026,313215,59746038306,1,N, , ,N,N,N
00026356,11,2026,313217,59746038406,1,N, , ,N,N,N
00026356,11,2026,313219,59746038506,1,N, , ,N,N,N
00026356,11,2026,260376,59746038606,1,N, , ,N,N,N
00026356,11,2026,857706,59762002801,2,N, , ,N,N,N
00026356,11,2026,1359105,59762002901,2,N, , ,N,N,N
00026356,11,2026,313142,59762010405,4,N, , ,N,N,N
00026356,11,2026,312347,59762011901,2,N, , ,N,N,N
00026356,11,2026,1048450,59762026001,2,N, , ,N,N,N
00026356,11,2026,198200,59762135001,4,N, , ,N,N,N
00026356,11,2026,309337,59762500901,4,N, , ,N,N,N
00026356,11,2026,310377,60219158503,2,N, , ,N,N,N
00026356,11,2026,754761,60219172107,5,N, , ,N,N,N
00026356,11,2026,1052658,60219172206,5,N, , ,N,N,N
00026356,11,2026,1190655,60219174903,2,N, , ,N,N,N
00026356,11,2026,1308428,60219227902,5,Y,112,28,Y,N,N
00026356,11,2026,1308430,60219228002,5,Y,112,28,Y,N,N
00026356,11,2026,1308432,60219228102,5,Y,112,28,Y,N,N
00026356,11,2026,831215,60505001406,2,N, , ,N,N,N
00026356,11,2026,831252,60505001506,2,N, , ,N,N,N
00026356,11,2026,831285,60505001606,2,N, , ,N,N,N
00026356,11,2026,312301,60505003306,2,N, , ,N,N,N
00026356,11,2026,859186,60505005501,2,N, , ,N,N,N
00026356,11,2026,1923426,60505008000,2,N, , ,N,N,N
00026356,11,2026,1923424,60505008100,2,N, , ,N,N,N
00026356,11,2026,904589,60505008200,2,N, , ,N,N,N
00026356,11,2026,197625,60505009300,1,N, , ,N,N,N
00026356,11,2026,197626,60505009400,1,N, , ,N,N,N
00026356,11,2026,197627,60505009500,1,N, , ,N,N,N
00026356,11,2026,197628,60505009600,1,N, , ,N,N,N
00026356,11,2026,199390,60505010201,2,N, , ,N,N,N
00026356,11,2026,197553,60505013300,2,N, , ,Y,N,N
00026356,11,2026,328160,60505013400,2,N, , ,Y,N,N
00026356,11,2026,310490,60505014101,6,Y,240,30,N,N,N
00026356,11,2026,310488,60505014201,6,Y,120,30,N,N,N
00026356,11,2026,993687,60505015701,2,N, , ,N,N,N
00026356,11,2026,993691,60505015801,2,N, , ,N,N,N
00026356,11,2026,1923422,60505015900,2,N, , ,N,N,N
00026356,11,2026,903887,60505016401,2,N, , ,N,N,N
00026356,11,2026,903884,60505016601,2,N, , ,N,N,N
00026356,11,2026,904475,60505017007,6,N, , ,N,N,N
00026356,11,2026,849515,60505025701,2,N, , ,N,N,N
00026356,11,2026,1487074,60505040603,5,Y,224,28,Y,N,N
00026356,11,2026,312075,60505056000,2,N, , ,N,N,N
00026356,11,2026,860805,60505057804,2,N, , ,N,N,N
00026356,11,2026,313919,60505082306,2,N, , ,N,N,N
00026356,11,2026,1797907,60505082901,1,Y,16,30,N,N,N
00026356,11,2026,1797865,60505083001,4,Y,34,30,N,N,N
00026356,11,2026,1797867,60505083305,2,Y,60,30,N,N,N
00026356,11,2026,1375917,60505100602,2,N, , ,N,N,N
00026356,11,2026,904481,60505132305,6,N, , ,N,N,N
00026356,11,2026,205284,60505250201,2,N, , ,N,N,N
00026356,11,2026,205285,60505250301,2,N, , ,N,N,N
00026356,11,2026,617312,60505257808,6,N, , ,N,N,N
00026356,11,2026,617310,60505257908,6,N, , ,N,N,N
00026356,11,2026,617311,60505258008,6,N, , ,N,N,N
00026356,11,2026,310812,60505265605,1,N, , ,N,N,N
00026356,11,2026,310818,60505265705,1,N, , ,N,N,N
00026356,11,2026,259255,60505267108,6,N, , ,N,N,N
00026356,11,2026,388311,60505280507,2,N, , ,N,N,N
00026356,11,2026,200133,60505280607,2,N, , ,N,N,N
00026356,11,2026,200131,60505280707,2,N, , ,N,N,N
00026356,11,2026,205328,60505325006,2,N, , ,N,N,N
00026356,11,2026,859193,60505343803,4,N, , ,N,N,N
00026356,11,2026,643105,60505362806,5,Y,90,30,Y,N,N
00026356,11,2026,643107,60505362906,5,Y,30,30,Y,N,N
00026356,11,2026,643109,60505363006,5,Y,30,30,Y,N,N
00026356,11,2026,799047,60505363103,5,Y,30,30,Y,N,N
00026356,11,2026,997653,60505380102,5,Y,112,28,Y,N,N
00026356,11,2026,746606,60505380202,5,Y,112,28,Y,N,N
00026356,11,2026,2002717,60505380307,5,Y,120,30,Y,N,N
00026356,11,2026,1045406,60505381603,5,Y,30,30,Y,N,N
00026356,11,2026,1045402,60505381703,5,Y,30,30,Y,N,N
00026356,11,2026,205323,60505384901,2,Y,60,30,N,N,N
00026356,11,2026,862006,60505392701,2,N, , ,N,N,N
00026356,11,2026,862019,60505392901,2,N, , ,N,N,N
00026356,11,2026,862025,60505393001,2,N, , ,N,N,N
00026356,11,2026,1723476,60505434906,3,Y,60,30,N,N,N
00026356,11,2026,835894,60505463003,2,N, , ,Y,N,N
00026356,11,2026,855818,60505464203,2,Y,30,30,N,N,N
00026356,11,2026,867502,60505477907,5,Y,120,30,Y,N,N
00026356,11,2026,1040008,60505612401,5,N, , ,N,N,N
00026356,11,2026,1040014,60505612501,5,N, , ,N,N,N
00026356,11,2026,1665050,60505614205,2,N, , ,N,N,N
00026356,11,2026,313920,60505614304,2,N, , ,N,N,N
00026356,11,2026,1665093,60505614604,2,N, , ,N,N,N
00026356,11,2026,1665088,60505614704,2,N, , ,N,N,N
00026356,11,2026,1665021,60505614804,2,N, , ,N,N,N
00026356,11,2026,1665046,60505614904,2,N, , ,N,N,N
00026356,11,2026,309090,60505615005,2,N, , ,N,N,N
00026356,11,2026,1665005,60505615201,2,N, , ,N,N,N
00026356,11,2026,1659131,60505615604,2,N, , ,N,N,N
00026356,11,2026,1659137,60505615704,2,N, , ,N,N,N
00026356,11,2026,1659149,60505615904,2,N, , ,N,N,N
00026356,11,2026,996740,60505616205,2,Y,300,30,N,N,N
00026356,11,2026,1734683,60505619604,2,N, , ,N,N,N
00026356,11,2026,403920,60505622904,5,N, , ,N,N,N
00026356,11,2026,312447,60505626200,2,N, , ,N,N,N
00026356,11,2026,892589,60687092740,2,Y,700,30,N,N,N
00026356,11,2026,731566,60793070010,4,N, , ,N,N,N
00026356,11,2026,731568,60793070110,4,N, , ,N,N,N
00026356,11,2026,731571,60793070210,4,N, , ,N,N,N
00026356,11,2026,313477,61314004475,4,N, , ,N,N,N
00026356,11,2026,860107,61314012605,2,Y,10,25,N,N,N
00026356,11,2026,831109,61314023710,2,N, , ,N,N,N
00026356,11,2026,978573,61314023805,2,N, , ,N,N,N
00026356,11,2026,308720,61314024501,4,N, , ,N,N,N
00026356,11,2026,314072,61314054701,1,Y,2.5,25,N,N,N
00026356,11,2026,244967,61314062810,1,N, , ,N,N,N
00026356,11,2026,310467,61314063305,2,N, , ,N,N,N
00026356,11,2026,309307,61314065605,2,N, , ,N,N,N
00026356,11,2026,309045,61442017130,2,N, , ,N,N,N
00026356,11,2026,197449,61442017230,2,N, , ,N,N,N
00026356,11,2026,1946772,61703035038,2,N, , ,N,N,N
00026356,11,2026,1667666,61874011530,5,Y,30,30,N,Y,N
00026356,11,2026,1667670,61874013030,5,Y,30,30,N,Y,N
00026356,11,2026,1667674,61874014530,5,Y,30,30,N,Y,N
00026356,11,2026,1667678,61874016030,5,Y,30,30,N,Y,N
00026356,11,2026,2729794,61874025030,5,Y,30,30,N,Y,N
00026356,11,2026,2729798,61874027530,5,Y,30,30,N,Y,N
00026356,11,2026,1243346,61958040301,5,N, , ,N,N,N
00026356,11,2026,1243326,61958040401,5,N, , ,N,N,N
00026356,11,2026,1243330,61958040501,5,N, , ,N,N,N
00026356,11,2026,1243229,61958040601,5,N, , ,N,N,N
00026356,11,2026,616148,61958060201,4,N, , ,N,N,N
00026356,11,2026,901614,61958090101,5,N, , ,Y,N,N
00026356,11,2026,1306298,61958120101,5,N, , ,N,N,N
00026356,11,2026,1551999,61958140101,3,Y,30,30,N,N,N
00026356,11,2026,1544471,61958170101,5,Y,60,30,Y,N,N
00026356,11,2026,1544475,61958170201,5,Y,60,30,Y,N,N
00026356,11,2026,1591949,61958180101,5,Y,28,28,Y,N,N
00026356,11,2026,2203897,61958180301,5,Y,28,28,Y,N,N
00026356,11,2026,2204104,61958180401,5,Y,56,28,Y,N,N
00026356,11,2026,2204102,61958180501,5,Y,28,28,Y,N,N
00026356,11,2026,1721619,61958190101,5,N, , ,N,N,N
00026356,11,2026,1747697,61958200201,5,N, , ,N,N,N
00026356,11,2026,2590643,61958200501,5,N, , ,N,N,N
00026356,11,2026,1741739,61958210101,5,N, , ,N,N,N
00026356,11,2026,1799218,61958220101,5,Y,28,28,Y,N,N
00026356,11,2026,2288816,61958220301,5,Y,28,28,Y,N,N
00026356,11,2026,2584201,61958220401,5,Y,56,28,Y,N,N
00026356,11,2026,2584199,61958220501,5,Y,28,28,Y,N,N
00026356,11,2026,1858267,61958230101,5,Y,30,30,N,N,N
00026356,11,2026,1939335,61958240101,5,Y,28,28,Y,N,N
00026356,11,2026,1999673,61958250101,5,Y,30,30,N,N,N
00026356,11,2026,2584356,61958250501,5,Y,30,30,N,N,N
00026356,11,2026,2625898,61958300101,5,N, , ,N,N,N
00026356,11,2026,2625900,61958300102,5,N, , ,N,N,N
00026356,11,2026,2625896,61958300103,5,N, , ,N,N,N
00026356,11,2026,831226,62037059790,2,N, , ,N,N,N
00026356,11,2026,831255,62037059805,2,N, , ,N,N,N
00026356,11,2026,831309,62037059990,2,N, , ,N,N,N
00026356,11,2026,831338,62037060090,2,N, , ,N,N,N
00026356,11,2026,283077,62135025047,2,N, , ,Y,N,N
00026356,11,2026,312614,62135033041,2,N, , ,Y,N,N
00026356,11,2026,197624,62135043230,2,N, , ,N,N,N
00026356,11,2026,310796,62135066790,6,N, , ,N,N,N
00026356,11,2026,310797,62135066890,6,N, , ,N,N,N
00026356,11,2026,310809,62135066990,6,N, , ,N,N,N
00026356,11,2026,212787,62135080937,2,N, , ,N,N,N
00026356,11,2026,544455,62135089247,2,N, , ,N,N,N
00026356,11,2026,854868,62175030232,2,Y,30,30,N,N,N
00026356,11,2026,1738803,62175047032,4,N, , ,Y,N,N
00026356,11,2026,1738805,62175047132,4,N, , ,Y,N,N
00026356,11,2026,1738807,62175047232,4,N, , ,Y,N,N
00026356,11,2026,317769,62332002531,4,N, , ,N,N,N
00026356,11,2026,314241,62332002631,4,N, , ,N,N,N
00026356,11,2026,314208,62332003231,2,N, , ,N,N,N
00026356,11,2026,643019,62332010330,4,Y,90,30,N,Y,N
00026356,11,2026,866482,62332011531,4,N, , ,N,N,N
00026356,11,2026,205322,62332014131,2,Y,60,30,N,N,N
00026356,11,2026,834235,62332019030,4,Y,30,30,N,N,N
00026356,11,2026,283316,62332020930,6,N, , ,N,N,N
00026356,11,2026,283317,62332021030,6,N, , ,N,N,N
00026356,11,2026,477130,62332021130,6,N, , ,N,N,N
00026356,11,2026,1431235,62332049630,2,Y,30,30,N,N,N
00026356,11,2026,1040041,62332049730,2,Y,60,30,N,N,N
00026356,11,2026,1606337,62332054460,4,Y,60,30,N,N,N
00026356,11,2026,861208,62332066105,2,N, , ,N,N,N
00026356,11,2026,1049696,62559016701,2,Y,180,30,N,N,N
00026356,11,2026,311982,62559017331,5,N, , ,N,N,N
00026356,11,2026,104884,62559019016,2,N, , ,N,N,N
00026356,11,2026,197939,62559024001,4,N, , ,N,N,N
00026356,11,2026,197940,62559024101,4,N, , ,N,N,N
00026356,11,2026,197684,62559025001,2,N, , ,N,N,N
00026356,11,2026,197685,62559025101,2,N, , ,N,N,N
00026356,11,2026,793741,62559035660,2,N, , ,N,N,N
00026356,11,2026,886662,62559038001,2,N, , ,N,N,N
00026356,11,2026,886666,62559038101,2,N, , ,N,N,N
00026356,11,2026,886671,62559038201,2,N, , ,N,N,N
00026356,11,2026,310891,62559043130,2,N, , ,N,N,N
00026356,11,2026,197815,62559051001,1,N, , ,N,N,N
00026356,11,2026,197816,62559051101,1,N, , ,N,N,N
00026356,11,2026,686400,62559063001,4,N, , ,N,N,N
00026356,11,2026,686418,62559063101,4,N, , ,N,N,N
00026356,11,2026,578325,62559066090,6,N, , ,N,N,N
00026356,11,2026,578330,62559066190,6,N, , ,N,N,N
00026356,11,2026,802749,62559066290,6,N, , ,N,N,N
00026356,11,2026,198358,62559073001,2,N, , ,N,N,N
00026356,11,2026,198359,62559073101,2,N, , ,N,N,N
00026356,11,2026,2584475,62559086015,5,Y,35,28,Y,N,N
00026356,11,2026,312137,62756018488,2,N, , ,N,N,N
00026356,11,2026,312138,62756018588,2,N, , ,N,N,N
00026356,11,2026,308989,62756045788,2,N, , ,N,N,N
00026356,11,2026,308988,62756046188,2,N, , ,N,N,N
00026356,11,2026,2054157,62856070430,5,N, , ,Y,N,N
00026356,11,2026,1796665,62856070830,5,N, , ,Y,N,N
00026356,11,2026,1604384,62856071030,5,N, , ,Y,N,N
00026356,11,2026,2054159,62856071230,5,N, , ,Y,N,N
00026356,11,2026,1604350,62856071430,5,N, , ,Y,N,N
00026356,11,2026,1792393,62856071830,5,N, , ,Y,N,N
00026356,11,2026,1604395,62856072030,5,N, , ,Y,N,N
00026356,11,2026,1604352,62856072430,5,N, , ,Y,N,N
00026356,11,2026,825335,62935022305,4,N, , ,Y,N,N
00026356,11,2026,825333,62935030330,4,N, , ,Y,N,N
00026356,11,2026,825325,62935046150,4,N, , ,Y,N,N
00026356,11,2026,825334,62935075375,4,N, , ,Y,N,N
00026356,11,2026,212118,63010001030,5,N, , ,N,N,N
00026356,11,2026,542370,63010002770,5,N, , ,N,N,N
00026356,11,2026,1988768,63020009030,5,Y,30,30,Y,N,N
00026356,11,2026,1921228,63020011330,5,Y,120,30,Y,N,N
00026356,11,2026,1988772,63020018030,5,Y,30,30,Y,N,N
00026356,11,2026,1988786,63020019830,5,N, , ,Y,N,N
00026356,11,2026,2670190,63020021021,5,Y,84,28,Y,N,N
00026356,11,2026,2670198,63020022521,5,Y,21,28,Y,N,N
00026356,11,2026,1723763,63020023002,5,Y,3,28,Y,N,N
00026356,11,2026,1723767,63020039002,5,Y,3,28,Y,N,N
00026356,11,2026,1723772,63020040002,5,Y,3,28,Y,N,N
00026356,11,2026,1726639,63020053330,5,Y,30,30,Y,N,N
00026356,11,2026,1364362,63020053430,5,Y,30,30,Y,N,N
00026356,11,2026,1364358,63020053530,5,Y,30,30,Y,N,N
00026356,11,2026,2473042,63020053630,5,Y,30,30,Y,N,N
00026356,11,2026,2049271,63090010030,5,Y,30,30,Y,N,N
00026356,11,2026,2049278,63090034030,5,Y,30,30,Y,N,N
00026356,11,2026,476362,63304008913,2,N, , ,N,N,N
00026356,11,2026,616279,63304009127,5,Y,28,28,Y,N,N
00026356,11,2026,616285,63304009227,5,Y,28,28,Y,N,N
00026356,11,2026,1541890,63304009327,5,Y,28,28,Y,N,N
00026356,11,2026,616289,63304009427,5,Y,28,28,Y,N,N
00026356,11,2026,197518,63304069205,2,N, , ,N,N,N
00026356,11,2026,284215,63304069301,2,N, , ,N,N,N
00026356,11,2026,544840,63323013011,2,N, , ,N,N,N
00026356,11,2026,865129,63323028110,2,N, , ,N,N,N
00026356,11,2026,1807513,63323028420,2,N, , ,N,N,N
00026356,11,2026,313416,63323030502,2,N, , ,N,N,N
00026356,11,2026,597823,63323030602,2,N, , ,N,N,N
00026356,11,2026,239209,63323031461,2,N, , ,N,N,N
00026356,11,2026,1726214,63323032225,2,N, , ,N,N,N
00026356,11,2026,1721460,63323032820,2,N, , ,N,N,N
00026356,11,2026,1726204,63323034925,2,N, , ,N,N,N
00026356,11,2026,312069,63323037601,4,N, , ,N,N,N
00026356,11,2026,312070,63323037701,4,N, , ,N,N,N
00026356,11,2026,312071,63323037905,5,N, , ,N,N,N
00026356,11,2026,1664981,63323040120,2,N, , ,N,N,N
00026356,11,2026,859867,63323046905,2,N, , ,N,N,N
00026356,11,2026,204416,63323047410,2,N, , ,N,N,N
00026356,11,2026,307719,63323069030,2,N, , ,Y,N,N
00026356,11,2026,861379,63323072810,2,N, , ,N,N,N
00026356,11,2026,861383,63323072910,2,N, , ,N,N,N
00026356,11,2026,1795252,63323086904,2,N, , ,N,N,N
00026356,11,2026,1795346,63323087074,2,N, , ,N,N,N
00026356,11,2026,204520,63323096730,2,N, , ,N,N,N
00026356,11,2026,1926823,63833082802,5,Y,30,30,Y,N,N
00026356,11,2026,1926827,63833082902,5,Y,20,30,Y,N,N
00026356,11,2026,835564,64125013401,2,N, , ,N,N,N
00026356,11,2026,835568,64125013501,2,N, , ,N,N,N
00026356,11,2026,860215,64380015801,2,N, , ,Y,N,N
00026356,11,2026,860221,64380015901,2,N, , ,Y,N,N
00026356,11,2026,860225,64380016001,2,N, , ,Y,N,N
00026356,11,2026,848140,64380019701,4,N, , ,N,N,N
00026356,11,2026,848145,64380019801,2,N, , ,N,N,N
00026356,11,2026,848131,64380019901,2,N, , ,N,N,N
00026356,11,2026,848151,64380020001,2,N, , ,N,N,N
00026356,11,2026,848135,64380020101,2,N, , ,N,N,N
00026356,11,2026,349491,64380071104,2,N, , ,N,N,N
00026356,11,2026,200060,64380072506,2,N, , ,Y,N,N
00026356,11,2026,1812434,64380075216,5,N, , ,N,N,N
00026356,11,2026,200132,64380075806,2,N, , ,N,N,N
00026356,11,2026,577208,64380076111,2,Y,120,30,N,Y,N
00026356,11,2026,801054,64380076921,2,N, , ,N,N,N
00026356,11,2026,198145,64380078408,1,N, , ,Y,N,N
00026356,11,2026,866111,64380078706,1,N, , ,N,N,N
00026356,11,2026,197807,64380080707,1,N, , ,N,N,N
00026356,11,2026,197806,64380080807,1,N, , ,N,N,N
00026356,11,2026,197853,64380082706,2,N, , ,N,N,N
00026356,11,2026,197303,64380083306,2,N, , ,N,N,N
00026356,11,2026,197304,64380083406,2,N, , ,N,N,N
00026356,11,2026,312529,64380086006,2,N, , ,N,N,N
00026356,11,2026,861375,64380088080,2,N, , ,N,N,N
00026356,11,2026,1649593,64406001101,5,Y,1,28,Y,N,N
00026356,11,2026,1546189,64406001501,5,Y,1,28,Y,N,N
00026356,11,2026,2261794,64406002003,5,Y,120,30,Y,N,N
00026356,11,2026,2669916,64406002901,5,Y,28,14,Y,N,N
00026356,11,2026,2669920,64406003002,5,Y,28,14,Y,N,N
00026356,11,2026,2669924,64406003101,5,Y,14,14,Y,N,N
00026356,11,2026,1790892,64764072030,3,Y,30,30,N,N,N
00026356,11,2026,1790886,64764073030,3,Y,30,30,N,N,N
00026356,11,2026,1790890,64764075030,3,Y,30,30,N,N,N
00026356,11,2026,2586079,64764080028,5,N, , ,Y,N,N
00026356,11,2026,2628204,64842012004,5,Y,140,28,Y,N,N
00026356,11,2026,2628206,64842012005,5,Y,140,28,Y,N,N
00026356,11,2026,2628208,64842012006,5,Y,140,28,Y,N,N
00026356,11,2026,2384465,64842072709,5,Y,5,28,Y,N,N
00026356,11,2026,1670324,64842102003,5,Y,80,28,Y,N,N
00026356,11,2026,1670322,64842102501,5,Y,100,28,Y,N,N
00026356,11,2026,197724,64950021810,2,N, , ,N,N,N
00026356,11,2026,856940,64950034316,2,Y,2700,30,N,N,N
00026356,11,2026,993755,64950037416,1,Y,4500,30,N,N,N
00026356,11,2026,1117531,64980017750,2,N, , ,N,N,N
00026356,11,2026,1116758,64980017802,2,N, , ,N,N,N
00026356,11,2026,310489,64980027903,6,Y,30,30,N,N,N
00026356,11,2026,314006,64980028005,6,Y,30,30,N,N,N
00026356,11,2026,315107,64980028101,6,Y,60,30,N,N,N
00026356,11,2026,198076,64980029001,2,N, , ,N,N,N
00026356,11,2026,198077,64980029101,2,N, , ,N,N,N
00026356,11,2026,198075,64980029301,2,N, , ,N,N,N
00026356,11,2026,1440936,64980032430,2,N, , ,N,N,N
00026356,11,2026,1191299,64980032920,2,N, , ,N,N,N
00026356,11,2026,904419,64980034001,1,Y,30,30,N,N,N
00026356,11,2026,313428,64980040403,5,N, , ,N,N,N
00026356,11,2026,242680,64980040524,2,N, , ,N,N,N
00026356,11,2026,861064,64980040906,2,N, , ,N,N,N
00026356,11,2026,477234,64980042602,2,N, , ,N,N,N
00026356,11,2026,197451,64980043001,4,N, , ,N,N,N
00026356,11,2026,197380,64980043710,1,N, , ,N,N,N
00026356,11,2026,197381,64980043810,1,N, , ,N,N,N
00026356,11,2026,197379,64980043910,1,N, , ,N,N,N
00026356,11,2026,1923428,64980051305,1,N, , ,N,N,N
00026356,11,2026,1992303,64980051405,1,N, , ,N,N,N
00026356,11,2026,427163,64980052621,5,Y,60,30,N,N,N
00026356,11,2026,1490065,65162005703,2,N, , ,N,N,N
00026356,11,2026,310432,65162010350,2,Y,270,30,N,N,N
00026356,11,2026,198013,65162018810,1,N, , ,N,N,N
00026356,11,2026,198012,65162018910,1,N, , ,N,N,N
00026356,11,2026,1797113,65162022621,4,Y,18,28,N,N,N
00026356,11,2026,1098134,65162032309,2,N, , ,N,N,N
00026356,11,2026,2531285,65162035803,2,Y,3,28,N,N,N
00026356,11,2026,995624,65162044110,1,N, , ,N,N,N
00026356,11,2026,995666,65162044210,1,N, , ,N,N,N
00026356,11,2026,2266506,65162046935,2,Y,1,28,N,N,N
00026356,11,2026,905341,65162055410,4,N, , ,N,N,N
00026356,11,2026,905347,65162055548,4,N, , ,N,N,N
00026356,11,2026,857336,65162057110,2,N, , ,N,N,N
00026356,11,2026,857321,65162057210,2,N, , ,N,N,N
00026356,11,2026,857328,65162057310,2,N, , ,N,N,N
00026356,11,2026,857340,65162057410,2,N, , ,N,N,N
00026356,11,2026,835603,65162062711,1,Y,240,30,N,N,N
00026356,11,2026,283536,65162064978,2,N, , ,N,N,N
00026356,11,2026,199387,65162067384,2,N, , ,N,N,N
00026356,11,2026,351285,65162070588,2,N, , ,N,N,N
00026356,11,2026,197745,65162071110,2,N, , ,N,N,N
00026356,11,2026,197746,65162071310,2,N, , ,N,N,N
00026356,11,2026,1308569,65162074934,2,Y,30,30,N,N,N
00026356,11,2026,1099563,65162075550,2,N, , ,N,N,N
00026356,11,2026,1099569,65162075750,2,N, , ,N,N,N
00026356,11,2026,1244214,65162077810,4,N, , ,N,N,N
00026356,11,2026,1745091,65162079108,2,Y,90,30,Y,N,N
00026356,11,2026,725021,65162082534,2,Y,30,30,N,N,N
00026356,11,2026,725023,65162082634,2,Y,30,30,N,N,N
00026356,11,2026,197312,65162083594,4,Y,30,30,N,N,N
00026356,11,2026,348719,65162091446,5,N, , ,Y,N,N
00026356,11,2026,351209,65219019030,5,N, , ,Y,N,N
00026356,11,2026,1795609,65219046450,2,N, , ,N,N,N
00026356,11,2026,2686050,65219059601,5,N, , ,Y,N,N
00026356,11,2026,2686057,65219059810,5,N, , ,Y,N,N
00026356,11,2026,2702615,65219086201,3,N, , ,Y,N,N
00026356,11,2026,2702606,65219086626,3,N, , ,Y,N,N
00026356,11,2026,2626399,65597040720,5,Y,120,30,Y,N,N
00026356,11,2026,2643060,65597050428,5,N, , ,Y,N,N
00026356,11,2026,2643064,65597051128,5,N, , ,Y,N,N
00026356,11,2026,1873765,65649000330,3,Y,30,30,N,N,N
00026356,11,2026,539789,65649030103,3,Y,9,30,Y,N,N
00026356,11,2026,856666,65649030302,5,Y,90,30,Y,N,N
00026356,11,2026,1673274,65757040103,5,Y,1.6,14,N,N,N
00026356,11,2026,1673278,65757040203,5,Y,2.4,14,N,N,N
00026356,11,2026,1673280,65757040303,5,Y,3.2,14,N,N,N
00026356,11,2026,1925264,65757040403,5,Y,3.9,14,N,N,N
00026356,11,2026,2049343,65757050003,5,Y,4.8,365,N,N,N
00026356,11,2026,2570398,65757065142,5,Y,30,30,N,N,N
00026356,11,2026,2570401,65757065242,5,Y,30,30,N,N,N
00026356,11,2026,2570404,65757065342,5,Y,30,30,N,N,N
00026356,11,2026,2570407,65757065442,5,Y,30,30,N,N,N
00026356,11,2026,861010,65862000905,6,Y,90,30,N,N,N
00026356,11,2026,312940,65862001105,1,N, , ,N,N,N
00026356,11,2026,312941,65862001205,1,N, , ,N,N,N
00026356,11,2026,312938,65862001305,1,N, , ,N,N,N
00026356,11,2026,308194,65862001501,1,N, , ,N,N,N
00026356,11,2026,308182,65862001605,1,N, , ,N,N,N
00026356,11,2026,283406,65862002106,2,N, , ,N,N,N
00026356,11,2026,283485,65862002306,2,N, , ,N,N,N
00026356,11,2026,756209,65862004824,2,N, , ,N,N,N
00026356,11,2026,312962,65862005090,6,N, , ,N,N,N
00026356,11,2026,311943,65862005724,2,Y,1200,30,N,N,N
00026356,11,2026,313222,65862007930,1,N, , ,N,N,N
00026356,11,2026,861743,65862008001,6,N, , ,Y,N,N
00026356,11,2026,861748,65862008101,6,N, , ,Y,N,N
00026356,11,2026,861753,65862008201,6,N, , ,Y,N,N
00026356,11,2026,309076,65862009520,4,N, , ,N,N,N
00026356,11,2026,309078,65862009620,4,N, , ,N,N,N
00026356,11,2026,198352,65862010701,2,N, , ,N,N,N
00026356,11,2026,315223,65862014636,2,Y,18,30,N,N,N
00026356,11,2026,313161,65862014736,2,Y,18,30,N,N,N
00026356,11,2026,313160,65862014836,2,Y,9,30,N,N,N
00026356,11,2026,854876,65862015901,1,Y,30,30,N,N,N
00026356,11,2026,854873,65862016001,1,Y,30,30,N,N,N
00026356,11,2026,198052,65862018730,2,N, , ,Y,N,N
00026356,11,2026,312086,65862018830,2,N, , ,Y,N,N
00026356,11,2026,979485,65862020199,6,N, , ,N,N,N
00026356,11,2026,979492,65862020299,6,N, , ,N,N,N
00026356,11,2026,979480,65862020399,6,N, , ,N,N,N
00026356,11,2026,248109,65862020768,2,N, , ,N,N,N
00026356,11,2026,309054,65862021801,2,N, , ,N,N,N
00026356,11,2026,476576,65862021960,2,N, , ,N,N,N
00026356,11,2026,197517,65862022660,2,N, , ,N,N,N
00026356,11,2026,854984,65862028601,6,N, , ,N,N,N
00026356,11,2026,854988,65862028701,6,N, , ,N,N,N
00026356,11,2026,854925,65862028801,6,N, , ,N,N,N
00026356,11,2026,310386,65862030612,2,N, , ,N,N,N
00026356,11,2026,857166,65862030801,6,N, , ,N,N,N
00026356,11,2026,857174,65862030901,6,N, , ,N,N,N
00026356,11,2026,904431,65862032904,1,Y,4,28,N,N,N
00026356,11,2026,309362,65862035705,1,N, , ,N,N,N
00026356,11,2026,198334,65862041901,1,N, , ,N,N,N
00026356,11,2026,198335,65862042005,1,N, , ,N,N,N
00026356,11,2026,198188,65862047501,6,N, , ,N,N,N
00026356,11,2026,198189,65862047605,6,N, , ,N,N,N
00026356,11,2026,261962,65862047705,6,N, , ,N,N,N
00026356,11,2026,313134,65862049647,2,N, , ,N,N,N
00026356,11,2026,617296,65862050220,2,N, , ,N,N,N
00026356,11,2026,562508,65862050320,2,N, , ,N,N,N
00026356,11,2026,861783,65862052560,6,Y,90,30,N,N,N
00026356,11,2026,861822,65862052660,6,Y,90,30,N,N,N
00026356,11,2026,313583,65862052790,2,Y,90,30,N,N,N
00026356,11,2026,313585,65862052890,2,Y,90,30,N,N,N
00026356,11,2026,617430,65862053401,2,N, , ,N,N,N
00026356,11,2026,199884,65862053650,1,N, , ,N,N,N
00026356,11,2026,199885,65862053750,1,N, , ,N,N,N
00026356,11,2026,311296,65862053820,1,N, , ,N,N,N
00026356,11,2026,251872,65862055990,1,Y,30,30,N,N,N
00026356,11,2026,200224,65862057490,1,N, , ,N,N,N
00026356,11,2026,898359,65862058501,6,N, , ,N,N,N
00026356,11,2026,260218,65862060130,2,Y,30,30,Y,N,N
00026356,11,2026,314215,65862065060,2,N, , ,N,N,N
00026356,11,2026,900575,65862068730,2,N, , ,N,N,N
00026356,11,2026,313581,65862069790,2,Y,30,30,N,N,N
00026356,11,2026,309097,65862069960,2,N, , ,N,N,N
00026356,11,2026,309098,65862070020,2,N, , ,N,N,N
00026356,11,2026,402246,65862071160,2,N, , ,N,N,N
00026356,11,2026,402247,65862071260,2,N, , ,N,N,N
00026356,11,2026,664741,65862071330,2,N, , ,N,N,N
00026356,11,2026,833528,65862073205,2,N, , ,N,N,N
00026356,11,2026,860715,65862074430,2,Y,30,30,N,N,N
00026356,11,2026,860695,65862074530,2,Y,30,30,N,N,N
00026356,11,2026,860707,65862074630,2,Y,30,30,N,N,N
00026356,11,2026,810071,65862076630,4,N, , ,N,N,N
00026356,11,2026,810077,65862076730,2,N, , ,N,N,N
00026356,11,2026,1800499,65862077685,2,N, , ,N,N,N
00026356,11,2026,1800500,65862077785,2,N, , ,N,N,N
00026356,11,2026,992150,65862078201,2,N, , ,N,N,N
00026356,11,2026,724863,65862080530,2,Y,30,30,Y,N,N
00026356,11,2026,724859,65862080630,2,Y,30,30,Y,N,N
00026356,11,2026,724861,65862080730,2,Y,30,30,Y,N,N
00026356,11,2026,861643,65862081290,2,Y,30,30,N,N,N
00026356,11,2026,861648,65862081390,2,Y,30,30,N,N,N
00026356,11,2026,861652,65862081490,2,Y,30,30,N,N,N
00026356,11,2026,403818,65862084003,2,N, , ,N,N,N
00026356,11,2026,485434,65862084130,2,N, , ,N,N,N
00026356,11,2026,485436,65862084230,2,N, , ,N,N,N
00026356,11,2026,197536,65862084401,2,N, , ,N,N,N
00026356,11,2026,429212,65862084501,2,N, , ,N,N,N
00026356,11,2026,197535,65862084605,2,N, , ,N,N,N
00026356,11,2026,309374,65862084701,2,N, , ,N,N,N
00026356,11,2026,730866,65862085730,6,N, , ,N,N,N
00026356,11,2026,310273,65862085901,1,N, , ,N,N,N
00026356,11,2026,284245,65862086001,1,N, , ,N,N,N
00026356,11,2026,2049264,65862086583,2,Y,91,84,N,N,N
00026356,11,2026,1856424,65862089788,2,N, , ,N,N,N
00026356,11,2026,1856402,65862089888,2,N, , ,N,N,N
00026356,11,2026,349514,65862091060,2,Y,60,30,N,N,N
00026356,11,2026,2052064,65862092585,2,N, , ,N,N,N
00026356,11,2026,485440,65862096701,2,Y,30,30,N,N,N
00026356,11,2026,861960,65862099830,2,Y,30,30,Y,N,N
00026356,11,2026,1442143,66215050130,5,Y,30,30,Y,N,N
00026356,11,2026,1729053,66215060206,5,Y,240,30,Y,N,N
00026356,11,2026,1729057,66215060406,5,Y,60,30,Y,N,N
00026356,11,2026,1729061,66215060606,5,Y,60,30,Y,N,N
00026356,11,2026,1729065,66215060806,5,Y,60,30,Y,N,N
00026356,11,2026,1729013,66215061006,5,Y,60,30,Y,N,N
00026356,11,2026,1729029,66215061206,5,Y,60,30,Y,N,N
00026356,11,2026,1729033,66215061406,5,Y,60,30,Y,N,N
00026356,11,2026,1729047,66215061606,5,Y,60,30,Y,N,N
00026356,11,2026,1729076,66215062820,5,N, , ,Y,N,N
00026356,11,2026,1790317,66658020490,5,N, , ,Y,N,N
00026356,11,2026,727714,66658023407,5,N, , ,Y,N,N
00026356,11,2026,314230,66689034702,2,N, , ,Y,N,N
00026356,11,2026,2123076,66993001968,2,Y,36,30,N,N,N
00026356,11,2026,895994,66993007896,4,Y,21.2,30,N,N,N
00026356,11,2026,895999,66993007996,4,Y,12,30,N,N,N
00026356,11,2026,896004,66993008096,4,Y,24,30,N,N,N
00026356,11,2026,1736045,66993010060,2,N, , ,N,Y,N
00026356,11,2026,1736048,66993010160,4,N, , ,N,Y,N
00026356,11,2026,1011736,66993014130,2,N, , ,N,N,N
00026356,11,2026,1011739,66993014230,2,N, , ,N,N,N
00026356,11,2026,1000153,66993037179,2,N, , ,N,N,N
00026356,11,2026,1488574,66993045630,3,Y,30,30,N,N,Y
00026356,11,2026,1488569,66993045730,3,Y,30,30,N,N,Y
00026356,11,2026,896184,66993058497,2,Y,60,30,N,N,N
00026356,11,2026,896209,66993058597,2,Y,60,30,N,N,N
00026356,11,2026,1367436,66993060536,2,Y,1,28,N,N,N
00026356,11,2026,351156,67457032325,2,N, , ,N,N,N
00026356,11,2026,859824,67457035959,2,N, , ,N,N,N
00026356,11,2026,1719803,67457040913,2,N, , ,N,N,N
00026356,11,2026,1719862,67457041013,2,N, , ,N,N,N
00026356,11,2026,312821,67457044560,2,N, , ,N,N,N
00026356,11,2026,861363,67457058304,5,Y,12,30,N,N,N
00026356,11,2026,861365,67457058406,5,Y,18,30,N,N,N
00026356,11,2026,861356,67457058508,5,Y,24,30,N,N,N
00026356,11,2026,106351,67877012450,2,N, , ,N,N,N
00026356,11,2026,198241,67877014601,1,Y,30,30,N,N,N
00026356,11,2026,198242,67877014701,1,Y,30,30,N,N,N
00026356,11,2026,311880,67877023022,5,N, , ,Y,N,N
00026356,11,2026,312744,67877024210,2,N, , ,N,N,N
00026356,11,2026,317174,67877024601,2,N, , ,N,N,N
00026356,11,2026,312745,67877024760,2,N, , ,N,N,N
00026356,11,2026,616483,67877024801,2,N, , ,N,N,N
00026356,11,2026,616487,67877024910,2,N, , ,N,N,N
00026356,11,2026,312743,67877025001,2,N, , ,N,N,N
00026356,11,2026,636664,67877025930,4,N, , ,N,N,N
00026356,11,2026,312840,67877026118,2,Y,18,30,N,N,N
00026356,11,2026,314209,67877026218,2,Y,18,30,N,N,N
00026356,11,2026,596930,67877026410,2,Y,60,30,N,N,N
00026356,11,2026,596843,67877027430,2,Y,30,30,N,N,N
00026356,11,2026,199206,67877028660,2,N, , ,N,N,N
00026356,11,2026,197805,67877031905,1,Y,240,30,N,N,N
00026356,11,2026,860981,67877041401,6,Y,60,30,N,N,N
00026356,11,2026,311347,67877041920,2,N, , ,N,N,N
00026356,11,2026,602964,67877043003,2,N, , ,N,N,N
00026356,11,2026,349545,67877043203,2,N, , ,N,N,N
00026356,11,2026,349490,67877043303,2,N, , ,N,N,N
00026356,11,2026,349553,67877043403,2,N, , ,N,N,N
00026356,11,2026,349547,67877043503,2,N, , ,N,N,N
00026356,11,2026,897021,67877044460,2,Y,60,30,Y,N,N
00026356,11,2026,311204,67877045430,2,N, , ,N,N,N
00026356,11,2026,898715,67877045747,2,Y,900,30,N,N,N
00026356,11,2026,282755,67877048230,6,N, , ,N,N,N
00026356,11,2026,349556,67877049005,2,Y,30,30,N,N,N
00026356,11,2026,1116635,67877049160,2,N, , ,N,N,N
00026356,11,2026,866910,67877050651,2,N, , ,N,N,N
00026356,11,2026,476350,67877050990,6,Y,30,30,N,N,N
00026356,11,2026,477367,67877052730,2,N, , ,N,N,N
00026356,11,2026,477372,67877052830,2,N, , ,N,N,N
00026356,11,2026,409823,67877058450,4,N, , ,N,N,N
00026356,11,2026,1366192,67877065861,2,Y,480,30,N,N,N
00026356,11,2026,1923822,67877067584,5,N, , ,Y,N,N
00026356,11,2026,1923828,67877067684,5,N, , ,Y,N,N
00026356,11,2026,1923826,67877067784,5,N, , ,Y,N,N
00026356,11,2026,197499,67877069601,2,N, , ,N,N,N
00026356,11,2026,993856,67877073295,2,Y,1200,30,N,N,N
00026356,11,2026,2586427,67877083347,2,N, , ,N,Y,N
00026356,11,2026,2588062,67877088271,2,Y,600,30,N,N,N
00026356,11,2026,1656354,67877095060,2,Y,60,30,N,N,N
00026356,11,2026,896762,68001038200,2,N, , ,N,N,N
00026356,11,2026,1648755,68001060600,2,Y,60,30,N,N,N
00026356,11,2026,854252,68001063942,2,Y,60,30,N,N,N
00026356,11,2026,807832,68180011707,2,N, , ,N,N,N
00026356,11,2026,846378,68180011807,2,N, , ,N,N,N
00026356,11,2026,309112,68180012101,1,N, , ,N,N,N
00026356,11,2026,309049,68180018001,2,N, , ,N,N,N
00026356,11,2026,309048,68180018102,2,N, , ,N,N,N
00026356,11,2026,105171,68180018203,2,N, , ,N,N,N
00026356,11,2026,979468,68180021509,6,N, , ,N,N,N
00026356,11,2026,979464,68180021609,6,N, , ,N,N,N
00026356,11,2026,979471,68180021709,6,N, , ,N,N,N
00026356,11,2026,996609,68180024906,2,Y,30,30,N,Y,N
00026356,11,2026,995599,68180028001,2,N, , ,N,N,N
00026356,11,2026,995607,68180028101,2,N, , ,N,N,N
00026356,11,2026,1482507,68180029006,5,Y,30,30,N,Y,N
00026356,11,2026,1482515,68180029106,5,Y,30,30,N,Y,N
00026356,11,2026,1482521,68180029207,5,Y,60,30,N,Y,N
00026356,11,2026,1482525,68180029306,5,Y,60,30,N,Y,N
00026356,11,2026,670026,68180034507,2,N, , ,N,N,N
00026356,11,2026,1359269,68180034606,5,N, , ,N,N,N
00026356,11,2026,686379,68180039507,2,Y,60,30,N,N,N
00026356,11,2026,197452,68180040301,2,N, , ,N,N,N
00026356,11,2026,197453,68180040401,2,N, , ,N,N,N
00026356,11,2026,309110,68180044001,2,N, , ,N,N,N
00026356,11,2026,309113,68180044101,2,N, , ,N,N,N
00026356,11,2026,898356,68180045901,6,N, , ,N,N,N
00026356,11,2026,200345,68180046509,6,N, , ,N,N,N
00026356,11,2026,197903,68180046707,6,N, , ,N,N,N
00026356,11,2026,197904,68180046803,6,N, , ,N,N,N
00026356,11,2026,898342,68180047201,6,N, , ,N,N,N
00026356,11,2026,898346,68180047301,6,N, , ,N,N,N
00026356,11,2026,311353,68180051202,6,N, , ,N,N,N
00026356,11,2026,311354,68180051303,6,N, , ,N,N,N
00026356,11,2026,197885,68180051802,6,N, , ,N,N,N
00026356,11,2026,197886,68180051902,6,N, , ,N,N,N
00026356,11,2026,197887,68180052002,6,N, , ,N,N,N
00026356,11,2026,199353,68180056601,6,N, , ,N,N,N
00026356,11,2026,199351,68180056701,6,N, , ,N,N,N
00026356,11,2026,199352,68180056801,6,N, , ,N,N,N
00026356,11,2026,1649990,68180065208,2,N, , ,N,N,N
00026356,11,2026,1650030,68180065701,2,N, , ,N,N,N
00026356,11,2026,198201,68180065806,2,N, , ,N,N,N
00026356,11,2026,198202,68180065907,2,N, , ,N,N,N
00026356,11,2026,728109,68180067511,2,Y,84,180,N,N,N
00026356,11,2026,1115698,68180067801,2,Y,540,180,N,N,N
00026356,11,2026,2059015,68180070909,2,Y,60,30,N,N,N
00026356,11,2026,200346,68180071160,2,N, , ,N,N,N
00026356,11,2026,308135,68180072103,1,N, , ,N,N,N
00026356,11,2026,1422081,68180073973,2,N, , ,N,N,N
00026356,11,2026,898350,68180075501,6,N, , ,N,N,N
00026356,11,2026,898353,68180075601,6,N, , ,N,N,N
00026356,11,2026,672149,68180080136,5,N, , ,Y,N,N
00026356,11,2026,749860,68180084073,2,N, , ,N,N,N
00026356,11,2026,751901,68180084313,2,Y,91,84,N,N,N
00026356,11,2026,1356074,68180084473,2,N, , ,N,N,N
00026356,11,2026,748868,68180085473,2,N, , ,N,N,N
00026356,11,2026,748832,68180085773,2,N, , ,N,N,N
00026356,11,2026,1722680,68180086473,2,N, , ,N,N,N
00026356,11,2026,1729516,68180086913,2,N, , ,N,N,N
00026356,11,2026,748961,68180087673,2,N, , ,N,N,N
00026356,11,2026,2665903,68180089513,2,N, , ,N,N,N
00026356,11,2026,1597076,68180094111,4,Y,150,30,Y,N,N
00026356,11,2026,848180,68180094702,2,N, , ,N,N,N
00026356,11,2026,485032,68180096412,2,Y,30,30,N,N,N
00026356,11,2026,892251,68180097501,1,N, , ,N,N,N
00026356,11,2026,892255,68180097601,1,N, , ,N,N,N
00026356,11,2026,314076,68180098003,6,N, , ,N,N,N
00026356,11,2026,314077,68180098103,6,N, , ,N,N,N
00026356,11,2026,205326,68180098201,6,N, , ,N,N,N
00026356,11,2026,1738511,68382000105,1,N, , ,Y,N,N
00026356,11,2026,197388,68382000301,2,N, , ,Y,N,N
00026356,11,2026,205316,68382000414,2,N, , ,N,N,N
00026356,11,2026,205315,68382000514,2,N, , ,N,N,N
00026356,11,2026,992438,68382004001,1,N, , ,Y,N,N
00026356,11,2026,992447,68382004101,1,N, , ,Y,N,N
00026356,11,2026,314035,68382008001,2,N, , ,N,N,N
00026356,11,2026,197754,68382008101,2,N, , ,N,N,N
00026356,11,2026,686924,68382009205,1,N, , ,N,N,N
00026356,11,2026,200031,68382009305,1,N, , ,N,N,N
00026356,11,2026,200032,68382009405,1,N, , ,N,N,N
00026356,11,2026,200033,68382009505,1,N, , ,N,N,N
00026356,11,2026,1738483,68382009705,1,N, , ,Y,N,N
00026356,11,2026,1738495,68382009810,1,N, , ,Y,N,N
00026356,11,2026,1738503,68382009905,1,N, , ,Y,N,N
00026356,11,2026,1099596,68382010610,2,N, , ,N,N,N
00026356,11,2026,863669,68382013201,1,N, , ,N,N,N
00026356,11,2026,199888,68382013805,1,N, , ,N,N,N
00026356,11,2026,151226,68382013905,1,N, , ,N,N,N
00026356,11,2026,199889,68382014005,1,N, , ,N,N,N
00026356,11,2026,845488,68382014406,6,N, , ,N,N,N
00026356,11,2026,861731,68382018401,6,Y,240,30,N,N,N
00026356,11,2026,861736,68382018501,6,Y,120,30,N,N,N
00026356,11,2026,861740,68382018601,6,Y,120,30,N,N,N
00026356,11,2026,309952,68382018701,2,N, , ,Y,N,N
00026356,11,2026,197622,68382018801,2,N, , ,Y,N,N
00026356,11,2026,309955,68382018901,2,N, , ,Y,N,N
00026356,11,2026,863636,68382025501,2,N, , ,N,N,N
00026356,11,2026,863619,68382025601,2,N, , ,N,N,N
00026356,11,2026,606730,68382044206,2,Y,60,30,N,N,N
00026356,11,2026,349253,68382044614,5,Y,60,30,Y,N,N
00026356,11,2026,656659,68382044714,5,Y,60,30,Y,N,N
00026356,11,2026,825130,68382045219,4,N, , ,N,N,N
00026356,11,2026,252413,68382049814,2,N, , ,N,N,N
00026356,11,2026,849389,68382051201,2,N, , ,N,N,N
00026356,11,2026,905158,68382052001,2,N, , ,Y,N,N
00026356,11,2026,197419,68382052701,2,N, , ,N,N,N
00026356,11,2026,1801279,68382052960,2,N, , ,N,N,N
00026356,11,2026,199376,68382053601,2,N, , ,N,N,N
00026356,11,2026,199381,68382053701,2,N, , ,N,N,N
00026356,11,2026,996615,68382054606,2,Y,30,30,N,Y,N
00026356,11,2026,996594,68382054706,2,Y,30,30,N,Y,N
00026356,11,2026,996603,68382054806,2,Y,30,30,N,Y,N
00026356,11,2026,686429,68382071119,4,Y,120,30,N,N,N
00026356,11,2026,314142,68382072116,6,Y,90,30,N,N,N
00026356,11,2026,311919,68382072216,6,Y,90,30,N,N,N
00026356,11,2026,1988308,68382074516,2,N, , ,N,N,N
00026356,11,2026,1988311,68382074616,2,N, , ,N,N,N
00026356,11,2026,1988316,68382074716,2,N, , ,N,N,N
00026356,11,2026,1988319,68382074816,2,N, , ,N,N,N
00026356,11,2026,1988324,68382074916,2,N, , ,N,N,N
00026356,11,2026,1988330,68382075016,2,N, , ,N,N,N
00026356,11,2026,1649401,68382078201,2,N, , ,N,N,N
00026356,11,2026,856373,68382080601,1,N, , ,N,N,N
00026356,11,2026,603208,68382091306,5,Y,60,30,Y,N,N
00026356,11,2026,197973,68382091711,2,N, , ,N,N,N
00026356,11,2026,328161,68382091818,2,N, , ,N,N,N
00026356,11,2026,197971,68382091911,2,N, , ,N,N,N
00026356,11,2026,2054979,68418793906,5,Y,360,30,Y,N,N
00026356,11,2026,2054983,68418794006,5,Y,180,30,Y,N,N
00026356,11,2026,2055016,68418794106,5,Y,360,30,Y,N,N
00026356,11,2026,2055014,68418794206,5,Y,180,30,Y,N,N
00026356,11,2026,197700,68462010430,2,N, , ,N,N,N
00026356,11,2026,754508,68462011233,2,N, , ,Y,N,N
00026356,11,2026,310433,68462012605,2,Y,180,30,N,N,N
00026356,11,2026,310434,68462012705,2,Y,120,30,N,N,N
00026356,11,2026,403966,68462012801,2,N, , ,N,N,N
00026356,11,2026,403967,68462012901,2,N, , ,N,N,N
00026356,11,2026,312136,68462013701,2,N, , ,N,N,N
00026356,11,2026,104894,68462015713,2,N, , ,Y,N,N
00026356,11,2026,198014,68462019005,1,N, , ,N,N,N
00026356,11,2026,1299896,68462020801,6,N, , ,N,N,N
00026356,11,2026,1299897,68462020901,6,N, , ,N,N,N
00026356,11,2026,311355,68462022001,1,N, , ,N,N,N
00026356,11,2026,197891,68462022301,2,N, , ,N,N,N
00026356,11,2026,197892,68462022401,2,N, , ,N,N,N
00026356,11,2026,311265,68462022801,2,N, , ,N,N,N
00026356,11,2026,311264,68462022901,2,N, , ,N,N,N
00026356,11,2026,312847,68462025601,2,N, , ,N,N,N
00026356,11,2026,897649,68462026001,2,N, , ,N,N,N
00026356,11,2026,859747,68462026290,6,N, , ,N,N,N
00026356,11,2026,349592,68462026630,2,Y,60,30,N,N,N
00026356,11,2026,349594,68462026830,2,Y,60,30,N,N,N
00026356,11,2026,349595,68462026930,2,Y,30,30,N,N,N
00026356,11,2026,608143,68462027030,2,Y,30,30,N,N,N
00026356,11,2026,608139,68462027130,2,Y,30,30,N,N,N
00026356,11,2026,897659,68462029201,2,N, , ,N,N,N
00026356,11,2026,197818,68462030201,2,N, , ,Y,N,N
00026356,11,2026,977836,68462030329,2,N, , ,N,N,N
00026356,11,2026,1000405,68462030450,2,N, , ,N,N,N
00026356,11,2026,198373,68462031065,2,Y,120,30,N,N,N
00026356,11,2026,1252016,68462031829,2,N, , ,N,N,N
00026356,11,2026,348472,68462035601,2,N, , ,N,N,N
00026356,11,2026,313291,68462038001,2,N, , ,N,N,N
00026356,11,2026,1245919,68462038829,2,N, , ,N,N,N
00026356,11,2026,1242786,68462039429,2,N, , ,N,N,N
00026356,11,2026,200329,68462039710,1,N, , ,N,N,N
00026356,11,2026,864681,68462040201,2,N, , ,N,N,N
00026356,11,2026,864675,68462040467,2,N, , ,N,N,N
00026356,11,2026,259081,68462040560,2,N, , ,N,N,N
00026356,11,2026,197817,68462040601,2,N, , ,Y,N,N
00026356,11,2026,861156,68462040860,2,N, , ,N,N,N
00026356,11,2026,861164,68462040960,2,N, , ,N,N,N
00026356,11,2026,861171,68462041060,2,N, , ,N,N,N
00026356,11,2026,1543069,68462041820,2,Y,240,30,Y,N,N
00026356,11,2026,1989873,68462041929,2,N, , ,N,N,N
00026356,11,2026,349373,68462043630,6,N, , ,N,N,N
00026356,11,2026,349401,68462043730,6,N, , ,N,N,N
00026356,11,2026,857216,68462044626,2,N, , ,N,N,N
00026356,11,2026,857224,68462044718,2,N, , ,N,N,N
00026356,11,2026,858751,68462047301,2,N, , ,N,N,N
00026356,11,2026,858733,68462047401,2,N, , ,N,N,N
00026356,11,2026,358917,68462048627,4,N, , ,N,N,N
00026356,11,2026,313921,68462050165,2,Y,120,30,N,N,N
00026356,11,2026,314266,68462053435,2,Y,100,30,N,N,N
00026356,11,2026,749784,68462056529,2,N, , ,N,N,N
00026356,11,2026,200311,68462058001,2,N, , ,N,N,N
00026356,11,2026,644088,68462058340,2,Y,1,28,Y,N,N
00026356,11,2026,403810,68462058476,2,Y,4,28,Y,N,N
00026356,11,2026,866905,68462062030,4,N, , ,N,N,N
00026356,11,2026,751553,68462063729,2,N, , ,N,N,N
00026356,11,2026,198039,68462063945,2,N, , ,N,N,N
00026356,11,2026,198040,68462064001,2,N, , ,N,N,N
00026356,11,2026,1989507,68462073129,2,N, , ,N,N,N
00026356,11,2026,749788,68462089404,2,Y,336,365,N,N,N
00026356,11,2026,1876920,68546017060,5,Y,60,30,Y,N,N
00026356,11,2026,1876924,68546017160,5,Y,120,30,Y,N,N
00026356,11,2026,1876916,68546017260,5,Y,120,30,Y,N,N
00026356,11,2026,2630157,68546047056,5,Y,210,30,Y,N,N
00026356,11,2026,2630147,68546047156,5,Y,90,30,Y,N,N
00026356,11,2026,2630153,68546047256,5,Y,60,30,Y,N,N
00026356,11,2026,2683285,68546047356,5,Y,30,30,Y,N,N
00026356,11,2026,2683291,68546047456,5,Y,30,30,Y,N,N
00026356,11,2026,2683297,68546047556,5,Y,30,30,Y,N,N
00026356,11,2026,2683303,68546047656,5,Y,30,30,Y,N,N
00026356,11,2026,2686613,68546047729,5,N, , ,Y,N,N
00026356,11,2026,2686156,68546047956,5,Y,60,30,Y,N,N
00026356,11,2026,855657,68682010301,2,N, , ,N,N,N
00026356,11,2026,562806,68682011001,4,Y,100,30,N,N,N
00026356,11,2026,830795,68682037190,2,N, , ,N,N,N
00026356,11,2026,831359,68682037290,2,N, , ,N,N,N
00026356,11,2026,2721205,68727025001,5,Y,20,28,Y,N,N
00026356,11,2026,2265729,68968017203,5,Y,30,30,N,Y,N
00026356,11,2026,2265732,68968017303,5,Y,30,30,N,Y,N
00026356,11,2026,2265735,68968017403,5,Y,30,30,N,Y,N
00026356,11,2026,1495070,69051030001,5,Y,84,28,Y,N,N
00026356,11,2026,199890,69097012503,1,N, , ,N,N,N
00026356,11,2026,2123111,69097014260,2,Y,13.4,30,N,N,N
00026356,11,2026,1437702,69097017353,2,Y,540,30,Y,N,N
00026356,11,2026,904396,69097022316,1,Y,4,28,N,N,N
00026356,11,2026,349477,69097030102,2,N, , ,N,N,N
00026356,11,2026,252559,69097032187,2,Y,120,30,Y,N,N
00026356,11,2026,239238,69097036108,2,N, , ,N,N,N
00026356,11,2026,602393,69097036202,2,N, , ,N,N,N
00026356,11,2026,477560,69097045805,2,N, , ,N,N,N
00026356,11,2026,477562,69097045905,2,N, , ,N,N,N
00026356,11,2026,861668,69097050327,5,Y,8,28,N,Y,N
00026356,11,2026,1437968,69097051607,2,N, , ,Y,Y,N
00026356,11,2026,1437969,69097051707,2,N, , ,Y,Y,N
00026356,11,2026,861568,69097052734,4,Y,30,30,N,Y,N
00026356,11,2026,692576,69097052834,4,Y,30,30,N,Y,N
00026356,11,2026,692578,69097052934,4,Y,60,30,N,Y,N
00026356,11,2026,403875,69097064202,2,N, , ,N,N,N
00026356,11,2026,310430,69097081312,2,Y,360,30,N,N,N
00026356,11,2026,310459,69097082112,1,N, , ,N,N,N
00026356,11,2026,603103,69097085107,2,N, , ,N,N,N
00026356,11,2026,314285,69097086107,2,N, , ,N,N,N
00026356,11,2026,359296,69097086283,2,N, , ,N,N,N
00026356,11,2026,2606516,69097090950,4,N, , ,Y,N,N
00026356,11,2026,250820,69097096453,5,Y,180,30,Y,N,N
00026356,11,2026,311892,69097096507,2,N, , ,N,N,N
00026356,11,2026,749206,69097096793,2,N, , ,N,N,N
00026356,11,2026,2001506,69102015006,1,N, , ,N,N,N
00026356,11,2026,2001508,69102030101,1,N, , ,N,N,N
00026356,11,2026,2003796,69102031901,1,N, , ,N,N,N
00026356,11,2026,2003801,69102032001,1,N, , ,N,N,N
00026356,11,2026,2724466,69102041801,4,N, , ,Y,N,N
00026356,11,2026,904880,69238120202,2,Y,4,28,N,N,N
00026356,11,2026,904870,69238120302,2,Y,4,28,N,N,N
00026356,11,2026,1432969,69238120402,2,Y,4,28,N,N,N
00026356,11,2026,904876,69238120502,2,Y,4,28,N,N,N
00026356,11,2026,312122,69238126601,2,Y,42,180,N,N,N
00026356,11,2026,314182,69238145802,4,N, , ,N,N,N
00026356,11,2026,312515,69238145902,4,N, , ,N,N,N
00026356,11,2026,197417,69238148901,2,N, , ,N,N,N
00026356,11,2026,197418,69238149001,2,N, , ,N,N,N
00026356,11,2026,1542997,69238150502,2,Y,4,28,N,N,N
00026356,11,2026,198250,69238152201,4,N, , ,N,N,N
00026356,11,2026,198252,69238152301,4,N, , ,N,N,N
00026356,11,2026,242446,69238161503,2,N, , ,N,N,N
00026356,11,2026,1373497,69238162603,2,N, , ,Y,N,N
00026356,11,2026,861490,69238173208,2,N, , ,N,N,N
00026356,11,2026,197606,69238199201,2,N, , ,N,N,N
00026356,11,2026,308724,69238208806,5,N, , ,Y,N,N
00026356,11,2026,1744001,69238209203,2,N, , ,N,N,N
00026356,11,2026,1744005,69238209303,5,N, , ,N,N,N
00026356,11,2026,1744009,69238209403,2,N, , ,N,N,N
00026356,11,2026,308962,69292052801,6,N, , ,N,N,N
00026356,11,2026,197979,69292056201,2,N, , ,N,N,N
00026356,11,2026,311671,69292056401,2,N, , ,N,N,N
00026356,11,2026,1243585,69292072225,2,N, , ,N,N,N
00026356,11,2026,310429,69315011610,1,N, , ,N,N,N
00026356,11,2026,313988,69315011710,1,N, , ,N,N,N
00026356,11,2026,885219,69315013601,2,N, , ,N,N,N
00026356,11,2026,885213,69315013701,2,N, , ,N,N,N
00026356,11,2026,885209,69315013810,2,N, , ,N,N,N
00026356,11,2026,646456,69315030660,2,Y,60,30,N,N,N
00026356,11,2026,1790684,69315031228,2,N, , ,N,N,N
00026356,11,2026,197900,69315090405,1,Y,90,30,N,N,N
00026356,11,2026,197901,69315090510,1,Y,90,30,N,N,N
00026356,11,2026,197902,69315090601,1,Y,150,30,N,N,N
00026356,11,2026,1190572,69315091001,2,N, , ,Y,N,N
00026356,11,2026,1099681,69452015020,2,N, , ,N,N,N
00026356,11,2026,308867,69452020720,2,N, , ,N,N,N
00026356,11,2026,308868,69452020820,2,N, , ,N,N,N
00026356,11,2026,903891,69452028820,2,N, , ,N,N,N
00026356,11,2026,205324,69452034313,2,Y,60,30,Y,N,N
00026356,11,2026,2001439,69557011130,3,Y,90,30,Y,N,N
00026356,11,2026,835593,69584042510,2,N, , ,N,N,N
00026356,11,2026,1437713,69639012001,5,N, , ,Y,N,N
00026356,11,2026,861232,70010003401,2,Y,60,30,N,N,N
00026356,11,2026,861007,70010006310,6,Y,150,30,N,N,N
00026356,11,2026,315183,70010014701,2,N, , ,N,N,N
00026356,11,2026,860975,70010049105,6,Y,120,30,N,N,N
00026356,11,2026,197943,70010075401,2,N, , ,N,N,N
00026356,11,2026,197944,70010077001,2,N, , ,N,N,N
00026356,11,2026,860654,70069000801,4,N, , ,N,N,N
00026356,11,2026,1923432,70069005101,2,N, , ,N,N,N
00026356,11,2026,1659929,70069007110,2,N, , ,N,N,N
00026356,11,2026,313415,70069013101,1,N, , ,N,N,N
00026356,11,2026,1000647,70069018101,2,N, , ,N,N,N
00026356,11,2026,1000862,70069019101,2,N, , ,N,N,N
00026356,11,2026,1000897,70069020101,2,N, , ,N,N,N
00026356,11,2026,861200,70069023101,2,N, , ,N,N,N
00026356,11,2026,2702393,70069069601,1,N, , ,N,N,N
00026356,11,2026,2058906,70127010010,5,N, , ,Y,N,N
00026356,11,2026,2049133,70255001002,5,Y,180,30,Y,N,N
00026356,11,2026,2049121,70255002501,5,Y,180,30,Y,N,N
00026356,11,2026,1855072,70301100201,5,Y,60,30,N,N,N
00026356,11,2026,2541513,70370106001,5,Y,30,30,Y,N,N
00026356,11,2026,1986331,70370108001,5,Y,30,30,Y,N,N
00026356,11,2026,1918230,70370204001,5,Y,30,30,Y,N,N
00026356,11,2026,2054269,70370204806,5,N, , ,Y,N,N
00026356,11,2026,2680780,70370404001,5,Y,30,30,Y,N,N
00026356,11,2026,2680782,70370406001,5,Y,30,30,Y,N,N
00026356,11,2026,2680784,70370408001,5,Y,30,30,Y,N,N
00026356,11,2026,998189,70377001022,5,Y,28,28,Y,N,N
00026356,11,2026,845515,70377001122,5,Y,30,30,Y,N,N
00026356,11,2026,1119400,70377001222,5,Y,60,30,Y,N,N
00026356,11,2026,845507,70377001322,5,Y,56,28,Y,N,N
00026356,11,2026,432402,70436000704,2,Y,60,30,N,N,N
00026356,11,2026,432401,70436000804,2,Y,60,30,N,N,N
00026356,11,2026,432400,70436000904,2,Y,120,30,N,N,N
00026356,11,2026,993541,70436001002,2,N, , ,N,N,N
00026356,11,2026,993557,70436001102,2,N, , ,N,N,N
00026356,11,2026,1874553,70436001304,2,Y,30,30,N,N,N
00026356,11,2026,1668238,70436001982,2,N, , ,N,N,N
00026356,11,2026,1607617,70436003604,2,Y,30,30,N,N,N
00026356,11,2026,198116,70436015301,2,N, , ,N,N,N
00026356,11,2026,141963,70436022236,2,N, , ,N,N,N
00026356,11,2026,465355,70436023039,5,N, , ,Y,N,N
00026356,11,2026,1940654,70437024018,5,Y,180,30,Y,N,N
00026356,11,2026,1798999,70505022060,5,N, , ,Y,N,N
00026356,11,2026,1807632,70512084111,2,N, , ,N,N,N
00026356,11,2026,1921081,70539000102,5,Y,1.56,30,Y,N,N
00026356,11,2026,1117522,70594002304,5,N, , ,N,N,N
00026356,11,2026,1866047,70700011385,2,N, , ,N,N,N
00026356,11,2026,1006065,70700011685,2,N, , ,N,N,N
00026356,11,2026,1020155,70700011787,2,Y,91,84,N,N,N
00026356,11,2026,1720616,70700011885,2,N, , ,N,N,N
00026356,11,2026,1369737,70700011985,2,N, , ,N,N,N
00026356,11,2026,1722676,70700012085,2,N, , ,N,N,N
00026356,11,2026,1369770,70700012185,2,N, , ,N,N,N
00026356,11,2026,2644707,70700015691,4,Y,1,28,N,N,N
00026356,11,2026,260243,70700016201,2,N, , ,N,N,N
00026356,11,2026,312641,70700016301,2,N, , ,N,N,N
00026356,11,2026,808917,70700026894,2,N, , ,N,N,N
00026356,11,2026,1607784,70700027030,2,N, , ,Y,N,N
00026356,11,2026,835829,70700028822,2,N, , ,Y,N,N
00026356,11,2026,2706647,70700030384,1,N, , ,N,N,N
00026356,11,2026,2704561,70700030484,2,N, , ,N,N,N
00026356,11,2026,2704562,70700030584,2,N, , ,N,N,N
00026356,11,2026,2703269,70700030785,2,N, , ,N,N,N
00026356,11,2026,2703270,70700030985,2,N, , ,N,N,N
00026356,11,2026,2703554,70700031085,2,N, , ,N,N,N
00026356,11,2026,2714657,70700031379,2,N, , ,N,N,N
00026356,11,2026,2712092,70700031479,2,N, , ,N,N,N
00026356,11,2026,2704560,70700031685,2,N, , ,N,N,N
00026356,11,2026,2716571,70700031784,2,N, , ,N,N,N
00026356,11,2026,2696255,70700032650,2,N, , ,N,N,N
00026356,11,2026,2706646,70700033085,2,N, , ,Y,N,N
00026356,11,2026,197698,70710113803,2,N, , ,N,N,N
00026356,11,2026,197383,70710116701,2,N, , ,N,N,N
00026356,11,2026,197382,70710116801,2,N, , ,N,N,N
00026356,11,2026,1534809,70710119003,2,Y,3,28,N,N,N
00026356,11,2026,856783,70710122501,2,N, , ,N,N,N
00026356,11,2026,1607796,70710127503,2,N, , ,Y,N,N
00026356,11,2026,1607792,70710127703,2,N, , ,Y,N,N
00026356,11,2026,1490026,70710138909,2,Y,180,30,Y,N,N
00026356,11,2026,1490034,70710139009,5,Y,180,30,Y,N,N
00026356,11,2026,1490038,70710139109,5,Y,180,30,Y,N,N
00026356,11,2026,801957,70710207802,4,N, , ,N,N,N
00026356,11,2026,1872458,70720012585,5,Y,84,28,Y,N,N
00026356,11,2026,1992873,70727049725,3,Y,2.5,25,N,N,N
00026356,11,2026,2119706,70727052925,3,Y,2.5,25,N,N,N
00026356,11,2026,2274815,70748024013,5,Y,56,28,Y,N,N
00026356,11,2026,2274813,70748024113,5,Y,56,28,Y,N,N
00026356,11,2026,2044968,70748024213,5,Y,56,28,Y,N,N
00026356,11,2026,2044966,70748024313,5,Y,56,28,Y,N,N
00026356,11,2026,2044970,70748024413,5,Y,56,28,Y,N,N
00026356,11,2026,1376336,70748033202,4,N, , ,N,N,N
00026356,11,2026,1085741,70752012905,2,N, , ,N,N,N
00026356,11,2026,198175,70752017110,2,N, , ,N,N,N
00026356,11,2026,351133,70756021490,2,N, , ,N,N,N
00026356,11,2026,857297,70756040511,4,N, , ,N,N,N
00026356,11,2026,857301,70756040611,4,N, , ,N,N,N
00026356,11,2026,857305,70756040711,4,N, , ,N,N,N
00026356,11,2026,311277,70756080790,2,Y,60,30,N,N,N
00026356,11,2026,863664,70954000520,2,N, , ,N,N,N
00026356,11,2026,313362,70954001410,2,N, , ,N,N,N
00026356,11,2026,313364,70954001510,2,N, , ,N,N,N
00026356,11,2026,313366,70954001610,2,N, , ,N,N,N
00026356,11,2026,313361,70954001710,2,N, , ,N,N,N
00026356,11,2026,312593,70954001910,2,N, , ,N,N,N
00026356,11,2026,312594,70954002010,2,N, , ,N,N,N
00026356,11,2026,198141,70954002110,2,N, , ,N,N,N
00026356,11,2026,197558,70954013510,2,N, , ,N,N,N
00026356,11,2026,197557,70954013610,2,N, , ,N,N,N
00026356,11,2026,307730,70954018810,4,N, , ,N,N,N
00026356,11,2026,905283,70954021110,2,N, , ,N,N,N
00026356,11,2026,905269,70954021210,2,N, , ,N,N,N
00026356,11,2026,197949,70954022810,2,N, , ,N,N,N
00026356,11,2026,308976,70954024010,2,N, , ,N,N,N
00026356,11,2026,312242,70954031910,4,N, , ,Y,N,N
00026356,11,2026,1869684,70954041720,5,Y,180,30,Y,N,N
00026356,11,2026,311727,70954044310,2,N, , ,N,N,N
00026356,11,2026,317128,70954044410,2,N, , ,N,N,N
00026356,11,2026,198181,70954048430,2,N, , ,N,N,N
00026356,11,2026,198332,70954054110,2,N, , ,N,N,N
00026356,11,2026,237178,71321050010,4,N, , ,N,N,N
00026356,11,2026,346574,71321050110,4,N, , ,N,N,N
00026356,11,2026,2623654,71332000501,5,Y,60,30,Y,N,N
00026356,11,2026,2394947,71332000660,5,Y,120,30,Y,N,N
00026356,11,2026,2059189,71558059028,5,Y,235.2,28,Y,N,N
00026356,11,2026,2055286,71571012128,3,Y,5.6,14,N,N,N
00026356,11,2026,2464843,71571033383,3,Y,8.3,14,N,N,N
00026356,11,2026,2283527,71699002530,5,Y,30,30,N,N,N
00026356,11,2026,2265701,71699005030,5,Y,30,30,N,N,N
00026356,11,2026,2283505,71699010030,5,Y,30,30,N,N,N
00026356,11,2026,2283518,71699010356,5,Y,56,28,N,N,N
00026356,11,2026,2540432,71699010456,5,Y,56,28,N,N,N
00026356,11,2026,2283509,71699015030,5,Y,60,30,N,N,N
00026356,11,2026,2283513,71699020030,5,Y,60,30,N,N,N
00026356,11,2026,2283538,71699020128,4,N, , ,N,N,N
00026356,11,2026,2283536,71699020228,5,N, , ,N,N,N
00026356,11,2026,2283540,71699020328,5,N, , ,N,N,N
00026356,11,2026,861004,71717010611,6,Y,75,30,N,N,N
00026356,11,2026,2714922,71779062301,5,Y,66,28,Y,N,N
00026356,11,2026,905390,71863011460,5,N, , ,Y,N,N
00026356,11,2026,2636548,71881040012,5,Y,12,30,Y,N,N
00026356,11,2026,1091341,71930002452,2,Y,900,30,N,N,N
00026356,11,2026,2607531,72060011040,5,Y,30,30,N,Y,N
00026356,11,2026,2607535,72060012140,5,Y,30,30,N,Y,N
00026356,11,2026,2275613,72060014240,5,Y,30,30,N,Y,N
00026356,11,2026,2272118,72064011030,5,Y,30,30,Y,N,N
00026356,11,2026,2272122,72064012030,5,Y,30,30,Y,N,N
00026356,11,2026,2559725,72064012530,5,Y,30,30,Y,N,N
00026356,11,2026,2272126,72064013030,5,Y,30,30,Y,N,N
00026356,11,2026,2559729,72064015030,5,Y,30,30,Y,N,N
00026356,11,2026,2199304,72065012012,3,N, , ,N,N,N
00026356,11,2026,2199308,72065012112,3,N, , ,N,N,N
00026356,11,2026,2199316,72065013111,3,N, , ,N,N,N
00026356,11,2026,2587361,72065014011,3,N, , ,N,N,N
00026356,11,2026,2628484,72187010103,5,Y,90,30,Y,N,N
00026356,11,2026,2628489,72187010203,5,Y,30,30,Y,N,N
00026356,11,2026,859751,72205000490,6,N, , ,N,N,N
00026356,11,2026,313472,72205000891,5,Y,240,30,Y,N,N
00026356,11,2026,483442,72205001190,2,Y,90,30,N,N,N
00026356,11,2026,483448,72205001290,2,Y,90,30,N,N,N
00026356,11,2026,483450,72205001390,2,Y,90,30,N,N,N
00026356,11,2026,483440,72205001590,2,Y,90,30,N,N,N
00026356,11,2026,483446,72205001690,2,Y,90,30,N,N,N
00026356,11,2026,577127,72205001790,2,Y,60,30,N,N,N
00026356,11,2026,483444,72205001890,2,Y,60,30,N,N,N
00026356,11,2026,859424,72205002790,6,N, , ,N,N,N
00026356,11,2026,834241,72205002930,4,Y,30,30,N,N,N
00026356,11,2026,1100075,72205003092,5,Y,120,30,Y,N,N
00026356,11,2026,310003,72205003960,2,N, , ,N,N,N
00026356,11,2026,310004,72205004060,2,N, , ,N,N,N
00026356,11,2026,310005,72205004160,2,N, , ,N,N,N
00026356,11,2026,728113,72205004311,2,Y,48,180,N,N,N
00026356,11,2026,199672,72205005108,2,N, , ,N,N,N
00026356,11,2026,1790122,72205007179,5,Y,720,30,N,Y,N
00026356,11,2026,1299911,72205008430,2,N, , ,N,N,N
00026356,11,2026,1299917,72205008530,2,N, , ,N,N,N
00026356,11,2026,2001319,72205020132,2,Y,28,28,N,N,N
00026356,11,2026,1086778,72205026130,2,Y,30,30,N,N,N
00026356,11,2026,1086784,72205026230,2,Y,30,30,N,N,N
00026356,11,2026,1656340,72205028060,2,Y,60,30,N,N,N
00026356,11,2026,1656349,72205028160,2,Y,60,30,N,N,N
00026356,11,2026,2382990,72237010103,5,Y,24,28,Y,N,N
00026356,11,2026,2178407,72237010104,5,Y,32,28,Y,N,N
00026356,11,2026,2548766,72237010202,5,Y,8,28,Y,N,N
00026356,11,2026,2548767,72237010206,5,Y,8,28,Y,N,N
00026356,11,2026,2548742,72237010305,5,Y,8,28,Y,N,N
00026356,11,2026,2548736,72237010401,5,Y,4,28,Y,N,N
00026356,11,2026,2730156,72237010501,5,Y,8,28,Y,N,N
00026356,11,2026,2708339,72237010601,5,Y,16,28,Y,N,N
00026356,11,2026,310385,72241000811,1,N, , ,N,N,N
00026356,11,2026,313989,72241000910,1,N, , ,N,N,N
00026356,11,2026,2272630,72252050505,5,Y,10,30,N,N,N
00026356,11,2026,2272622,72252051005,5,Y,10,30,N,N,N
00026356,11,2026,2272636,72252051510,5,Y,10,30,N,N,N
00026356,11,2026,2272624,72252052010,5,Y,10,30,N,N,N
00026356,11,2026,2703582,72336009530,6,Y,90,30,N,N,N
00026356,11,2026,2282414,72426011803,3,Y,30,30,N,Y,N
00026356,11,2026,2283236,72426081803,3,Y,30,30,N,Y,N
00026356,11,2026,2595254,72482010012,5,Y,120,30,Y,N,N
00026356,11,2026,1312625,72485063005,4,Y,10,14,N,N,N
00026356,11,2026,311381,72485065305,2,N, , ,N,Y,N
00026356,11,2026,1665906,72511050101,3,Y,6,28,N,Y,N
00026356,11,2026,1665900,72511076002,3,Y,6,28,N,Y,N
00026356,11,2026,2699353,72526010511,5,Y,0.25,21,N,N,N
00026356,11,2026,2699354,72526010611,5,Y,0.5,21,N,N,N
00026356,11,2026,2699350,72526010711,5,Y,0.75,21,N,N,N
00026356,11,2026,2699351,72526010811,5,Y,1,21,N,N,N
00026356,11,2026,2699352,72526010911,5,Y,1.5,21,N,N,N
00026356,11,2026,2699348,72526011011,5,Y,2.25,21,N,N,N
00026356,11,2026,2694294,72542012401,5,Y,90,30,Y,N,N
00026356,11,2026,2694298,72542014701,5,Y,90,30,Y,N,N
00026356,11,2026,2694302,72542016201,5,Y,90,30,Y,N,N
00026356,11,2026,2694306,72542019301,5,Y,90,30,Y,N,N
00026356,11,2026,197310,72578000201,1,N, , ,N,N,N
00026356,11,2026,197405,72578009306,2,N, , ,N,N,N
00026356,11,2026,2719223,72579012201,5,Y,60,30,Y,N,N
00026356,11,2026,2639659,72606002206,5,N, , ,Y,N,N
00026356,11,2026,2639651,72606002210,5,N, , ,Y,N,N
00026356,11,2026,2668488,72606002304,5,N, , ,Y,N,N
00026356,11,2026,2668490,72606002307,5,N, , ,Y,N,N
00026356,11,2026,2668484,72606002401,5,N, , ,Y,N,N
00026356,11,2026,2639662,72606003006,5,N, , ,Y,N,N
00026356,11,2026,2639657,72606003009,5,N, , ,Y,N,N
00026356,11,2026,2717862,72606003701,3,Y,1,180,N,N,N
00026356,11,2026,2717873,72606003801,5,N, , ,Y,N,N
00026356,11,2026,2668487,72606004004,5,N, , ,Y,N,N
00026356,11,2026,2668489,72606004006,5,N, , ,Y,N,N
00026356,11,2026,2668483,72606004101,5,N, , ,Y,N,N
00026356,11,2026,2274390,72607010000,5,Y,240,30,Y,N,N
00026356,11,2026,2282320,72618300002,3,Y,18,30,Y,N,N
00026356,11,2026,2049884,72694061760,5,Y,60,30,Y,N,N
00026356,11,2026,2690663,72694072840,5,N, , ,Y,N,N
00026356,11,2026,2690659,72694087910,5,N, , ,Y,N,N
00026356,11,2026,403888,72865019505,2,N, , ,N,N,N
00026356,11,2026,412174,72887014306,5,N, , ,N,N,N
00026356,11,2026,2376942,72887014406,5,N, , ,N,N,N
00026356,11,2026,834348,72888006130,2,N, , ,N,N,N
00026356,11,2026,309140,72888011801,4,N, , ,N,N,N
00026356,11,2026,756059,72888017246,2,N, , ,N,N,N
00026356,11,2026,2693253,72888020101,2,N, , ,N,N,N
00026356,11,2026,199998,72888020766,2,N, , ,N,N,N
00026356,11,2026,2472789,72974012001,5,N, , ,Y,N,N
00026356,11,2026,2058520,73116021556,5,Y,56,28,Y,N,N
00026356,11,2026,2058525,73116022556,5,Y,56,28,Y,N,N
00026356,11,2026,198286,73152002901,4,N, , ,N,N,N
00026356,11,2026,198285,73152003101,4,N, , ,N,N,N
00026356,11,2026,2369403,73207010130,5,Y,90,30,Y,N,N
00026356,11,2026,2705412,73207030240,5,Y,8,28,Y,N,N
00026356,11,2026,2705416,73207030340,5,Y,8,28,Y,N,N
00026356,11,2026,2705420,73207030440,5,Y,8,28,Y,N,N
00026356,11,2026,245248,73308043530,4,N, , ,N,N,N
00026356,11,2026,2678310,73352083015,2,Y,90,30,Y,N,N
00026356,11,2026,2587070,73536050001,5,Y,2,28,Y,N,N
00026356,11,2026,2698345,73555050000,5,Y,240,30,Y,N,N
00026356,11,2026,2698337,73555050100,5,Y,120,30,Y,N,N
00026356,11,2026,2698341,73555050200,5,Y,60,30,Y,N,N
00026356,11,2026,2572111,73556016801,5,Y,180,30,Y,N,N
00026356,11,2026,1595462,73562011001,3,N, , ,N,N,N
00026356,11,2026,1595473,73562011101,3,N, , ,N,N,N
00026356,11,2026,1595478,73562011201,3,N, , ,N,N,N
00026356,11,2026,1595292,73562011301,3,N, , ,N,N,N
00026356,11,2026,1995479,73562011401,3,N, , ,N,N,N
00026356,11,2026,1595457,73562011501,3,N, , ,N,N,N
00026356,11,2026,1594673,73562011601,3,N, , ,N,N,N
00026356,11,2026,2669472,73562011701,3,N, , ,N,N,N
00026356,11,2026,763457,73604091404,5,N, , ,Y,N,N
00026356,11,2026,2600886,73625011111,5,Y,30,30,Y,N,N
00026356,11,2026,2600890,73625011211,5,Y,30,30,Y,N,N
00026356,11,2026,2600878,73625011311,5,Y,30,30,Y,N,N
00026356,11,2026,2600882,73625011411,5,Y,30,30,Y,N,N
00026356,11,2026,905059,74676590201,4,N, , ,Y,N,N
00026356,11,2026,905064,74676590401,4,N, , ,Y,N,N
00026356,11,2026,905057,74676590601,4,N, , ,Y,N,N
00026356,11,2026,199167,75826013910,2,N, , ,Y,N,N
00026356,11,2026,199168,75826014110,2,N, , ,Y,N,N
00026356,11,2026,197500,75834011001,2,N, , ,N,N,N
00026356,11,2026,897640,75834015801,2,N, , ,N,N,N
00026356,11,2026,835956,75907000530,2,N, , ,N,N,N
00026356,11,2026,1359027,75907008162,2,N, , ,N,N,N
00026356,11,2026,1358775,75907008262,2,N, , ,N,N,N
00026356,11,2026,1359032,75907008363,2,N, , ,N,N,N
00026356,11,2026,1359020,75907008463,2,N, , ,N,N,N
00026356,11,2026,1359134,75907008632,2,N, , ,N,N,N
00026356,11,2026,748859,75907008762,2,N, , ,N,N,N
00026356,11,2026,831872,75907009162,2,N, , ,N,N,N
00026356,11,2026,197980,75907016601,5,N, , ,Y,N,N
00026356,11,2026,751970,75987011111,5,N, , ,Y,N,N
00026356,11,2026,2679504,76045011410,2,N, , ,N,N,N
00026356,11,2026,351137,76204001055,2,N, , ,Y,N,N
00026356,11,2026,351136,76204001155,2,N, , ,Y,N,N
00026356,11,2026,630208,76204020025,2,N, , ,Y,N,N
00026356,11,2026,1191250,76329336901,2,N, , ,N,N,N
00026356,11,2026,207373,76336008060,5,N, , ,N,N,N
00026356,11,2026,1922763,76385012701,2,N, , ,N,N,N
00026356,11,2026,1111011,78206014501,3,N, , ,N,N,N
00026356,11,2026,2640305,78206018301,5,N, , ,Y,N,N
00026356,11,2026,2640300,78206018401,5,N, , ,Y,N,N
00026356,11,2026,2640428,78206018601,5,N, , ,Y,N,N
00026356,11,2026,2640432,78206018701,5,N, , ,Y,N,N
00026356,11,2026,2673205,78670015001,5,Y,240,30,Y,N,N
00026356,11,2026,2564037,79802020030,5,N, , ,Y,N,N
00026356,11,2026,197894,80005011402,2,N, , ,N,N,N
00026356,11,2026,197896,80005011502,5,N, , ,N,N,N
00026356,11,2026,197895,80005011602,5,N, , ,N,N,N
00026356,11,2026,205646,80725014318,5,N, , ,N,N,N
00026356,11,2026,105553,80725061025,5,N, , ,N,N,N
00026356,11,2026,105590,80725063025,5,N, , ,N,N,N
00026356,11,2026,2625923,80739081218,5,Y,180,30,Y,N,N
00026356,11,2026,2685012,80777034563,3,N, , ,N,N,N
00026356,11,2026,2669513,81520010030,4,N, , ,Y,N,N
00026356,11,2026,2669515,81520020030,4,N, , ,Y,N,N
00026356,11,2026,2604700,81583010001,5,Y,1080,30,Y,N,N
00026356,11,2026,311192,81665010210,2,N, , ,N,N,N
00026356,11,2026,311197,81665010310,2,N, , ,N,N,N
00026356,11,2026,311166,81665010710,1,N, , ,N,N,N
00026356,11,2026,197832,81665010810,1,N, , ,N,N,N
00026356,11,2026,2665224,81864010130,5,Y,30,30,Y,N,N
00026356,11,2026,2665220,81864010230,5,Y,30,30,Y,N,N
00026356,11,2026,2665216,81864010330,5,Y,30,30,Y,N,N
00026356,11,2026,2699837,81927020101,5,Y,280,28,Y,N,N
00026356,11,2026,2671462,81927020401,4,N, , ,Y,Y,N
00026356,11,2026,2644512,81942012501,5,Y,10,42,Y,N,N
00026356,11,2026,1361574,81952011606,2,N, , ,N,N,N
00026356,11,2026,2611266,81968004530,5,N, , ,N,Y,N
00026356,11,2026,197361,82009002710,1,N, , ,N,N,N
00026356,11,2026,352297,82154044901,5,N, , ,Y,N,N
00026356,11,2026,731328,82154045104,5,N, , ,Y,N,N
00026356,11,2026,1862595,82154078301,5,Y,120,30,Y,N,N
00026356,11,2026,1921589,82154078401,5,Y,120,30,Y,N,N
00026356,11,2026,1862590,82154078501,5,Y,120,30,Y,N,N
00026356,11,2026,2698324,82228071228,5,Y,112,28,Y,N,N
00026356,11,2026,2702601,82249001112,2,Y,120,30,Y,N,N
00026356,11,2026,311382,82260029905,4,Y,15,19,N,N,N
00026356,11,2026,545255,82260035805,2,N, , ,N,N,N
00026356,11,2026,993470,82293000410,2,N, , ,N,N,N
00026356,11,2026,993462,82293000510,2,N, , ,N,N,N
00026356,11,2026,2680364,82448010014,5,Y,60,30,Y,N,N
00026356,11,2026,2705623,82448013042,5,Y,224,28,Y,N,N
00026356,11,2026,2705635,82448013484,5,Y,224,28,Y,N,N
00026356,11,2026,2680370,82448015014,5,Y,60,30,Y,N,N
00026356,11,2026,2705628,82448026084,5,Y,112,28,Y,N,N
00026356,11,2026,2677909,82576006030,5,N, , ,Y,N,N
00026356,11,2026,2677913,82576008030,5,N, , ,Y,N,N
00026356,11,2026,2677905,82576010030,5,N, , ,Y,N,N
00026356,11,2026,1551923,82625880101,3,Y,30,30,N,N,N
00026356,11,2026,1601373,82625880201,3,Y,30,30,N,N,N
00026356,11,2026,207100,82667001205,4,N, , ,N,N,N
00026356,11,2026,1365866,82667040003,3,N, , ,N,N,N
00026356,11,2026,2690858,82950000116,5,Y,24,28,Y,N,N
00026356,11,2026,2690860,82950000120,5,Y,24,28,Y,N,N
00026356,11,2026,2690862,82950000124,5,Y,24,28,Y,N,N
00026356,11,2026,2682445,82950001201,5,Y,96,28,Y,N,N
00026356,11,2026,2712644,83076102503,5,Y,270,30,Y,N,N
00026356,11,2026,2712640,83076110006,5,Y,60,30,Y,N,N
00026356,11,2026,2563976,83257001411,3,Y,40,28,N,N,N
00026356,11,2026,2563971,83257001532,3,Y,30,28,N,N,N
00026356,11,2026,2705597,83257002341,3,N, , ,Y,N,N
00026356,11,2026,2705603,83257002411,3,N, , ,Y,N,N
00026356,11,2026,2705600,83257002541,5,N, , ,Y,N,N
00026356,11,2026,310027,83634011120,2,N, , ,N,N,N
00026356,11,2026,2709448,83831013401,4,N, , ,Y,N,N
00026356,11,2026,2716931,84651020030,5,Y,90,30,Y,N,N
00026429,15,2026,1745108,00002144511,5,N, , ,Y,N,N
00026429,15,2026,2725923,00002171756,5,N, , ,N,N,N
00026429,15,2026,2047247,00002418230,5,N, , ,Y,N,N
00026429,15,2026,1946836,00002448354,5,N, , ,Y,N,N
00026429,15,2026,2205474,00002473230,5,N, , ,Y,N,N
00026429,15,2026,1946840,00002481554,5,N, , ,Y,N,N
00026429,15,2026,1946844,00002533754,5,N, , ,Y,N,N
00026429,15,2026,2679814,00002534060,5,N, , ,Y,N,N
00026429,15,2026,2679812,00002556260,5,N, , ,Y,N,N
00026429,15,2026,2679816,00002608260,5,N, , ,Y,N,N
00026429,15,2026,2679808,00002612060,5,N, , ,Y,N,N
00026429,15,2026,1946848,00002621654,5,N, , ,Y,N,N
00026429,15,2026,2629353,00002690230,5,N, , ,N,N,N
00026429,15,2026,2629349,00002702660,5,N, , ,N,N,N
00026429,15,2026,865098,00002751001,3,N, , ,N,N,N
00026429,15,2026,1652646,00002751659,4,N, , ,N,N,N
00026429,15,2026,1745114,00002772411,5,N, , ,Y,N,N
00026429,15,2026,242120,00002773701,3,N, , ,N,N,N
00026429,15,2026,2693907,00002777211,5,N, , ,Y,N,N
00026429,15,2026,2693791,00002779711,5,N, , ,Y,N,N
00026429,15,2026,311036,00002821501,2,N, , ,N,N,N
00026429,15,2026,1652639,00002822259,4,N, , ,N,N,N
00026429,15,2026,311026,00002831501,3,N, , ,N,N,N
00026429,15,2026,351859,00002850101,3,N, , ,N,N,N
00026429,15,2026,106892,00002871501,3,N, , ,N,N,N
00026429,15,2026,1652640,00002879959,4,N, , ,N,N,N
00026429,15,2026,847189,00002880359,3,N, , ,N,N,N
00026429,15,2026,847199,00002880559,3,N, , ,N,N,N
00026429,15,2026,1731317,00002882427,3,N, , ,N,N,N
00026429,15,2026,2674932,00002890011,5,N, , ,Y,N,N
00026429,15,2026,2674934,00002890511,5,N, , ,Y,N,N
00026429,15,2026,1435117,00002967801,5,N, , ,N,N,N
00026429,15,2026,2694850,00003005060,5,N, , ,N,N,N
00026429,15,2026,2694855,00003012560,5,N, , ,N,N,N
00026429,15,2026,1364441,00003089321,3,N, , ,N,N,Y
00026429,15,2026,1364447,00003089421,3,N, , ,N,N,Y
00026429,15,2026,2694991,00003110060,5,N, , ,N,N,N
00026429,15,2026,607579,00003161412,3,N, , ,N,N,N
00026429,15,2026,1145932,00003218811,5,N, , ,Y,N,N
00026429,15,2026,1799230,00003218851,5,N, , ,Y,N,N
00026429,15,2026,1925255,00003281411,5,N, , ,Y,N,N
00026429,15,2026,1925257,00003281811,5,N, , ,Y,N,N
00026429,15,2026,1598989,00003363810,5,N, , ,N,N,N
00026429,15,2026,1601660,00003364111,5,N, , ,N,N,N
00026429,15,2026,1992428,00003376474,3,N, , ,N,N,Y
00026429,15,2026,2670655,00003404060,5,N, , ,Y,N,N
00026429,15,2026,2696878,00003416060,5,N, , ,Y,N,N
00026429,15,2026,2694993,00003520056,5,N, , ,N,N,N
00026429,15,2026,1593140,00005010005,6,N, , ,N,N,N
00026429,15,2026,665044,00006011231,3,N, , ,N,N,Y
00026429,15,2026,665040,00006022131,3,N, , ,N,N,Y
00026429,15,2026,744846,00006022761,5,N, , ,N,N,N
00026429,15,2026,665036,00006027731,3,N, , ,N,N,Y
00026429,15,2026,1235595,00006047361,3,N, , ,N,N,N
00026429,15,2026,1235591,00006047761,3,N, , ,N,N,N
00026429,15,2026,668606,00006056840,5,N, , ,Y,N,N
00026429,15,2026,2055766,00006306901,5,N, , ,N,N,N
00026429,15,2026,1988671,00006307502,5,N, , ,N,N,N
00026429,15,2026,1988675,00006307602,5,N, , ,N,N,N
00026429,15,2026,1924315,00006308001,5,N, , ,N,N,N
00026429,15,2026,1486841,00006360361,3,N, , ,N,N,N
00026429,15,2026,798300,00006404741,4,N, , ,N,N,N
00026429,15,2026,830253,00006409302,6,N, , ,Y,N,N
00026429,15,2026,830245,00006409402,6,N, , ,Y,N,N
00026429,15,2026,836636,00006409502,6,N, , ,N,N,N
00026429,15,2026,836634,00006409602,6,N, , ,N,N,N
00026429,15,2026,1597099,00006411903,6,N, , ,N,N,N
00026429,15,2026,1597103,00006412102,6,N, , ,N,N,N
00026429,15,2026,1292443,00006417100,6,N, , ,N,N,N
00026429,15,2026,804186,00006468100,6,N, , ,N,N,N
00026429,15,2026,1292459,00006482700,6,N, , ,N,N,N
00026429,15,2026,1658106,00006483141,6,N, , ,N,N,N
00026429,15,2026,1658102,00006484141,6,N, , ,N,N,N
00026429,15,2026,798451,00006489700,6,N, , ,N,N,N
00026429,15,2026,1658155,00006498101,6,N, , ,Y,N,N
00026429,15,2026,830263,00006499200,6,N, , ,Y,N,N
00026429,15,2026,1658150,00006499541,6,N, , ,Y,N,N
00026429,15,2026,2055815,00006500701,5,N, , ,N,N,N
00026429,15,2026,2475852,00006503001,4,N, , ,N,N,N
00026429,15,2026,2693193,00006508501,5,N, , ,N,N,N
00026429,15,2026,2678949,00006508701,5,N, , ,N,N,N
00026429,15,2026,2678951,00006508801,5,N, , ,N,N,N
00026429,15,2026,2678943,00006509001,5,N, , ,N,N,N
00026429,15,2026,2678947,00006509101,5,N, , ,N,N,N
00026429,15,2026,2567237,00006533101,5,N, , ,N,N,N
00026429,15,2026,207136,00009002001,3,N, , ,N,N,N
00026429,15,2026,206417,00009027101,2,N, , ,N,N,N
00026429,15,2026,835831,00009034702,2,N, , ,N,N,N
00026429,15,2026,835842,00009041701,2,N, , ,N,N,N
00026429,15,2026,1000158,00009470913,3,N, , ,N,N,N
00026429,15,2026,1797888,00009540101,4,N, , ,N,N,N
00026429,15,2026,404457,00009716601,5,N, , ,N,N,N
00026429,15,2026,404458,00009716801,5,N, , ,N,N,N
00026429,15,2026,404459,00009718801,5,N, , ,N,N,N
00026429,15,2026,1549456,00009719901,5,N, , ,N,N,N
00026429,15,2026,1549454,00009720001,5,N, , ,N,N,N
00026429,15,2026,848330,00013104201,4,N, , ,N,N,N
00026429,15,2026,2268231,00023649810,5,N, , ,Y,N,N
00026429,15,2026,2268227,00023650110,3,N, , ,Y,N,N
00026429,15,2026,904170,00024159601,2,N, , ,N,N,N
00026429,15,2026,854859,00024414260,4,N, , ,N,N,N
00026429,15,2026,1876406,00024591401,5,N, , ,Y,N,N
00026429,15,2026,2375329,00024591502,5,N, , ,Y,N,N
00026429,15,2026,2099302,00024591801,5,N, , ,Y,N,N
00026429,15,2026,2559707,00024591902,5,N, , ,Y,N,N
00026429,15,2026,1797880,00025016608,5,N, , ,N,N,N
00026429,15,2026,902648,00025273231,3,N, , ,N,N,N
00026429,15,2026,902652,00025274231,3,N, , ,N,N,N
00026429,15,2026,863836,00032004670,3,N, , ,N,N,N
00026429,15,2026,863841,00032004770,3,N, , ,N,N,N
00026429,15,2026,1113046,00032120370,3,N, , ,N,N,N
00026429,15,2026,863829,00032122401,3,N, , ,N,N,N
00026429,15,2026,1373327,00032301613,3,N, , ,N,N,N
00026429,15,2026,828364,00037682210,2,N, , ,N,N,N
00026429,15,2026,905164,00037686010,5,N, , ,N,N,N
00026429,15,2026,1653579,00052060302,3,N, , ,N,N,N
00026429,15,2026,198148,00054001925,1,N, , ,N,N,N
00026429,15,2026,393245,00054005746,2,N, , ,N,N,N
00026429,15,2026,312085,00054006447,2,N, , ,Y,N,N
00026429,15,2026,885857,00054007928,2,N, , ,N,N,N
00026429,15,2026,860901,00054013749,2,N, , ,N,N,N
00026429,15,2026,199149,00054014125,2,N, , ,N,N,N
00026429,15,2026,199150,00054014225,2,N, , ,N,N,N
00026429,15,2026,351264,00054017613,2,N, , ,N,N,N
00026429,15,2026,351265,00054017713,2,N, , ,N,N,N
00026429,15,2026,351266,00054018813,2,N, , ,N,N,N
00026429,15,2026,351267,00054018913,2,N, , ,N,N,N
00026429,15,2026,894780,00054023863,2,Y,300,30,N,N,N
00026429,15,2026,997170,00054024324,2,Y,180,30,N,N,N
00026429,15,2026,997296,00054024525,2,Y,180,30,N,N,N
00026429,15,2026,897657,00054038663,2,Y,1200,30,N,N,N
00026429,15,2026,1049604,00054039063,2,Y,1300,30,N,N,N
00026429,15,2026,1874559,00054040013,2,N, , ,N,N,N
00026429,15,2026,824295,00054042523,4,N, , ,N,N,N
00026429,15,2026,824301,00054042623,5,N, , ,N,N,N
00026429,15,2026,665019,00054044949,5,N, , ,N,N,N
00026429,15,2026,977427,00054047021,4,N, , ,Y,N,N
00026429,15,2026,977434,00054047121,5,N, , ,Y,N,N
00026429,15,2026,977438,00054047221,5,N, , ,Y,N,N
00026429,15,2026,1304979,00054050823,2,N, , ,Y,N,N
00026429,15,2026,1092357,00054052863,5,N, , ,N,N,N
00026429,15,2026,2056895,00054060421,5,N, , ,Y,N,N
00026429,15,2026,2180997,00054071119,5,N, , ,N,N,N
00026429,15,2026,1044427,00054084363,2,Y,2700,30,N,N,N
00026429,15,2026,1536484,00054087949,5,N, , ,N,N,N
00026429,15,2026,197893,00054253125,2,N, , ,N,N,N
00026429,15,2026,313932,00054312041,2,N, , ,N,N,N
00026429,15,2026,309686,00054317763,2,N, , ,N,N,N
00026429,15,2026,309844,00054318544,2,N, , ,N,N,N
00026429,15,2026,309843,00054318863,2,N, , ,N,N,N
00026429,15,2026,1190568,00054319446,2,N, , ,N,N,N
00026429,15,2026,197730,00054329446,1,N, , ,N,N,N
00026429,15,2026,197731,00054329863,2,N, , ,N,N,N
00026429,15,2026,1010739,00054350049,2,N, , ,N,N,N
00026429,15,2026,1010878,00054350547,2,N, , ,N,N,N
00026429,15,2026,311376,00054353244,2,N, , ,N,N,N
00026429,15,2026,864761,00054355563,2,Y,900,30,N,N,N
00026429,15,2026,205301,00054372144,2,N, , ,N,N,N
00026429,15,2026,315187,00054372250,2,N, , ,N,N,N
00026429,15,2026,856724,00054372763,2,N, , ,N,N,N
00026429,15,2026,856733,00054373063,2,N, , ,N,N,N
00026429,15,2026,197577,00054417925,2,N, , ,N,N,N
00026429,15,2026,343033,00054418025,2,N, , ,N,N,N
00026429,15,2026,197579,00054418125,2,N, , ,N,N,N
00026429,15,2026,197580,00054418225,2,N, , ,N,N,N
00026429,15,2026,197581,00054418325,2,N, , ,N,N,N
00026429,15,2026,197582,00054418425,2,N, , ,N,N,N
00026429,15,2026,197583,00054418625,2,N, , ,N,N,N
00026429,15,2026,197863,00054449613,2,N, , ,N,N,N
00026429,15,2026,197860,00054449710,2,N, , ,N,N,N
00026429,15,2026,197862,00054449911,2,N, , ,N,N,N
00026429,15,2026,197890,00054452725,2,N, , ,N,N,N
00026429,15,2026,197931,00054458111,2,N, , ,N,N,N
00026429,15,2026,312617,00054472831,1,N, , ,N,N,N
00026429,15,2026,198144,00054474125,1,N, , ,N,N,N
00026429,15,2026,198146,00054474225,1,N, , ,N,N,N
00026429,15,2026,349482,00054962857,5,N, , ,Y,N,N
00026429,15,2026,1307630,00069013501,5,N, , ,Y,N,N
00026429,15,2026,1307635,00069013601,5,N, , ,Y,N,N
00026429,15,2026,1243010,00069014501,5,N, , ,Y,N,N
00026429,15,2026,1243014,00069015111,5,N, , ,Y,N,N
00026429,15,2026,1601394,00069018721,5,N, , ,Y,N,N
00026429,15,2026,1601386,00069018821,5,N, , ,Y,N,N
00026429,15,2026,1601390,00069018921,5,N, , ,Y,N,N
00026429,15,2026,1987734,00069019301,5,N, , ,Y,N,N
00026429,15,2026,2058922,00069019730,5,N, , ,Y,N,N
00026429,15,2026,2103175,00069022701,5,N, , ,Y,N,N
00026429,15,2026,2103179,00069023101,5,N, , ,Y,N,N
00026429,15,2026,2670174,00069025160,5,N, , ,Y,N,N
00026429,15,2026,2639962,00069025230,5,N, , ,Y,N,N
00026429,15,2026,2668057,00069027430,5,N, , ,N,N,N
00026429,15,2026,2284108,00069028403,5,N, , ,Y,N,N
00026429,15,2026,2057205,00069029101,5,N, , ,N,N,N
00026429,15,2026,2057216,00069029201,5,N, , ,N,N,N
00026429,15,2026,2057212,00069029310,5,N, , ,N,N,N
00026429,15,2026,2057219,00069029410,5,N, , ,N,N,N
00026429,15,2026,2583647,00069029702,6,N, , ,N,N,N
00026429,15,2026,2105860,00069029860,5,N, , ,N,N,N
00026429,15,2026,2641607,00069033428,5,N, , ,Y,N,N
00026429,15,2026,2591487,00069033530,5,N, , ,Y,N,N
00026429,15,2026,2099952,00069035330,5,N, , ,Y,N,N
00026429,15,2026,2583650,00069041102,6,N, , ,N,N,N
00026429,15,2026,2639966,00069045430,5,N, , ,Y,N,N
00026429,15,2026,2284104,00069048603,5,N, , ,Y,N,N
00026429,15,2026,1741049,00069050130,5,Y,30,30,Y,N,N
00026429,15,2026,2273115,00069050230,5,Y,30,30,Y,N,N
00026429,15,2026,2672328,00069050430,5,N, , ,Y,N,N
00026429,15,2026,2670178,00069050760,5,N, , ,Y,N,N
00026429,15,2026,2591512,00069054630,5,N, , ,Y,N,N
00026429,15,2026,2670566,00069060001,6,N, , ,N,N,N
00026429,15,2026,2591521,00069065530,5,N, , ,Y,N,N
00026429,15,2026,2284106,00069068803,5,N, , ,Y,N,N
00026429,15,2026,2099956,00069075730,5,N, , ,Y,N,N
00026429,15,2026,1357547,00069100101,5,Y,60,30,Y,N,N
00026429,15,2026,2048568,00069100201,5,Y,60,30,Y,N,N
00026429,15,2026,2672326,00069101415,5,N, , ,Y,N,N
00026429,15,2026,2478437,00069102902,5,Y,300,30,Y,N,N
00026429,15,2026,2058926,00069119830,5,N, , ,Y,N,N
00026429,15,2026,2463737,00069131110,4,N, , ,N,N,N
00026429,15,2026,2670170,00069150060,5,N, , ,Y,N,N
00026429,15,2026,2105856,00069153130,5,N, , ,N,N,N
00026429,15,2026,2058932,00069229930,5,N, , ,Y,N,N
00026429,15,2026,2642148,00069246519,6,N, , ,N,N,N
00026429,15,2026,2637980,00069350002,5,N, , ,Y,N,N
00026429,15,2026,2587899,00069504530,3,Y,30,90,N,N,N
00026429,15,2026,2599543,00069543420,3,Y,30,90,N,N,N
00026429,15,2026,2704987,00069545011,3,Y,30,90,N,N,N
00026429,15,2026,1148506,00069814020,5,N, , ,Y,N,N
00026429,15,2026,1148502,00069814120,5,N, , ,Y,N,N
00026429,15,2026,2168540,00069873030,5,N, , ,Y,N,N
00026429,15,2026,1313887,00071000724,2,N, , ,N,N,N
00026429,15,2026,207088,00071052524,3,N, , ,N,N,N
00026429,15,2026,2049858,00074003828,5,N, , ,N,N,N
00026429,15,2026,2049862,00074003956,5,N, , ,N,N,N
00026429,15,2026,1747577,00074056114,4,N, , ,Y,N,N
00026429,15,2026,1747579,00074056607,5,N, , ,Y,N,N
00026429,15,2026,1747567,00074057622,5,N, , ,Y,N,N
00026429,15,2026,1747580,00074057928,5,N, , ,Y,N,N
00026429,15,2026,2596960,00074104328,5,N, , ,Y,N,N
00026429,15,2026,2540699,00074105001,5,N, , ,Y,N,N
00026429,15,2026,2613759,00074106501,5,N, , ,Y,N,N
00026429,15,2026,2604628,00074107001,5,N, , ,Y,N,N
00026429,15,2026,2540695,00074210001,5,N, , ,Y,N,N
00026429,15,2026,2639743,00074210803,5,N, , ,N,N,N
00026429,15,2026,2196900,00074230630,5,N, , ,Y,N,N
00026429,15,2026,2590054,00074231030,5,N, , ,Y,N,N
00026429,15,2026,2681019,00074232001,5,N, , ,Y,N,N
00026429,15,2026,2557910,00074260028,5,N, , ,Y,N,N
00026429,15,2026,1940709,00074262528,5,N, , ,Y,N,N
00026429,15,2026,835896,00074310832,2,N, , ,Y,N,N
00026429,15,2026,835835,00074310932,2,N, , ,Y,N,N
00026429,15,2026,1115468,00074334603,4,N, , ,N,N,N
00026429,15,2026,1926069,00074339930,4,N, , ,N,N,N
00026429,15,2026,1115259,00074347303,4,N, , ,N,N,N
00026429,15,2026,2639669,00074357501,5,N, , ,N,N,N
00026429,15,2026,1115459,00074364103,5,N, , ,N,N,N
00026429,15,2026,1115464,00074364203,4,N, , ,N,N,N
00026429,15,2026,1115473,00074366303,5,N, , ,N,N,N
00026429,15,2026,1946522,00074368303,4,N, , ,N,N,N
00026429,15,2026,2639750,00074377903,5,N, , ,N,N,N
00026429,15,2026,847749,00074395646,5,N, , ,N,N,N
00026429,15,2026,2571850,00074709430,5,N, , ,Y,N,N
00026429,15,2026,2571842,00074709530,5,N, , ,Y,N,N
00026429,15,2026,2571846,00074709630,5,N, , ,Y,N,N
00026429,15,2026,847734,00078056845,3,N, , ,N,N,N
00026429,15,2026,1653243,00078063941,5,N, , ,Y,N,N
00026429,15,2026,1599797,00078063998,5,N, , ,Y,N,N
00026429,15,2026,1425230,00078068166,5,N, , ,Y,N,N
00026429,15,2026,1425228,00078068266,5,N, , ,Y,N,N
00026429,15,2026,2121061,00078069484,5,N, , ,Y,N,N
00026429,15,2026,1919094,00078069899,5,N, , ,Y,N,N
00026429,15,2026,2169314,00078070184,5,N, , ,Y,N,N
00026429,15,2026,2169322,00078070802,5,N, , ,Y,N,N
00026429,15,2026,2362240,00078070956,5,N, , ,Y,N,N
00026429,15,2026,2169320,00078071502,5,N, , ,Y,N,N
00026429,15,2026,2362244,00078071656,5,N, , ,Y,N,N
00026429,15,2026,207850,00078081301,3,N, , ,N,N,N
00026429,15,2026,1873991,00078086001,5,N, , ,Y,N,N
00026429,15,2026,1873993,00078086742,5,N, , ,Y,N,N
00026429,15,2026,1873995,00078087463,5,N, , ,Y,N,N
00026429,15,2026,208821,00078087601,3,N, , ,N,N,N
00026429,15,2026,1923056,00078091661,5,N, , ,Y,N,N
00026429,15,2026,1923058,00078092361,5,N, , ,Y,N,N
00026429,15,2026,2390954,00078100768,5,N, , ,Y,N,N
00026429,15,2026,2598467,00078102184,5,N, , ,N,N,N
00026429,15,2026,2598465,00078102884,5,N, , ,N,N,N
00026429,15,2026,2550713,00078105697,5,N, , ,Y,N,N
00026429,15,2026,2637348,00078107068,5,N, , ,Y,N,N
00026429,15,2026,2584326,00078109120,5,N, , ,Y,N,N
00026429,15,2026,2584330,00078109820,5,N, , ,Y,N,N
00026429,15,2026,1425110,00078110515,5,N, , ,Y,N,N
00026429,15,2026,1425118,00078111215,5,N, , ,Y,N,N
00026429,15,2026,2632556,00078115421,5,N, , ,Y,N,N
00026429,15,2026,2632564,00078116147,5,N, , ,Y,N,N
00026429,15,2026,2680140,00078117551,5,N, , ,N,N,N
00026429,15,2026,2671080,00078118920,5,N, , ,Y,N,N
00026429,15,2026,2680280,00078119620,5,N, , ,Y,N,N
00026429,15,2026,2679802,00078123120,3,N, , ,N,N,Y
00026429,15,2026,2679797,00078123820,3,N, , ,N,N,Y
00026429,15,2026,261101,00088210224,4,N, , ,N,N,N
00026429,15,2026,855178,00093001006,2,N, , ,N,N,N
00026429,15,2026,855194,00093001806,2,N, , ,N,N,N
00026429,15,2026,866094,00093005301,1,N, , ,N,N,N
00026429,15,2026,866083,00093005401,1,N, , ,N,N,N
00026429,15,2026,833217,00093031801,2,N, , ,N,N,N
00026429,15,2026,831103,00093031901,2,N, , ,N,N,N
00026429,15,2026,831102,00093032001,2,N, , ,N,N,N
00026429,15,2026,831054,00093032101,2,N, , ,N,N,N
00026429,15,2026,198046,00093081201,2,N, , ,Y,N,N
00026429,15,2026,197905,00093092810,1,N, , ,N,N,N
00026429,15,2026,866018,00093100301,1,N, , ,N,N,N
00026429,15,2026,106346,00093101042,2,N, , ,N,N,N
00026429,15,2026,1098649,00093102406,2,N, , ,N,N,N
00026429,15,2026,1098670,00093102506,2,N, , ,N,N,N
00026429,15,2026,1098674,00093102606,2,N, , ,N,N,N
00026429,15,2026,866042,00093117701,2,N, , ,N,N,N
00026429,15,2026,855288,00093171201,1,N, , ,N,N,N
00026429,15,2026,855302,00093171301,1,N, , ,N,N,N
00026429,15,2026,855312,00093171401,1,N, , ,N,N,N
00026429,15,2026,855318,00093171501,1,N, , ,N,N,N
00026429,15,2026,855324,00093171601,1,N, , ,N,N,N
00026429,15,2026,855338,00093171801,1,N, , ,N,N,N
00026429,15,2026,855296,00093172001,1,N, , ,N,N,N
00026429,15,2026,855332,00093172101,1,N, , ,N,N,N
00026429,15,2026,855344,00093172301,1,N, , ,N,N,N
00026429,15,2026,242461,00093206406,2,N, , ,N,N,N
00026429,15,2026,242462,00093206506,2,N, , ,N,N,N
00026429,15,2026,856467,00093214062,2,N, , ,N,N,N
00026429,15,2026,311666,00093220305,1,N, , ,N,N,N
00026429,15,2026,311668,00093220401,1,N, , ,N,N,N
00026429,15,2026,197454,00093224001,2,N, , ,N,N,N
00026429,15,2026,308177,00093226701,2,N, , ,N,N,N
00026429,15,2026,598025,00093226801,2,N, , ,N,N,N
00026429,15,2026,1148141,00093306693,5,N, , ,N,N,N
00026429,15,2026,1090996,00093312242,2,N, , ,N,N,N
00026429,15,2026,197595,00093312301,2,N, , ,N,N,N
00026429,15,2026,197596,00093312501,2,N, , ,N,N,N
00026429,15,2026,309958,00093312701,2,N, , ,N,N,N
00026429,15,2026,309960,00093312901,2,N, , ,N,N,N
00026429,15,2026,309114,00093314705,2,N, , ,N,N,N
00026429,15,2026,884707,00093322308,2,N, , ,N,N,N
00026429,15,2026,198232,00093323401,2,N, , ,N,N,N
00026429,15,2026,753543,00093330416,2,N, , ,N,N,N
00026429,15,2026,349591,00093354256,2,N, , ,N,N,N
00026429,15,2026,349593,00093354456,2,N, , ,N,N,N
00026429,15,2026,834046,00093412573,2,N, , ,N,N,N
00026429,15,2026,834040,00093412773,2,N, , ,N,N,N
00026429,15,2026,866090,00093520006,1,N, , ,N,N,N
00026429,15,2026,643066,00093523456,2,N, , ,N,N,N
00026429,15,2026,1652084,00093532862,2,N, , ,N,N,N
00026429,15,2026,1006801,00093537601,2,N, , ,N,N,N
00026429,15,2026,996921,00093537701,2,N, , ,N,N,N
00026429,15,2026,721773,00093541601,2,N, , ,N,N,N
00026429,15,2026,476179,00093541701,2,N, , ,N,N,N
00026429,15,2026,476177,00093541901,2,N, , ,N,N,N
00026429,15,2026,199703,00093542088,2,N, , ,N,N,N
00026429,15,2026,349094,00093681573,2,N, , ,Y,N,N
00026429,15,2026,351109,00093681673,2,N, , ,Y,N,N
00026429,15,2026,1098666,00093711306,2,N, , ,N,N,N
00026429,15,2026,1098678,00093717801,2,N, , ,N,N,N
00026429,15,2026,317573,00093727156,1,N, , ,N,N,N
00026429,15,2026,312440,00093727256,1,N, , ,N,N,N
00026429,15,2026,312441,00093727356,1,N, , ,N,N,N
00026429,15,2026,403878,00093762998,2,N, , ,Y,N,N
00026429,15,2026,403879,00093763056,5,N, , ,Y,N,N
00026429,15,2026,603203,00093766356,5,N, , ,Y,N,N
00026429,15,2026,603206,00093766456,5,N, , ,Y,N,N
00026429,15,2026,476556,00093770456,2,N, , ,N,N,N
00026429,15,2026,198287,00093790901,5,N, , ,N,N,N
00026429,15,2026,1299903,00093807256,4,N, , ,N,N,N
00026429,15,2026,1299909,00093807656,4,N, , ,N,N,N
00026429,15,2026,197737,00093834201,2,N, , ,N,Y,N
00026429,15,2026,310534,00093834301,2,N, , ,N,Y,N
00026429,15,2026,1362706,00093873901,2,N, , ,N,N,N
00026429,15,2026,1362712,00093874001,2,N, , ,N,N,N
00026429,15,2026,1362720,00093874101,2,N, , ,N,N,N
00026429,15,2026,835925,00093901965,2,N, , ,Y,N,N
00026429,15,2026,241834,00093902065,2,N, , ,Y,N,N
00026429,15,2026,313582,00093914701,2,N, , ,N,N,N
00026429,15,2026,313584,00093914801,2,N, , ,N,N,N
00026429,15,2026,314277,00093914901,2,N, , ,N,N,N
00026429,15,2026,313586,00093915701,2,N, , ,N,N,N
00026429,15,2026,313580,00093916301,2,N, , ,N,N,N
00026429,15,2026,197443,00093970101,2,N, , ,N,N,N
00026429,15,2026,197444,00093970201,2,N, , ,N,N,N
00026429,15,2026,197975,00115140801,5,N, , ,N,N,N
00026429,15,2026,311995,00115164301,2,N, , ,N,N,N
00026429,15,2026,856556,00115169301,2,N, , ,N,N,N
00026429,15,2026,1870230,00115169449,2,N, , ,N,N,N
00026429,15,2026,242831,00115172401,2,N, , ,N,N,N
00026429,15,2026,239239,00115172501,2,N, , ,N,N,N
00026429,15,2026,995253,00115180301,2,N, , ,N,N,N
00026429,15,2026,856605,00115191101,2,N, , ,N,N,N
00026429,15,2026,857677,00115261101,2,N, , ,N,N,N
00026429,15,2026,857683,00115262201,2,N, , ,N,N,N
00026429,15,2026,903857,00115351101,2,N, , ,N,N,N
00026429,15,2026,856656,00115441101,2,N, , ,N,N,N
00026429,15,2026,856660,00115442201,2,N, , ,N,N,N
00026429,15,2026,856652,00115443301,2,N, , ,N,N,N
00026429,15,2026,1048445,00115521116,2,N, , ,N,N,N
00026429,15,2026,313979,00115703301,2,N, , ,N,N,N
00026429,15,2026,541524,00115703701,5,N, , ,N,N,N
00026429,15,2026,899439,00115991901,2,Y,30,30,N,N,N
00026429,15,2026,899485,00115992101,2,Y,30,30,N,N,N
00026429,15,2026,834127,00116200116,1,N, , ,N,N,N
00026429,15,2026,992432,00116402316,2,N, , ,N,N,N
00026429,15,2026,141935,00121058104,2,N, , ,N,N,N
00026429,15,2026,849385,00121064616,2,N, , ,N,N,N
00026429,15,2026,861848,00121065304,2,N, , ,N,N,N
00026429,15,2026,859835,00121065402,2,N, , ,N,N,N
00026429,15,2026,905273,00121065816,2,N, , ,N,N,N
00026429,15,2026,251322,00121067016,2,N, , ,N,N,N
00026429,15,2026,1099687,00121067585,2,N, , ,N,N,N
00026429,15,2026,312036,00121067816,2,N, , ,Y,N,N
00026429,15,2026,312055,00121086816,2,N, , ,N,N,N
00026429,15,2026,391937,00121087316,2,N, , ,N,N,N
00026429,15,2026,702519,00121094216,2,N, , ,N,N,N
00026429,15,2026,308963,00143117101,2,N, , ,N,N,N
00026429,15,2026,317173,00143117201,2,N, , ,N,N,N
00026429,15,2026,308964,00143117301,2,N, , ,N,N,N
00026429,15,2026,991086,00143122701,2,N, , ,N,N,N
00026429,15,2026,197604,00143124010,2,N, , ,N,N,N
00026429,15,2026,198089,00143145505,2,N, , ,N,N,N
00026429,15,2026,198083,00143145805,2,N, , ,N,N,N
00026429,15,2026,312357,00143149505,2,N, , ,N,N,N
00026429,15,2026,312362,00143150005,2,N, , ,N,N,N
00026429,15,2026,314055,00143176901,2,N, , ,N,N,N
00026429,15,2026,381056,00143177101,2,N, , ,N,N,N
00026429,15,2026,206842,00143177201,2,N, , ,N,N,N
00026429,15,2026,897122,00143914403,2,N, , ,Y,N,N
00026429,15,2026,1655960,00143951910,2,N, , ,N,N,N
00026429,15,2026,2047882,00143965901,2,N, , ,N,N,N
00026429,15,2026,835809,00143975001,2,N, , ,N,N,N
00026429,15,2026,313850,00143988601,2,N, , ,N,N,N
00026429,15,2026,308189,00143988701,2,N, , ,N,N,N
00026429,15,2026,313797,00143988815,2,N, , ,N,N,N
00026429,15,2026,239191,00143988915,2,N, , ,N,N,N
00026429,15,2026,197511,00143992701,2,N, , ,N,N,N
00026429,15,2026,309309,00143992801,2,N, , ,N,N,N
00026429,15,2026,197512,00143992950,2,N, , ,N,N,N
00026429,15,2026,1665444,00143997722,2,N, , ,N,N,N
00026429,15,2026,1665449,00143997922,2,N, , ,N,N,N
00026429,15,2026,203105,00168002031,2,N, , ,N,N,N
00026429,15,2026,197408,00168004160,2,N, , ,N,N,N
00026429,15,2026,103401,00168014630,2,N, , ,N,N,N
00026429,15,2026,311678,00168032346,2,N, , ,N,N,N
00026429,15,2026,242736,00168038360,2,N, , ,N,N,N
00026429,15,2026,2206092,00169300315,4,N, , ,N,N,N
00026429,15,2026,1986354,00169320111,3,N, , ,N,N,Y
00026429,15,2026,1986356,00169320415,3,N, , ,N,N,Y
00026429,15,2026,2205454,00169320515,3,N, , ,N,N,Y
00026429,15,2026,1653198,00169330312,3,N, , ,N,N,Y
00026429,15,2026,2398842,00169413013,3,N, , ,Y,N,N
00026429,15,2026,2619154,00169418113,3,N, , ,Y,N,N
00026429,15,2026,2599365,00169477212,3,N, , ,Y,N,N
00026429,15,2026,1653204,00169633910,3,N, , ,N,N,Y
00026429,15,2026,351926,00169750111,3,N, , ,N,N,Y
00026429,15,2026,847247,00169770421,5,N, , ,Y,N,N
00026429,15,2026,847348,00169770521,5,N, , ,Y,N,N
00026429,15,2026,847245,00169770821,5,N, , ,Y,N,N
00026429,15,2026,197770,00172208980,1,N, , ,N,N,N
00026429,15,2026,197590,00172392570,2,N, , ,N,N,N
00026429,15,2026,197591,00172392670,2,N, , ,N,N,N
00026429,15,2026,197589,00172392770,2,N, , ,N,N,N
00026429,15,2026,197391,00172409680,2,N, , ,N,N,N
00026429,15,2026,831246,00172640649,3,N, , ,Y,N,N
00026429,15,2026,835886,00172731320,2,N, , ,Y,N,N
00026429,15,2026,866049,00173052100,4,N, , ,N,N,N
00026429,15,2026,759473,00173068101,3,N, , ,N,N,N
00026429,15,2026,896237,00173071520,4,N, , ,N,N,N
00026429,15,2026,896245,00173071620,4,N, , ,N,N,N
00026429,15,2026,896273,00173071720,3,N, , ,N,N,N
00026429,15,2026,2109239,00173088939,3,N, , ,N,N,N
00026429,15,2026,2170993,00173089201,5,N, , ,Y,N,N
00026429,15,2026,2173822,00173089242,5,N, , ,Y,N,N
00026429,15,2026,2395775,00173089310,4,N, , ,N,N,N
00026429,15,2026,2596445,00173090442,5,N, , ,Y,N,N
00026429,15,2026,2640210,00173090913,5,N, , ,Y,N,N
00026429,15,2026,2640212,00173091213,5,N, , ,Y,N,N
00026429,15,2026,2640214,00173091513,5,N, , ,Y,N,N
00026429,15,2026,213557,00178050001,4,N, , ,N,N,N
00026429,15,2026,207840,00178090001,5,N, , ,N,N,N
00026429,15,2026,197978,00185560001,2,N, , ,N,N,N
00026429,15,2026,1872261,00187000402,5,N, , ,Y,N,N
00026429,15,2026,859192,00187045302,5,N, , ,N,N,N
00026429,15,2026,208328,00187516020,2,N, , ,N,N,N
00026429,15,2026,208330,00187516220,2,N, , ,N,N,N
00026429,15,2026,208331,00187516420,2,N, , ,N,N,N
00026429,15,2026,701305,00187517015,2,N, , ,N,N,N
00026429,15,2026,208334,00187517215,2,N, , ,N,N,N
00026429,15,2026,993569,00187581130,5,N, , ,N,N,N
00026429,15,2026,993683,00187581230,5,N, , ,N,N,N
00026429,15,2026,1098608,00228158003,2,N, , ,N,N,N
00026429,15,2026,198057,00228206710,2,N, , ,N,N,N
00026429,15,2026,312134,00228206910,2,N, , ,N,N,N
00026429,15,2026,198059,00228207310,2,N, , ,N,N,N
00026429,15,2026,884173,00228212750,1,N, , ,N,N,N
00026429,15,2026,884189,00228212910,1,N, , ,N,N,N
00026429,15,2026,903873,00228284803,2,N, , ,N,N,N
00026429,15,2026,903879,00228284903,2,N, , ,N,N,N
00026429,15,2026,861237,00228306211,2,N, , ,N,N,N
00026429,15,2026,861223,00228306311,2,N, , ,N,N,N
00026429,15,2026,861227,00228306411,2,N, , ,N,N,N
00026429,15,2026,966787,00228331503,2,N, , ,N,N,N
00026429,15,2026,966793,00228331603,2,N, , ,N,N,N
00026429,15,2026,848951,00245003660,2,N, , ,N,N,N
00026429,15,2026,993466,00245021111,2,N, , ,N,N,N
00026429,15,2026,2685202,00245082230,5,N, , ,Y,N,N
00026429,15,2026,2685206,00245082330,5,N, , ,Y,N,N
00026429,15,2026,2685208,00245082430,5,N, , ,Y,N,N
00026429,15,2026,2685204,00245082530,5,N, , ,Y,N,N
00026429,15,2026,628958,00245083611,2,N, , ,N,N,N
00026429,15,2026,832718,00245531511,2,N, , ,N,N,N
00026429,15,2026,2642353,00245600111,5,N, , ,N,N,N
00026429,15,2026,198071,00254200001,5,N, , ,N,N,N
00026429,15,2026,2178075,00254303430,5,N, , ,N,N,N
00026429,15,2026,2178079,00254303509,5,N, , ,N,N,N
00026429,15,2026,1189640,00264193310,3,N, , ,N,N,N
00026429,15,2026,1601982,00264450000,2,N, , ,N,N,N
00026429,15,2026,1794886,00264761610,2,N, , ,N,N,N
00026429,15,2026,244098,00264762200,3,N, , ,N,N,N
00026429,15,2026,197855,00276050610,2,N, , ,N,N,N
00026429,15,2026,207273,00281032630,2,N, , ,N,N,N
00026429,15,2026,2691328,00299622015,5,N, , ,Y,N,N
00026429,15,2026,2289424,00310061060,5,N, , ,N,N,N
00026429,15,2026,2289428,00310062560,5,N, , ,N,N,N
00026429,15,2026,2723657,00310063560,5,N, , ,N,N,N
00026429,15,2026,2723661,00310064060,5,N, , ,N,N,N
00026429,15,2026,1942485,00310066812,5,N, , ,Y,N,N
00026429,15,2026,1942489,00310067912,5,N, , ,Y,N,N
00026429,15,2026,2047639,00310110530,4,N, , ,Y,N,N
00026429,15,2026,2053927,00310111030,4,N, , ,Y,N,N
00026429,15,2026,1721571,00310134930,5,N, , ,Y,N,N
00026429,15,2026,1721583,00310135030,5,N, , ,Y,N,N
00026429,15,2026,1989109,00310173030,5,N, , ,Y,N,N
00026429,15,2026,2205634,00310183030,5,N, , ,Y,N,N
00026429,15,2026,2607737,00310351260,5,N, , ,N,N,N
00026429,15,2026,2387331,00310461612,4,N, , ,N,N,N
00026429,15,2026,1486981,00310620530,3,N, , ,N,N,Y
00026429,15,2026,1486977,00310621030,3,N, , ,N,N,Y
00026429,15,2026,2669982,00310950101,5,N, , ,N,N,N
00026429,15,2026,1795477,00338002303,2,N, , ,N,N,N
00026429,15,2026,1807552,00338004304,2,N, , ,N,N,N
00026429,15,2026,486515,00338004804,2,N, , ,N,N,N
00026429,15,2026,730781,00338005403,2,N, , ,N,N,N
00026429,15,2026,730782,00338005603,2,N, , ,N,N,N
00026429,15,2026,1795470,00338007304,2,N, , ,N,N,N
00026429,15,2026,801112,00338022104,3,N, , ,N,N,N
00026429,15,2026,800588,00338050206,2,N, , ,N,N,N
00026429,15,2026,310473,00338050348,2,N, , ,N,N,N
00026429,15,2026,242816,00338050548,2,N, , ,N,N,N
00026429,15,2026,1870633,00338050741,2,N, , ,N,N,N
00026429,15,2026,310477,00338050941,2,N, , ,N,N,N
00026429,15,2026,801648,00338064406,2,N, , ,N,N,N
00026429,15,2026,1863973,00338066304,2,N, , ,N,N,N
00026429,15,2026,1860239,00338070548,2,N, , ,N,N,N
00026429,15,2026,312507,00338070948,2,N, , ,N,N,N
00026429,15,2026,847626,00338081104,3,N, , ,N,N,N
00026429,15,2026,240637,00338101541,3,N, , ,N,N,N
00026429,15,2026,204466,00338102341,3,N, , ,N,N,N
00026429,15,2026,207391,00338102541,3,N, , ,N,N,N
00026429,15,2026,800405,00338109104,3,N, , ,N,N,N
00026429,15,2026,800438,00338109904,3,N, , ,N,N,N
00026429,15,2026,801021,00338112304,3,N, , ,N,N,N
00026429,15,2026,801405,00338113003,2,N, , ,N,N,N
00026429,15,2026,800420,00338113303,3,N, , ,N,N,N
00026429,15,2026,800444,00338113803,3,N, , ,N,N,N
00026429,15,2026,801012,00338114203,3,N, , ,N,N,N
00026429,15,2026,801000,00338114403,3,N, , ,N,N,N
00026429,15,2026,1090639,00338114503,3,N, , ,N,N,N
00026429,15,2026,801031,00338114803,3,N, , ,N,N,N
00026429,15,2026,866924,00378001805,1,N, , ,N,N,N
00026429,15,2026,856720,00378004201,2,N, , ,N,N,N
00026429,15,2026,856840,00378007301,2,N, , ,N,N,N
00026429,15,2026,856769,00378021101,2,N, , ,N,N,N
00026429,15,2026,198284,00378022101,2,N, , ,N,N,N
00026429,15,2026,856792,00378027701,2,N, , ,N,N,N
00026429,15,2026,856706,00378033001,2,N, , ,N,N,N
00026429,15,2026,856797,00378044201,2,N, , ,N,N,N
00026429,15,2026,856825,00378057401,2,N, , ,N,N,N
00026429,15,2026,313354,00378061201,2,N, , ,N,N,N
00026429,15,2026,198274,00378061401,2,N, , ,N,N,N
00026429,15,2026,198275,00378061601,2,N, , ,N,N,N
00026429,15,2026,198270,00378061801,2,N, , ,N,N,N
00026429,15,2026,966220,00378180010,1,N, , ,N,N,N
00026429,15,2026,966221,00378180310,1,N, , ,N,N,N
00026429,15,2026,966222,00378180510,1,N, , ,N,N,N
00026429,15,2026,966253,00378180710,1,N, , ,N,N,N
00026429,15,2026,892246,00378180910,1,N, , ,N,N,N
00026429,15,2026,966248,00378181110,1,N, , ,N,N,N
00026429,15,2026,966224,00378181310,1,N, , ,N,N,N
00026429,15,2026,966225,00378181510,1,N, , ,N,N,N
00026429,15,2026,966249,00378181710,1,N, , ,N,N,N
00026429,15,2026,966270,00378182377,1,N, , ,N,N,N
00026429,15,2026,618557,00378215001,2,N, , ,N,N,N
00026429,15,2026,198324,00378240201,2,N, , ,N,N,N
00026429,15,2026,198325,00378240501,2,N, , ,N,N,N
00026429,15,2026,198323,00378241001,2,N, , ,N,N,N
00026429,15,2026,855863,00378267001,2,N, , ,N,N,N
00026429,15,2026,618552,00378300001,2,N, , ,N,N,N
00026429,15,2026,1536586,00378334053,2,N, , ,N,N,N
00026429,15,2026,402109,00378352091,2,N, , ,N,N,N
00026429,15,2026,855875,00378375093,2,N, , ,N,N,N
00026429,15,2026,628953,00378456105,2,N, , ,N,N,N
00026429,15,2026,1000097,00378537501,2,N, , ,N,N,N
00026429,15,2026,1147334,00378544093,5,N, , ,N,N,N
00026429,15,2026,349483,00378580793,1,N, , ,N,N,N
00026429,15,2026,349199,00378581377,1,N, , ,N,N,N
00026429,15,2026,349201,00378581477,1,N, , ,N,N,N
00026429,15,2026,349200,00378581577,1,N, , ,N,N,N
00026429,15,2026,830865,00378606001,2,N, , ,N,N,N
00026429,15,2026,830869,00378609001,2,N, , ,N,N,N
00026429,15,2026,830872,00378612001,2,N, , ,N,N,N
00026429,15,2026,200284,00378632177,1,N, , ,N,N,N
00026429,15,2026,200285,00378632277,1,N, , ,N,N,N
00026429,15,2026,349353,00378632377,1,N, , ,N,N,N
00026429,15,2026,636042,00378632477,1,N, , ,N,N,N
00026429,15,2026,835726,00378633380,2,N, , ,N,N,N
00026429,15,2026,226552,00378647099,4,N, , ,N,N,N
00026429,15,2026,1918042,00378692191,5,N, , ,N,N,N
00026429,15,2026,2597673,00378750232,2,N, , ,N,N,N
00026429,15,2026,2597670,00378750332,2,N, , ,N,N,N
00026429,15,2026,2572292,00378876091,2,N, , ,N,N,N
00026429,15,2026,209789,00378904005,3,N, , ,N,N,N
00026429,15,2026,209788,00378904505,3,N, , ,N,N,N
00026429,15,2026,861657,00378910293,2,N, , ,N,N,N
00026429,15,2026,486148,00378910493,2,N, , ,N,N,N
00026429,15,2026,486152,00378911293,2,N, , ,N,N,N
00026429,15,2026,486146,00378911693,2,N, , ,N,N,N
00026429,15,2026,577057,00378911998,2,Y,15,30,N,N,N
00026429,15,2026,245134,00378912198,2,Y,15,30,N,N,N
00026429,15,2026,245135,00378912298,2,Y,15,30,N,N,N
00026429,15,2026,197696,00378912398,2,Y,15,30,N,N,N
00026429,15,2026,245136,00378912498,2,Y,20,30,N,N,N
00026429,15,2026,2110510,00378932032,2,N, , ,N,N,N
00026429,15,2026,2110513,00378932132,2,N, , ,N,N,N
00026429,15,2026,2110516,00378932232,2,N, , ,N,N,N
00026429,15,2026,857002,00406012305,2,Y,360,30,N,N,N
00026429,15,2026,857005,00406012405,2,Y,360,30,N,N,N
00026429,15,2026,856999,00406012505,2,Y,360,30,N,N,N
00026429,15,2026,993890,00406048501,2,Y,180,30,N,N,N
00026429,15,2026,1049221,00406051205,2,Y,360,30,N,N,N
00026429,15,2026,1049225,00406052201,2,Y,360,30,N,N,N
00026429,15,2026,1049214,00406052301,2,Y,360,30,N,N,N
00026429,15,2026,1049621,00406055201,2,Y,360,30,N,N,N
00026429,15,2026,1091497,00406114201,2,N, , ,N,N,N
00026429,15,2026,1091150,00406114401,2,N, , ,N,N,N
00026429,15,2026,1091392,00406114601,2,N, , ,N,N,N
00026429,15,2026,1483744,00406117003,2,N, , ,N,N,N
00026429,15,2026,897696,00406324301,2,Y,180,30,N,N,N
00026429,15,2026,897702,00406324401,2,Y,180,30,N,N,N
00026429,15,2026,897710,00406324901,2,Y,240,30,N,N,N
00026429,15,2026,1593856,00406511101,4,Y,30,30,N,N,N
00026429,15,2026,892582,00406511801,2,Y,180,30,N,N,N
00026429,15,2026,892672,00406511901,2,Y,180,30,N,N,N
00026429,15,2026,864718,00406575501,2,Y,360,30,N,N,N
00026429,15,2026,864706,00406577101,2,Y,180,30,N,N,N
00026429,15,2026,892625,00406800330,2,Y,200,30,N,N,N
00026429,15,2026,1049611,00406851501,2,Y,360,30,N,N,N
00026429,15,2026,1049618,00406853001,2,Y,360,30,N,N,N
00026429,15,2026,1049615,00406855730,2,Y,180,30,N,N,N
00026429,15,2026,861221,00406895201,2,N, , ,N,N,N
00026429,15,2026,861225,00406895401,2,N, , ,N,N,N
00026429,15,2026,1870650,00409120703,2,N, , ,N,N,N
00026429,15,2026,829762,00409175415,2,N, , ,N,N,N
00026429,15,2026,1191234,00409178269,2,N, , ,N,N,N
00026429,15,2026,1665210,00409230024,2,N, , ,N,N,N
00026429,15,2026,1658637,00409272101,2,N, , ,N,N,N
00026429,15,2026,1807516,00409433201,2,N, , ,N,N,N
00026429,15,2026,1659292,00409508216,2,N, , ,N,N,N
00026429,15,2026,1659294,00409508411,2,N, , ,N,N,N
00026429,15,2026,206423,00409508611,2,N, , ,N,N,N
00026429,15,2026,1668267,00409648201,2,N, , ,N,N,N
00026429,15,2026,835840,00409656220,2,N, , ,N,N,N
00026429,15,2026,1860139,00409665305,2,N, , ,N,N,N
00026429,15,2026,890918,00430375414,2,N, , ,N,N,N
00026429,15,2026,1040016,00456060010,5,N, , ,N,N,N
00026429,15,2026,1307415,00456120130,4,N, , ,Y,N,N
00026429,15,2026,1307421,00456120230,4,N, , ,Y,N,N
00026429,15,2026,1869699,00456120330,4,N, , ,Y,N,N
00026429,15,2026,1433250,00456220228,4,N, , ,N,N,N
00026429,15,2026,1433223,00456221230,4,N, , ,N,N,N
00026429,15,2026,1433229,00456222030,4,N, , ,N,N,N
00026429,15,2026,1433235,00456224030,4,N, , ,N,N,N
00026429,15,2026,1433241,00456228030,4,N, , ,N,N,N
00026429,15,2026,1307309,00469012599,5,N, , ,Y,N,N
00026429,15,2026,1608333,00469052002,5,N, , ,N,N,N
00026429,15,2026,2390646,00469062599,5,N, , ,Y,N,N
00026429,15,2026,2390650,00469072560,5,N, , ,Y,N,N
00026429,15,2026,2052609,00469123050,4,N, , ,Y,N,N
00026429,15,2026,2052704,00469133050,4,N, , ,Y,N,N
00026429,15,2026,2105817,00469142590,5,N, , ,N,N,N
00026429,15,2026,2623472,00469286035,5,N, , ,N,N,N
00026429,15,2026,967388,00469305130,5,N, , ,N,N,N
00026429,15,2026,884308,00472016630,2,N, , ,N,N,N
00026429,15,2026,1811180,00480012649,2,N, , ,Y,N,N
00026429,15,2026,402010,00480123208,4,N, , ,N,N,N
00026429,15,2026,602912,00480124228,5,N, , ,Y,N,N
00026429,15,2026,602910,00480124328,5,N, , ,Y,N,N
00026429,15,2026,643712,00480124421,5,N, , ,Y,N,N
00026429,15,2026,643720,00480124621,5,N, , ,Y,N,N
00026429,15,2026,402011,00480134208,5,N, , ,N,N,N
00026429,15,2026,402012,00480145308,5,N, , ,N,N,N
00026429,15,2026,706822,00480155408,4,N, , ,N,N,N
00026429,15,2026,1111106,00480259634,5,N, , ,N,N,N
00026429,15,2026,1666332,00480268806,2,N, , ,N,N,N
00026429,15,2026,2675205,00480327356,5,N, , ,Y,N,N
00026429,15,2026,2675193,00480327456,5,N, , ,Y,N,N
00026429,15,2026,2675197,00480327556,5,N, , ,Y,N,N
00026429,15,2026,2675201,00480327656,5,N, , ,Y,N,N
00026429,15,2026,748977,00480347516,2,N, , ,N,N,N
00026429,15,2026,794639,00480347906,2,N, , ,N,N,N
00026429,15,2026,750265,00480349316,2,N, , ,N,N,N
00026429,15,2026,1868014,00480361087,2,N, , ,Y,N,N
00026429,15,2026,1868018,00480361198,5,N, , ,Y,N,N
00026429,15,2026,616578,00480413806,2,N, , ,N,N,N
00026429,15,2026,1490473,00480449056,5,N, , ,Y,N,N
00026429,15,2026,1356557,00480706256,4,N, , ,Y,N,N
00026429,15,2026,1356570,00480706356,5,N, , ,Y,N,N
00026429,15,2026,1356574,00480706556,5,N, , ,Y,N,N
00026429,15,2026,1356578,00480706656,5,N, , ,Y,N,N
00026429,15,2026,1356582,00480706756,5,N, , ,Y,N,N
00026429,15,2026,1356586,00480706856,5,N, , ,Y,N,N
00026429,15,2026,836358,00487980125,1,N, , ,Y,N,N
00026429,15,2026,245314,00487990130,2,N, , ,Y,N,N
00026429,15,2026,310190,00517042001,2,N, , ,N,N,N
00026429,15,2026,310191,00517044001,2,N, , ,N,N,N
00026429,15,2026,485968,00517095501,2,N, , ,N,N,N
00026429,15,2026,307718,00517750425,2,N, , ,Y,N,N
00026429,15,2026,991061,00527058601,2,N, , ,N,N,N
00026429,15,2026,1000913,00527131301,2,N, , ,N,N,N
00026429,15,2026,858747,00527132601,2,N, , ,N,N,N
00026429,15,2026,197392,00527133701,2,N, , ,N,N,N
00026429,15,2026,198152,00527136701,2,N, , ,N,N,N
00026429,15,2026,311386,00527139401,2,N, , ,N,N,N
00026429,15,2026,314078,00527139501,2,N, , ,N,N,N
00026429,15,2026,311385,00527139601,2,N, , ,N,N,N
00026429,15,2026,314075,00527139701,2,N, , ,N,N,N
00026429,15,2026,198316,00527163210,1,N, , ,N,N,N
00026429,15,2026,238154,00527169505,2,N, , ,N,N,N
00026429,15,2026,997287,00527169801,2,Y,180,30,N,N,N
00026429,15,2026,865117,00527178801,2,N, , ,N,N,N
00026429,15,2026,865123,00527178901,2,N, , ,N,N,N
00026429,15,2026,860918,00527179001,2,N, , ,N,N,N
00026429,15,2026,859841,00527179101,2,N, , ,N,N,N
00026429,15,2026,197516,00527193106,2,N, , ,N,N,N
00026429,15,2026,477391,00527194866,2,N, , ,N,N,N
00026429,15,2026,1482908,00527213335,5,N, , ,N,N,N
00026429,15,2026,991039,00527296137,2,N, , ,N,N,N
00026429,15,2026,991194,00527296237,2,N, , ,N,N,N
00026429,15,2026,197873,00527323637,5,Y,180,30,N,N,N
00026429,15,2026,2058845,00527323737,5,Y,60,30,N,N,N
00026429,15,2026,1806181,00527457937,2,N, , ,N,N,N
00026429,15,2026,1806187,00527458037,2,N, , ,N,N,N
00026429,15,2026,1806189,00527458137,2,N, , ,N,N,N
00026429,15,2026,1806191,00527458237,2,N, , ,N,N,N
00026429,15,2026,1806193,00527458337,2,N, , ,N,N,N
00026429,15,2026,1806197,00527458437,2,N, , ,N,N,N
00026429,15,2026,854830,00527466237,4,Y,30,30,N,N,N
00026429,15,2026,854834,00527466337,4,Y,30,30,N,N,N
00026429,15,2026,854838,00527466437,4,Y,30,30,N,N,N
00026429,15,2026,854850,00527466537,4,Y,30,30,N,N,N
00026429,15,2026,854846,00527466637,4,Y,30,30,N,N,N
00026429,15,2026,854842,00527466737,4,Y,30,30,N,N,N
00026429,15,2026,899511,00527810637,2,Y,30,30,N,N,N
00026429,15,2026,899461,00527810837,2,Y,30,30,N,N,N
00026429,15,2026,1101926,00527811037,2,Y,30,30,N,N,N
00026429,15,2026,899495,00527811137,2,Y,30,30,N,N,N
00026429,15,2026,1006608,00527811337,2,Y,30,30,N,N,N
00026429,15,2026,854228,00548560100,2,N, , ,N,N,N
00026429,15,2026,854238,00548560300,2,N, , ,N,N,N
00026429,15,2026,854241,00548560400,2,N, , ,N,N,N
00026429,15,2026,854248,00548560500,2,N, , ,N,N,N
00026429,15,2026,854245,00548560600,2,N, , ,N,N,N
00026429,15,2026,310497,00548585000,2,N, , ,N,N,N
00026429,15,2026,2180671,00548835101,3,N, , ,N,N,N
00026429,15,2026,905369,00555003302,2,N, , ,N,N,N
00026429,15,2026,905516,00555015802,2,N, , ,N,N,N
00026429,15,2026,905495,00555015902,2,N, , ,N,N,N
00026429,15,2026,835913,00555017178,2,N, , ,N,N,N
00026429,15,2026,995232,00555032402,2,N, , ,N,N,N
00026429,15,2026,977883,00555048302,1,N, , ,N,N,N
00026429,15,2026,197556,00555063302,2,N, , ,N,N,N
00026429,15,2026,197554,00555063402,2,N, , ,N,N,N
00026429,15,2026,197555,00555063502,2,N, , ,N,N,N
00026429,15,2026,1009145,00555077502,2,N, , ,N,N,N
00026429,15,2026,687043,00555077602,2,N, , ,N,N,N
00026429,15,2026,577957,00555077702,2,N, , ,N,N,N
00026429,15,2026,1000114,00555077902,2,N, , ,N,N,N
00026429,15,2026,1000135,00555087202,2,N, , ,N,N,N
00026429,15,2026,1000141,00555087302,2,N, , ,N,N,N
00026429,15,2026,197658,00555088602,1,N, , ,N,N,N
00026429,15,2026,197659,00555088702,1,N, , ,N,N,N
00026429,15,2026,197657,00555089902,1,N, , ,N,N,N
00026429,15,2026,541878,00555097102,2,N, , ,N,N,N
00026429,15,2026,541892,00555097202,2,N, , ,N,N,N
00026429,15,2026,577961,00555097302,2,N, , ,N,N,N
00026429,15,2026,541363,00555097402,2,N, , ,N,N,N
00026429,15,2026,404059,00555105486,2,N, , ,N,N,N
00026429,15,2026,404062,00555105586,2,N, , ,N,N,N
00026429,15,2026,643488,00555105686,2,N, , ,N,N,N
00026429,15,2026,404065,00555105786,2,N, , ,N,N,N
00026429,15,2026,751868,00555900867,2,N, , ,N,N,N
00026429,15,2026,751871,00555900942,2,N, , ,N,N,N
00026429,15,2026,751870,00555901058,2,N, , ,N,N,N
00026429,15,2026,762007,00555901258,2,N, , ,N,N,N
00026429,15,2026,753481,00555901658,2,N, , ,N,N,N
00026429,15,2026,762333,00555901858,2,N, , ,N,N,N
00026429,15,2026,751890,00555902058,2,N, , ,N,N,N
00026429,15,2026,1358780,00555902542,2,N, , ,N,N,N
00026429,15,2026,1358765,00555902658,2,N, , ,N,N,N
00026429,15,2026,1359030,00555902742,2,N, , ,N,N,N
00026429,15,2026,1359025,00555902858,2,N, , ,N,N,N
00026429,15,2026,1095362,00555903458,2,N, , ,N,N,N
00026429,15,2026,753482,00555904358,2,N, , ,N,N,N
00026429,15,2026,750268,00555904558,2,N, , ,N,N,N
00026429,15,2026,753483,00555906458,2,N, , ,N,N,N
00026429,15,2026,750267,00555906667,2,N, , ,N,N,N
00026429,15,2026,197411,00574010603,2,N, , ,N,N,N
00026429,15,2026,309371,00574010770,2,N, , ,N,N,N
00026429,15,2026,977880,00574029201,2,N, , ,N,N,N
00026429,15,2026,582926,00574061105,2,N, , ,N,N,N
00026429,15,2026,261178,00574200802,2,N, , ,N,N,N
00026429,15,2026,197877,00574204230,2,N, , ,N,N,N
00026429,15,2026,313941,00574206130,2,N, , ,N,N,N
00026429,15,2026,198300,00574220145,2,N, , ,N,N,N
00026429,15,2026,106303,00574220545,2,N, , ,N,N,N
00026429,15,2026,313450,00574230145,2,N, , ,N,N,N
00026429,15,2026,313451,00574232545,2,N, , ,N,N,N
00026429,15,2026,308508,00574402235,2,N, , ,N,N,N
00026429,15,2026,309683,00574403105,4,N, , ,N,N,N
00026429,15,2026,284254,00574722612,2,N, , ,N,N,N
00026429,15,2026,308725,00591283201,5,N, , ,Y,N,N
00026429,15,2026,1596780,00591292102,2,N, , ,N,N,N
00026429,15,2026,1597123,00591321630,2,N, , ,N,N,N
00026429,15,2026,998671,00591350804,2,N, , ,N,N,N
00026429,15,2026,998675,00591350904,2,N, , ,N,N,N
00026429,15,2026,998679,00591351004,2,N, , ,N,N,N
00026429,15,2026,1801289,00591354360,2,N, , ,N,N,N
00026429,15,2026,199521,00591385101,5,N, , ,N,N,N
00026429,15,2026,996572,00591390087,2,N, , ,N,N,N
00026429,15,2026,1245262,00591439096,5,Y,120,30,Y,N,N
00026429,15,2026,312615,00591544305,1,N, , ,N,N,N
00026429,15,2026,197365,00591571301,2,N, , ,Y,N,N
00026429,15,2026,197366,00591571401,2,N, , ,Y,N,N
00026429,15,2026,197363,00591571501,2,N, , ,Y,N,N
00026429,15,2026,197364,00591571630,2,N, , ,Y,N,N
00026429,15,2026,603378,00597000302,5,N, , ,N,N,N
00026429,15,2026,1190225,00597002402,4,N, , ,N,N,N
00026429,15,2026,836368,00597008717,4,N, , ,N,N,N
00026429,15,2026,1552004,00597010061,3,N, , ,N,N,N
00026429,15,2026,1430453,00597013730,5,N, , ,Y,N,N
00026429,15,2026,1430457,00597013830,5,N, , ,Y,N,N
00026429,15,2026,1430449,00597014130,5,N, , ,Y,N,N
00026429,15,2026,1592748,00597014360,5,N, , ,Y,N,N
00026429,15,2026,1592752,00597014560,5,N, , ,Y,N,N
00026429,15,2026,1545664,00597015230,3,N, , ,N,N,Y
00026429,15,2026,1545668,00597015330,3,N, , ,N,N,Y
00026429,15,2026,1651275,00597015561,3,N, , ,N,N,N
00026429,15,2026,1667882,00597016061,4,N, , ,N,N,N
00026429,15,2026,1546083,00597019261,3,N, , ,N,N,N
00026429,15,2026,2721615,00597925786,5,N, , ,N,N,N
00026429,15,2026,991082,00603116158,2,N, , ,N,N,N
00026429,15,2026,762675,00603459315,2,N, , ,N,N,N
00026429,15,2026,198078,00603506221,2,N, , ,N,N,N
00026429,15,2026,763181,00603533715,2,N, , ,N,N,N
00026429,15,2026,763179,00603533731,2,N, , ,N,N,N
00026429,15,2026,763185,00603533815,2,N, , ,N,N,N
00026429,15,2026,763183,00603533831,2,N, , ,N,N,N
00026429,15,2026,856448,00603548232,1,N, , ,N,N,N
00026429,15,2026,856457,00603548332,1,N, , ,N,N,N
00026429,15,2026,856519,00603548421,1,N, , ,N,N,N
00026429,15,2026,856578,00603548628,1,N, , ,N,N,N
00026429,15,2026,1659598,00641611710,2,N, , ,N,N,N
00026429,15,2026,312068,00641617410,2,N, , ,N,N,N
00026429,15,2026,314152,00641617701,2,N, , ,N,N,N
00026429,15,2026,198159,00713013512,2,N, , ,N,N,N
00026429,15,2026,1191302,00713022315,2,N, , ,N,N,N
00026429,15,2026,1191256,00713022415,2,N, , ,N,N,N
00026429,15,2026,308865,00713031853,2,N, , ,N,N,N
00026429,15,2026,197407,00713032637,2,N, , ,N,N,N
00026429,15,2026,197409,00713032737,2,N, , ,N,N,N
00026429,15,2026,992459,00713052612,2,N, , ,N,N,N
00026429,15,2026,1114466,00713056431,4,N, , ,N,N,N
00026429,15,2026,1801283,00713066460,2,N, , ,N,N,N
00026429,15,2026,310465,00713068215,2,N, , ,N,N,N
00026429,15,2026,197735,00713068315,2,N, , ,N,N,N
00026429,15,2026,1191315,00713070915,2,N, , ,N,N,N
00026429,15,2026,313201,00713080431,4,N, , ,N,N,N
00026429,15,2026,313199,00713080531,4,N, , ,N,N,N
00026429,15,2026,308047,00781106110,2,N, , ,N,N,N
00026429,15,2026,308048,00781107710,2,N, , ,N,N,N
00026429,15,2026,197321,00781107905,2,N, , ,N,N,N
00026429,15,2026,197322,00781108901,2,N, , ,N,N,N
00026429,15,2026,562251,00781187431,2,N, , ,N,N,N
00026429,15,2026,313190,00781210201,2,N, , ,Y,N,N
00026429,15,2026,198377,00781210301,2,N, , ,Y,N,N
00026429,15,2026,198378,00781210401,2,N, , ,Y,N,N
00026429,15,2026,308212,00781214501,2,N, , ,N,N,N
00026429,15,2026,403811,00781232368,2,N, , ,Y,N,N
00026429,15,2026,308191,00781261305,2,N, , ,N,N,N
00026429,15,2026,199119,00781285931,1,N, , ,N,N,N
00026429,15,2026,864110,00781300107,2,N, , ,Y,N,N
00026429,15,2026,854302,00781300407,2,N, , ,Y,N,N
00026429,15,2026,309092,00781320695,2,N, , ,N,N,N
00026429,15,2026,1654630,00781323434,4,N, , ,N,N,N
00026429,15,2026,854235,00781324664,2,N, , ,N,N,N
00026429,15,2026,2000007,00781325089,4,N, , ,N,N,N
00026429,15,2026,309339,00781328809,2,N, , ,N,N,N
00026429,15,2026,309335,00781328909,2,N, , ,N,N,N
00026429,15,2026,309336,00781329009,2,N, , ,N,N,N
00026429,15,2026,1361615,00781354525,2,N, , ,N,N,N
00026429,15,2026,545835,00781400332,2,N, , ,N,N,N
00026429,15,2026,645884,00781400436,2,N, , ,Y,N,N
00026429,15,2026,991332,00781402753,4,N, , ,N,N,N
00026429,15,2026,991053,00781402822,4,N, , ,N,N,N
00026429,15,2026,310600,00781551501,2,N, , ,N,N,N
00026429,15,2026,240741,00781602246,2,N, , ,N,N,N
00026429,15,2026,309322,00781602346,2,N, , ,N,N,N
00026429,15,2026,617423,00781610246,2,N, , ,N,N,N
00026429,15,2026,617993,00781613954,2,N, , ,N,N,N
00026429,15,2026,745302,00781615395,2,N, , ,N,N,N
00026429,15,2026,403908,00781618667,2,N, , ,N,N,N
00026429,15,2026,198322,00781802801,2,N, , ,N,N,N
00026429,15,2026,749783,00781808926,2,N, , ,N,N,N
00026429,15,2026,310261,00832059530,2,N, , ,N,N,N
00026429,15,2026,310670,00832151011,2,N, , ,N,N,N
00026429,15,2026,310671,00832152011,2,N, , ,N,N,N
00026429,15,2026,314034,00832153011,2,N, , ,N,N,N
00026429,15,2026,310672,00832154011,2,N, , ,N,N,N
00026429,15,2026,1801298,00832532410,2,N, , ,N,N,N
00026429,15,2026,1801294,00832532510,2,N, , ,N,N,N
00026429,15,2026,991336,00832601900,2,N, , ,N,N,N
00026429,15,2026,991044,00832602000,2,N, , ,N,N,N
00026429,15,2026,991188,00832602100,2,N, , ,N,N,N
00026429,15,2026,896758,00904745161,2,N, , ,N,N,N
00026429,15,2026,1809730,00944265603,5,N, , ,N,N,N
00026429,15,2026,1809738,00944265804,5,N, , ,N,N,N
00026429,15,2026,1809667,00944270003,5,N, , ,N,N,N
00026429,15,2026,1233711,00944281501,3,N, , ,N,N,N
00026429,15,2026,2102717,10094020560,5,N, , ,N,N,N
00026429,15,2026,2102713,10094021060,5,N, , ,N,N,N
00026429,15,2026,2102715,10094022060,5,N, , ,N,N,N
00026429,15,2026,2059228,10122050201,5,N, , ,N,N,N
00026429,15,2026,199148,10135060571,2,N, , ,N,N,N
00026429,15,2026,849395,10135069201,2,N, , ,N,N,N
00026429,15,2026,2107621,10144034260,5,N, , ,N,N,N
00026429,15,2026,199159,10370026801,5,N, , ,N,N,N
00026429,15,2026,966920,10572010001,2,N, , ,N,N,N
00026429,15,2026,992475,10702000401,2,N, , ,N,N,N
00026429,15,2026,2101899,10702003645,2,N, , ,N,N,N
00026429,15,2026,1049683,10702005601,2,Y,360,30,N,N,N
00026429,15,2026,899557,10702010601,2,N, , ,N,N,N
00026429,15,2026,899518,10702010701,2,N, , ,N,N,N
00026429,15,2026,899548,10702010801,2,N, , ,N,N,N
00026429,15,2026,2678900,11797011001,5,N, , ,Y,N,N
00026429,15,2026,209002,11980017405,3,N, , ,N,N,N
00026429,15,2026,208420,11980022805,3,N, , ,N,N,N
00026429,15,2026,2055676,12496009001,5,N, , ,N,N,N
00026429,15,2026,2055672,12496012001,5,N, , ,N,N,N
00026429,15,2026,476809,13107000130,2,N, , ,N,N,N
00026429,15,2026,314111,13107000334,2,N, , ,N,N,N
00026429,15,2026,311725,13107003134,2,N, , ,N,N,N
00026429,15,2026,311726,13107003234,2,N, , ,N,N,N
00026429,15,2026,884386,13107003501,2,N, , ,N,N,N
00026429,15,2026,884385,13107003601,2,N, , ,N,N,N
00026429,15,2026,993770,13107005801,2,Y,360,30,N,N,N
00026429,15,2026,993781,13107005999,2,Y,360,30,N,N,N
00026429,15,2026,197466,13107032001,2,N, , ,N,N,N
00026429,15,2026,197593,13517010030,4,N, , ,N,N,N
00026429,15,2026,1809580,13533080012,5,N, , ,N,N,N
00026429,15,2026,283672,13668000905,1,N, , ,N,N,N
00026429,15,2026,200371,13668001005,1,N, , ,N,N,N
00026429,15,2026,309314,13668001105,1,N, , ,N,N,N
00026429,15,2026,859033,13668009190,2,N, , ,N,N,N
00026429,15,2026,859040,13668009290,2,N, , ,N,N,N
00026429,15,2026,859044,13668009390,2,N, , ,N,N,N
00026429,15,2026,859052,13668009490,2,N, , ,N,N,N
00026429,15,2026,859048,13668009590,2,N, , ,N,N,N
00026429,15,2026,317110,13668010401,1,N, , ,N,N,N
00026429,15,2026,311196,13668010601,1,N, , ,N,N,N
00026429,15,2026,402698,13668013201,2,N, , ,N,N,N
00026429,15,2026,402696,13668013301,2,N, , ,N,N,N
00026429,15,2026,402695,13668013401,2,N, , ,N,N,N
00026429,15,2026,858625,13668018490,2,N, , ,N,N,N
00026429,15,2026,402131,13668021730,2,N, , ,N,N,N
00026429,15,2026,856369,13668033301,2,N, , ,N,N,N
00026429,15,2026,900164,13668033930,2,N, , ,N,N,N
00026429,15,2026,850091,13668034030,2,N, , ,N,N,N
00026429,15,2026,850087,13668034130,2,N, , ,N,N,N
00026429,15,2026,2532159,13668044330,2,N, , ,N,N,N
00026429,15,2026,597850,13668045301,2,N, , ,N,N,N
00026429,15,2026,597852,13668046201,2,N, , ,N,N,N
00026429,15,2026,2532163,13668047330,2,N, , ,N,N,N
00026429,15,2026,197985,13668048201,2,N, , ,N,N,N
00026429,15,2026,314108,13668048301,2,N, , ,N,N,N
00026429,15,2026,197984,13668048450,2,N, , ,N,N,N
00026429,15,2026,207364,13668048750,2,N, , ,N,N,N
00026429,15,2026,598006,13668060601,2,N, , ,N,N,N
00026429,15,2026,197650,13668060701,4,N, , ,N,N,N
00026429,15,2026,1091185,13811070810,2,N, , ,N,N,N
00026429,15,2026,1091210,13811070910,2,N, , ,N,N,N
00026429,15,2026,861601,13925051510,2,N, , ,N,N,N
00026429,15,2026,861597,13925052201,2,N, , ,Y,N,N
00026429,15,2026,197603,14539067306,2,N, , ,N,N,N
00026429,15,2026,995278,14539067505,2,N, , ,N,N,N
00026429,15,2026,2684952,15054008001,5,N, , ,N,N,N
00026429,15,2026,615882,15054104005,5,N, , ,N,N,N
00026429,15,2026,2697164,15370040130,5,N, , ,N,N,N
00026429,15,2026,2697167,15370040230,5,N, , ,N,N,N
00026429,15,2026,2697170,15370040330,5,N, , ,N,N,N
00026429,15,2026,2059029,16110024630,5,N, , ,N,N,N
00026429,15,2026,2471100,16110039105,5,N, , ,N,N,N
00026429,15,2026,797697,16110058780,4,N, , ,N,N,N
00026429,15,2026,284496,16110091530,4,N, , ,N,N,N
00026429,15,2026,855926,16571020150,2,N, , ,N,N,N
00026429,15,2026,855906,16571020210,2,N, , ,N,N,N
00026429,15,2026,855664,16571020310,2,N, , ,N,N,N
00026429,15,2026,199164,16571066801,2,N, , ,N,N,N
00026429,15,2026,198086,16571067101,2,N, , ,N,N,N
00026429,15,2026,403850,16571068901,2,N, , ,N,N,N
00026429,15,2026,810090,16571069001,2,N, , ,N,N,N
00026429,15,2026,403851,16571069101,2,N, , ,N,N,N
00026429,15,2026,810083,16571069201,2,N, , ,N,N,N
00026429,15,2026,403852,16571069301,2,N, , ,N,N,N
00026429,15,2026,730988,16571069401,2,N, , ,N,N,N
00026429,15,2026,201185,16571072360,3,N, , ,N,N,N
00026429,15,2026,389201,16571080901,2,N, , ,N,N,N
00026429,15,2026,2619912,16571081205,5,N, , ,N,N,N
00026429,15,2026,422434,16571088806,5,N, , ,N,N,N
00026429,15,2026,309079,16714040202,2,N, , ,N,N,N
00026429,15,2026,308714,16714049602,2,N, , ,N,N,N
00026429,15,2026,310431,16714066202,2,N, , ,N,N,N
00026429,15,2026,199247,16729000316,1,N, , ,N,Y,N
00026429,15,2026,314231,16729000417,1,N, , ,N,N,N
00026429,15,2026,312961,16729000517,1,N, , ,N,N,N
00026429,15,2026,198211,16729000617,1,N, , ,N,N,N
00026429,15,2026,199123,16729002310,2,N, , ,N,N,N
00026429,15,2026,199224,16729003510,1,N, , ,N,N,N
00026429,15,2026,310346,16729009016,1,N, , ,N,N,N
00026429,15,2026,199058,16729009401,2,N, , ,Y,N,N
00026429,15,2026,721791,16729009512,2,N, , ,N,N,N
00026429,15,2026,721794,16729009612,2,N, , ,N,N,N
00026429,15,2026,721796,16729009712,2,N, , ,N,N,N
00026429,15,2026,895670,16729010912,2,N, , ,N,N,N
00026429,15,2026,853201,16729013212,2,N, , ,N,N,N
00026429,15,2026,197319,16729013416,1,N, , ,N,N,N
00026429,15,2026,197320,16729013516,1,N, , ,N,N,N
00026429,15,2026,197527,16729013616,2,N, , ,N,N,N
00026429,15,2026,197528,16729013716,2,N, , ,N,N,N
00026429,15,2026,197529,16729013816,2,N, , ,N,N,N
00026429,15,2026,856773,16729017601,2,N, , ,Y,N,N
00026429,15,2026,429503,16729018201,1,N, , ,N,N,N
00026429,15,2026,310798,16729018317,1,N, , ,N,N,N
00026429,15,2026,485023,16729018929,2,N, , ,Y,N,N
00026429,15,2026,485020,16729026129,2,N, , ,Y,N,N
00026429,15,2026,855812,16729027310,2,N, , ,N,N,N
00026429,15,2026,351256,16729029310,2,N, , ,N,N,N
00026429,15,2026,863628,16729031901,2,N, , ,N,N,N
00026429,15,2026,1012895,16729034210,2,Y,30,30,N,N,N
00026429,15,2026,1235247,16729034610,2,N, , ,N,N,N
00026429,15,2026,1040031,16729034710,2,N, , ,N,N,N
00026429,15,2026,1297278,16729035010,2,N, , ,N,N,N
00026429,15,2026,1086772,16729035210,4,N, , ,Y,N,N
00026429,15,2026,1373483,16729041604,2,Y,14,7,N,N,N
00026429,15,2026,313189,16729042110,2,N, , ,N,N,N
00026429,15,2026,1996246,16729043445,5,N, , ,N,N,N
00026429,15,2026,105585,16729048601,2,N, , ,N,N,N
00026429,15,2026,2123072,17270074000,2,Y,17,30,N,N,N
00026429,15,2026,310364,21922000101,2,N, , ,N,N,N
00026429,15,2026,1597129,21922001902,2,N, , ,N,N,N
00026429,15,2026,106387,21922002107,2,N, , ,N,N,N
00026429,15,2026,203088,21922002507,2,N, , ,N,N,N
00026429,15,2026,2676585,21922002707,2,N, , ,N,N,N
00026429,15,2026,309291,21922005351,2,N, , ,N,N,N
00026429,15,2026,897683,23155002601,1,N, , ,N,N,N
00026429,15,2026,312059,23155005101,2,N, , ,N,N,N
00026429,15,2026,311918,23155005419,2,N, , ,N,N,N
00026429,15,2026,314135,23155005519,2,N, , ,N,N,N
00026429,15,2026,310537,23155005810,2,N, , ,N,Y,N
00026429,15,2026,897722,23155005901,1,N, , ,N,N,N
00026429,15,2026,197942,23155007001,1,N, , ,N,N,N
00026429,15,2026,197941,23155007101,1,N, , ,N,N,N
00026429,15,2026,1652673,23155013301,2,N, , ,N,N,N
00026429,15,2026,1650142,23155013525,2,N, , ,N,N,N
00026429,15,2026,1723156,23155029041,2,N, , ,N,N,N
00026429,15,2026,1719286,23155047344,2,N, , ,N,N,N
00026429,15,2026,897666,23155048601,1,N, , ,N,N,N
00026429,15,2026,833008,23155049001,2,N, , ,N,N,N
00026429,15,2026,995218,23155050001,2,N, , ,N,N,N
00026429,15,2026,995258,23155050105,2,N, , ,N,N,N
00026429,15,2026,995281,23155050201,2,N, , ,N,N,N
00026429,15,2026,857560,23155053006,2,N, , ,N,N,N
00026429,15,2026,197682,23155053201,2,N, , ,N,N,N
00026429,15,2026,197738,23155060601,2,N, , ,N,N,N
00026429,15,2026,197739,23155060701,2,N, , ,N,N,N
00026429,15,2026,197433,23155062102,2,N, , ,N,N,N
00026429,15,2026,858804,23155070401,1,N, , ,N,N,N
00026429,15,2026,858817,23155077201,1,N, , ,N,N,N
00026429,15,2026,313571,23155085978,2,N, , ,N,N,N
00026429,15,2026,197703,23155086101,5,N, , ,N,N,N
00026429,15,2026,310878,23155092681,2,N, , ,N,N,N
00026429,15,2026,2672379,23594015030,5,N, , ,N,N,N
00026429,15,2026,2732203,23594015032,5,N, , ,N,N,N
00026429,15,2026,2672385,23594015130,5,N, , ,N,N,N
00026429,15,2026,2672391,23594015230,5,N, , ,N,N,N
00026429,15,2026,2672397,23594015330,5,N, , ,N,N,N
00026429,15,2026,1012021,24208031705,2,N, , ,N,N,N
00026429,15,2026,849506,24208034205,2,N, , ,N,N,N
00026429,15,2026,2637556,24208037705,4,N, , ,N,N,N
00026429,15,2026,1797833,24208039830,2,N, , ,N,N,N
00026429,15,2026,1797844,24208039915,2,N, , ,N,N,N
00026429,15,2026,854801,24208045705,2,N, , ,N,N,N
00026429,15,2026,310015,24208048510,2,N, , ,N,N,N
00026429,15,2026,1150836,24208050505,2,N, , ,N,N,N
00026429,15,2026,308511,24208055555,2,N, , ,N,N,N
00026429,15,2026,204423,24208063110,2,N, , ,N,N,N
00026429,15,2026,310687,24208063562,2,N, , ,N,N,N
00026429,15,2026,1006120,24208067004,2,N, , ,N,N,N
00026429,15,2026,314165,24208071510,2,N, , ,N,N,N
00026429,15,2026,226343,24208072002,2,N, , ,N,N,N
00026429,15,2026,308493,24208078055,2,N, , ,N,N,N
00026429,15,2026,1116150,24208078555,2,N, , ,N,N,N
00026429,15,2026,310594,24208079062,2,N, , ,N,N,N
00026429,15,2026,309679,24208079535,2,N, , ,N,N,N
00026429,15,2026,309680,24208083060,2,N, , ,N,N,N
00026429,15,2026,310149,24208091055,2,N, , ,N,N,N
00026429,15,2026,2698570,24338015401,5,N, , ,Y,N,N
00026429,15,2026,2698574,24338015501,5,N, , ,Y,N,N
00026429,15,2026,1293504,24470091710,2,N, , ,N,N,N
00026429,15,2026,1373491,24979012804,2,Y,60,30,N,N,N
00026429,15,2026,1232585,24979024806,2,N, , ,N,N,N
00026429,15,2026,862013,24979053401,2,N, , ,N,N,N
00026429,15,2026,1665102,25021010910,2,N, , ,N,N,N
00026429,15,2026,1737244,25021011502,2,N, , ,N,N,N
00026429,15,2026,1737578,25021011504,2,N, , ,N,N,N
00026429,15,2026,1737581,25021011506,2,N, , ,N,N,N
00026429,15,2026,242800,25021012999,2,N, , ,N,N,N
00026429,15,2026,311683,25021013182,2,N, , ,N,N,N
00026429,15,2026,1721315,25021018482,2,N, , ,N,N,N
00026429,15,2026,1721314,25021018487,2,N, , ,N,N,N
00026429,15,2026,1361226,25021040010,2,N, , ,N,N,N
00026429,15,2026,859871,25021083405,2,N, , ,N,N,N
00026429,15,2026,351246,27241001531,2,N, , ,N,N,N
00026429,15,2026,200193,27241002168,2,N, , ,N,N,N
00026429,15,2026,200194,27241002238,2,N, , ,N,N,N
00026429,15,2026,317094,27241004910,2,N, , ,N,N,N
00026429,15,2026,349435,27241006203,2,N, , ,N,N,N
00026429,15,2026,349434,27241006303,2,N, , ,N,N,N
00026429,15,2026,596934,27241009990,2,N, , ,N,N,N
00026429,15,2026,349287,27241011703,2,N, , ,N,N,N
00026429,15,2026,577033,27241012403,2,N, , ,Y,N,N
00026429,15,2026,616749,27241012502,4,N, , ,N,N,N
00026429,15,2026,728231,27241012602,4,N, , ,N,N,N
00026429,15,2026,863559,27241015919,2,N, , ,N,N,N
00026429,15,2026,313306,27808003301,2,N, , ,N,N,N
00026429,15,2026,1649988,27808023302,2,N, , ,N,N,N
00026429,15,2026,483438,27808023701,2,Y,90,30,N,N,N
00026429,15,2026,1870964,27808024901,5,N, , ,Y,N,N
00026429,15,2026,314234,29033000305,2,N, , ,N,N,N
00026429,15,2026,808744,29033004530,4,N, , ,N,N,N
00026429,15,2026,808748,29033004630,4,N, , ,N,N,N
00026429,15,2026,238134,29033021501,2,N, , ,N,N,N
00026429,15,2026,282401,29300011101,2,N, , ,N,N,N
00026429,15,2026,198427,29300011201,2,N, , ,N,N,N
00026429,15,2026,198428,29300011316,2,N, , ,N,N,N
00026429,15,2026,198429,29300011416,2,N, , ,N,N,N
00026429,15,2026,311486,29300012410,1,N, , ,N,N,N
00026429,15,2026,152695,29300012510,1,N, , ,N,N,N
00026429,15,2026,854905,29300012601,1,N, , ,N,N,N
00026429,15,2026,854901,29300012701,1,N, , ,N,N,N
00026429,15,2026,313762,29300013101,2,Y,30,30,N,N,N
00026429,15,2026,313761,29300013201,2,Y,30,30,N,N,N
00026429,15,2026,884185,29300013601,1,N, , ,N,N,N
00026429,15,2026,1099625,29300013805,2,N, , ,N,N,N
00026429,15,2026,1099678,29300013905,2,N, , ,N,N,N
00026429,15,2026,1099870,29300014005,2,N, , ,N,N,N
00026429,15,2026,996571,29300017116,2,N, , ,N,N,N
00026429,15,2026,854916,29300018701,2,N, , ,N,N,N
00026429,15,2026,854919,29300018801,2,N, , ,N,N,N
00026429,15,2026,854908,29300018901,2,N, , ,N,N,N
00026429,15,2026,856834,29300042010,2,N, , ,Y,N,N
00026429,15,2026,856845,29300042110,2,N, , ,Y,N,N
00026429,15,2026,856853,29300042201,2,N, , ,Y,N,N
00026429,15,2026,856762,29300042301,2,N, , ,Y,N,N
00026429,15,2026,201708,30698003201,4,N, , ,N,N,N
00026429,15,2026,2699618,30698045501,5,N, , ,N,N,N
00026429,15,2026,248420,31722000530,2,N, , ,N,N,N
00026429,15,2026,1423767,31722003947,5,N, , ,N,N,N
00026429,15,2026,1120068,31722009817,2,N, , ,N,N,N
00026429,15,2026,596926,31722016860,2,N, , ,N,N,N
00026429,15,2026,1310533,31722024630,4,N, , ,N,N,N
00026429,15,2026,1310525,31722024730,4,N, , ,N,N,N
00026429,15,2026,2058980,31722030032,5,N, , ,Y,N,N
00026429,15,2026,1859498,31722030132,5,N, , ,Y,N,N
00026429,15,2026,1658221,31722039431,2,N, , ,N,N,N
00026429,15,2026,199422,31722050560,2,N, , ,N,N,N
00026429,15,2026,200082,31722050660,2,N, , ,N,N,N
00026429,15,2026,199663,31722050960,2,N, , ,N,N,N
00026429,15,2026,905199,31722051901,1,N, , ,N,N,N
00026429,15,2026,905225,31722052001,1,N, , ,N,N,N
00026429,15,2026,905395,31722052101,1,N, , ,N,N,N
00026429,15,2026,905222,31722052201,1,N, , ,N,N,N
00026429,15,2026,198372,31722052901,2,N, , ,N,N,N
00026429,15,2026,198371,31722053101,2,N, , ,N,N,N
00026429,15,2026,311288,31722053612,2,N, , ,N,N,N
00026429,15,2026,311289,31722053705,2,N, , ,N,N,N
00026429,15,2026,311290,31722053812,2,N, , ,N,N,N
00026429,15,2026,387003,31722053960,2,N, , ,N,N,N
00026429,15,2026,197889,31722054501,2,N, , ,N,N,N
00026429,15,2026,855172,31722055190,4,N, , ,N,N,N
00026429,15,2026,597730,31722055612,2,N, , ,N,N,N
00026429,15,2026,242679,31722055760,2,N, , ,N,N,N
00026429,15,2026,309313,31722056424,2,N, , ,N,N,N
00026429,15,2026,310992,31722056560,2,N, , ,N,N,N
00026429,15,2026,403884,31722057447,2,N, , ,N,N,N
00026429,15,2026,728223,31722057960,2,N, , ,N,N,N
00026429,15,2026,728225,31722058060,2,N, , ,N,N,N
00026429,15,2026,746645,31722060360,2,N, , ,N,N,N
00026429,15,2026,1037179,31722062160,2,N, , ,N,N,N
00026429,15,2026,1037045,31722062260,2,N, , ,N,N,N
00026429,15,2026,1091839,31722062330,4,N, , ,N,N,N
00026429,15,2026,308429,31722062921,2,N, , ,N,N,N
00026429,15,2026,855168,31722065931,4,N, , ,N,N,N
00026429,15,2026,313565,31722070430,2,N, , ,N,N,N
00026429,15,2026,313564,31722070530,2,N, , ,N,N,N
00026429,15,2026,314200,31722071390,1,N, , ,N,N,N
00026429,15,2026,311759,31722072790,1,N, , ,N,N,N
00026429,15,2026,242438,31722072890,1,N, , ,N,N,N
00026429,15,2026,200095,31722073090,1,N, , ,N,N,N
00026429,15,2026,197311,31722077701,2,N, , ,N,N,N
00026429,15,2026,197313,31722077801,2,N, , ,N,N,N
00026429,15,2026,809992,31722081460,2,N, , ,N,N,N
00026429,15,2026,809996,31722081560,2,N, , ,N,N,N
00026429,15,2026,313566,31722083260,2,N, , ,N,N,N
00026429,15,2026,1245001,31722084130,5,N, , ,Y,N,N
00026429,15,2026,825421,31722084230,5,N, , ,Y,N,N
00026429,15,2026,825427,31722084330,5,N, , ,Y,N,N
00026429,15,2026,884617,31722084430,5,N, , ,Y,N,N
00026429,15,2026,311345,31722086525,5,N, , ,N,N,N
00026429,15,2026,859419,31722088530,1,N, , ,N,N,N
00026429,15,2026,197541,31722089901,2,N, , ,N,N,N
00026429,15,2026,1091389,31722092601,2,N, , ,N,N,N
00026429,15,2026,1091155,31722095201,2,N, , ,N,N,N
00026429,15,2026,1091170,31722095301,2,N, , ,N,N,N
00026429,15,2026,197635,31722096060,2,N, , ,Y,N,N
00026429,15,2026,197636,31722096160,2,N, , ,Y,N,N
00026429,15,2026,197634,31722096260,2,N, , ,Y,N,N
00026429,15,2026,199192,33342002407,2,N, , ,N,N,N
00026429,15,2026,199193,33342002507,2,N, , ,N,N,N
00026429,15,2026,198382,33342002607,2,N, , ,N,N,N
00026429,15,2026,997226,33342002907,2,N, , ,N,N,N
00026429,15,2026,997220,33342003007,2,N, , ,N,N,N
00026429,15,2026,200094,33342004710,1,N, , ,N,N,N
00026429,15,2026,200096,33342004910,1,N, , ,N,N,N
00026429,15,2026,312078,33342006807,2,N, , ,N,N,N
00026429,15,2026,283639,33342007207,2,N, , ,N,N,N
00026429,15,2026,314155,33342008307,2,N, , ,N,N,N
00026429,15,2026,312076,33342008407,2,N, , ,N,N,N
00026429,15,2026,351107,33342008507,2,N, , ,N,N,N
00026429,15,2026,351108,33342008607,2,N, , ,N,N,N
00026429,15,2026,314214,33342008909,2,N, , ,N,N,N
00026429,15,2026,312835,33342009009,2,N, , ,N,N,N
00026429,15,2026,312836,33342009209,2,N, , ,N,N,N
00026429,15,2026,312839,33342009341,2,N, , ,N,N,N
00026429,15,2026,312837,33342009441,2,N, , ,N,N,N
00026429,15,2026,349251,33342009607,2,N, , ,N,N,N
00026429,15,2026,905092,33342010937,2,N, , ,N,N,N
00026429,15,2026,905100,33342010950,2,N, , ,N,N,N
00026429,15,2026,153822,33342011407,2,N, , ,N,N,N
00026429,15,2026,153823,33342011507,2,N, , ,N,N,N
00026429,15,2026,577776,33342011607,2,N, , ,N,N,N
00026429,15,2026,639537,33342011707,2,N, , ,N,N,N
00026429,15,2026,1095712,33342023807,2,N, , ,N,N,N
00026429,15,2026,485423,33342027607,2,N, , ,N,N,N
00026429,15,2026,485421,33342027707,2,N, , ,N,N,N
00026429,15,2026,996561,33342029815,2,N, , ,N,N,N
00026429,15,2026,485442,33342030011,2,Y,30,30,N,N,N
00026429,15,2026,485465,33342030111,2,Y,30,30,N,N,N
00026429,15,2026,313115,39822070602,5,N, , ,N,N,N
00026429,15,2026,239240,39822105505,2,N, , ,N,N,N
00026429,15,2026,283523,42192060816,2,N, , ,N,N,N
00026429,15,2026,809871,42227008301,5,N, , ,N,N,N
00026429,15,2026,2606490,42385092590,5,N, , ,Y,N,N
00026429,15,2026,864661,42385092830,5,N, , ,N,N,N
00026429,15,2026,2001424,42385092931,5,N, , ,N,N,N
00026429,15,2026,1363408,42388001114,5,N, , ,Y,N,N
00026429,15,2026,1363410,42388001214,5,N, , ,Y,N,N
00026429,15,2026,1364581,42388001314,5,N, , ,Y,N,N
00026429,15,2026,1790175,42388002326,5,N, , ,Y,N,N
00026429,15,2026,1790167,42388002426,5,N, , ,Y,N,N
00026429,15,2026,1790171,42388002526,5,N, , ,Y,N,N
00026429,15,2026,1928941,42457042001,5,N, , ,Y,N,N
00026429,15,2026,313570,42494045020,2,N, , ,N,N,N
00026429,15,2026,1300783,42515000201,6,N, , ,N,N,N
00026429,15,2026,898490,42543040801,2,N, , ,N,N,N
00026429,15,2026,284008,42571013027,2,N, , ,N,N,N
00026429,15,2026,831261,42571013252,2,N, , ,N,N,N
00026429,15,2026,198107,42571017601,2,N, , ,N,N,N
00026429,15,2026,198108,42571017701,2,N, , ,N,N,N
00026429,15,2026,608328,42571022130,2,N, , ,N,N,N
00026429,15,2026,309329,42571025001,2,N, , ,N,N,N
00026429,15,2026,829500,42571025830,2,N, , ,N,N,N
00026429,15,2026,199450,42571031501,2,N, , ,N,N,N
00026429,15,2026,246172,42571031601,2,N, , ,N,N,N
00026429,15,2026,861487,42571036299,2,N, , ,N,N,N
00026429,15,2026,1085745,42571038519,2,N, , ,N,N,N
00026429,15,2026,2199026,42747060290,5,N, , ,N,N,N
00026429,15,2026,2199030,42747060490,5,N, , ,N,N,N
00026429,15,2026,881341,42794000308,2,N, , ,N,N,N
00026429,15,2026,905172,42794000402,2,N, , ,Y,N,N
00026429,15,2026,905168,42794000702,2,N, , ,Y,N,N
00026429,15,2026,903456,42794001812,2,N, , ,N,N,N
00026429,15,2026,903697,42794001912,2,N, , ,N,N,N
00026429,15,2026,903703,42794002012,2,N, , ,N,N,N
00026429,15,2026,199689,42794008008,2,N, , ,N,N,N
00026429,15,2026,894859,42794008108,2,N, , ,N,N,N
00026429,15,2026,199690,42794008308,2,N, , ,N,N,N
00026429,15,2026,2642350,42799070915,5,N, , ,N,N,N
00026429,15,2026,311207,42799080601,2,N, , ,Y,N,N
00026429,15,2026,198239,42806001101,2,N, , ,N,N,N
00026429,15,2026,198238,42806001801,2,N, , ,N,N,N
00026429,15,2026,308136,42806005509,1,N, , ,N,N,N
00026429,15,2026,1095229,42806005801,2,N, , ,N,N,N
00026429,15,2026,1922765,42806012101,2,N, , ,N,N,N
00026429,15,2026,1922720,42806012201,2,N, , ,N,N,N
00026429,15,2026,308459,42806014731,2,N, , ,N,N,N
00026429,15,2026,1650143,42806031250,2,N, , ,N,N,N
00026429,15,2026,1298910,42806033601,2,N, , ,N,N,N
00026429,15,2026,1298816,42806033701,2,N, , ,N,N,N
00026429,15,2026,1298906,42806033801,2,N, , ,N,N,N
00026429,15,2026,259966,42806040001,2,N, , ,N,N,N
00026429,15,2026,993518,42806042501,2,N, , ,N,N,N
00026429,15,2026,852913,42806051230,2,N, , ,N,N,N
00026429,15,2026,852877,42806051330,2,N, , ,N,N,N
00026429,15,2026,351172,42806054909,2,N, , ,N,N,N
00026429,15,2026,198228,42806075760,2,N, , ,N,N,N
00026429,15,2026,1049686,42858000401,2,Y,360,30,N,N,N
00026429,15,2026,1806200,42858007545,2,Y,30,30,N,N,N
00026429,15,2026,1648183,42858007645,2,Y,30,30,N,N,N
00026429,15,2026,1806202,42858007745,2,Y,90,30,N,N,N
00026429,15,2026,1806206,42858007845,2,Y,60,30,N,N,N
00026429,15,2026,1806210,42858007945,2,Y,30,30,N,N,N
00026429,15,2026,1806204,42858008045,2,Y,30,30,N,N,N
00026429,15,2026,1806208,42858008145,2,Y,30,30,N,N,N
00026429,15,2026,891881,42858080101,2,Y,120,30,N,N,N
00026429,15,2026,891888,42858080201,2,Y,120,30,N,N,N
00026429,15,2026,891893,42858080301,2,Y,120,30,N,N,N
00026429,15,2026,891874,42858080401,2,Y,120,30,N,N,N
00026429,15,2026,892646,42858080501,2,Y,180,30,N,N,N
00026429,15,2026,848726,43068010102,5,N, , ,Y,N,N
00026429,15,2026,848738,43068010202,5,N, , ,Y,N,N
00026429,15,2026,848742,43068010402,5,N, , ,Y,N,N
00026429,15,2026,848746,43068010602,5,N, , ,Y,N,N
00026429,15,2026,848750,43068010802,5,N, , ,Y,N,N
00026429,15,2026,848730,43068011002,5,N, , ,Y,N,N
00026429,15,2026,848734,43068011202,5,N, , ,Y,N,N
00026429,15,2026,848752,43068011304,4,N, , ,Y,N,N
00026429,15,2026,2381144,43376032236,5,N, , ,N,N,N
00026429,15,2026,967023,43386006019,2,N, , ,N,N,N
00026429,15,2026,967012,43386009019,2,N, , ,N,N,N
00026429,15,2026,801961,43386028001,4,N, , ,N,N,N
00026429,15,2026,801966,43386028101,2,N, , ,N,N,N
00026429,15,2026,311989,43386045011,5,N, , ,N,N,N
00026429,15,2026,197702,43386077101,5,N, , ,N,N,N
00026429,15,2026,2050059,43528000301,6,N, , ,Y,N,N
00026429,15,2026,403957,43547004903,2,Y,30,30,Y,N,N
00026429,15,2026,312845,43547026810,2,N, , ,N,N,N
00026429,15,2026,312846,43547026910,2,N, , ,N,N,N
00026429,15,2026,283858,43547027210,2,N, , ,N,N,N
00026429,15,2026,562704,43547027310,2,N, , ,N,N,N
00026429,15,2026,312849,43547027410,2,N, , ,N,N,N
00026429,15,2026,997229,43547027511,1,N, , ,N,N,N
00026429,15,2026,997223,43547027611,1,N, , ,N,N,N
00026429,15,2026,351249,43547028010,1,N, , ,N,N,N
00026429,15,2026,349332,43547028111,1,N, , ,N,N,N
00026429,15,2026,351250,43547028211,1,N, , ,N,N,N
00026429,15,2026,993503,43547028810,2,N, , ,N,N,N
00026429,15,2026,636045,43547031509,1,N, , ,N,N,N
00026429,15,2026,898723,43547033510,1,N, , ,N,N,N
00026429,15,2026,898687,43547033610,1,N, , ,N,N,N
00026429,15,2026,898690,43547033750,1,N, , ,N,N,N
00026429,15,2026,898719,43547033850,1,N, , ,N,N,N
00026429,15,2026,312828,43547033906,2,N, , ,N,N,N
00026429,15,2026,312829,43547034050,2,N, , ,N,N,N
00026429,15,2026,312830,43547034150,2,N, , ,N,N,N
00026429,15,2026,312831,43547034250,2,N, , ,N,N,N
00026429,15,2026,312832,43547034306,2,N, , ,N,N,N
00026429,15,2026,314211,43547034406,2,N, , ,N,N,N
00026429,15,2026,197884,43547035611,1,N, , ,N,N,N
00026429,15,2026,197732,43547040350,1,N, , ,N,N,N
00026429,15,2026,1430122,43547040903,2,N, , ,N,N,N
00026429,15,2026,751618,43547052403,2,N, , ,N,N,N
00026429,15,2026,387013,43547052503,2,N, , ,N,N,N
00026429,15,2026,751612,43547052603,2,N, , ,N,N,N
00026429,15,2026,827073,43547052703,2,N, , ,N,N,N
00026429,15,2026,312504,43547055350,2,N, , ,N,N,N
00026429,15,2026,198243,43547061110,2,N, , ,N,N,N
00026429,15,2026,313447,43547065510,2,N, , ,N,N,N
00026429,15,2026,312079,43598016530,2,N, , ,N,N,N
00026429,15,2026,314154,43598016630,2,N, , ,N,N,N
00026429,15,2026,208185,43598021055,2,N, , ,N,N,N
00026429,15,2026,197551,43598023531,5,N, , ,N,N,N
00026429,15,2026,805464,43598039467,4,N, , ,N,N,N
00026429,15,2026,199592,43598039567,4,N, , ,N,N,N
00026429,15,2026,198038,43598043501,2,N, , ,N,N,N
00026429,15,2026,597747,43598045804,5,N, , ,Y,N,N
00026429,15,2026,861370,43598047990,2,N, , ,N,N,N
00026429,15,2026,1428947,43598051421,5,N, , ,Y,N,N
00026429,15,2026,1242231,43598051663,5,N, , ,Y,N,N
00026429,15,2026,198430,43598055030,2,N, , ,N,N,N
00026429,15,2026,252478,43598055130,2,N, , ,N,N,N
00026429,15,2026,103968,43598055230,2,N, , ,N,N,N
00026429,15,2026,252479,43598055330,2,N, , ,N,N,N
00026429,15,2026,248642,43598056601,2,N, , ,N,N,N
00026429,15,2026,757707,43598057630,2,Y,30,30,Y,N,N
00026429,15,2026,2123194,43598057860,2,N, , ,Y,N,N
00026429,15,2026,804544,43598058811,4,N, , ,N,N,N
00026429,15,2026,198182,43598067201,5,N, , ,N,N,N
00026429,15,2026,979092,43598072101,2,N, , ,N,N,N
00026429,15,2026,643022,43598073430,4,N, , ,N,N,N
00026429,15,2026,351223,43598084858,2,N, , ,N,N,N
00026429,15,2026,597768,43598085530,2,N, , ,N,N,N
00026429,15,2026,401938,43975031083,5,N, , ,N,N,N
00026429,15,2026,866103,43975034903,2,N, , ,N,N,N
00026429,15,2026,672567,43975035003,2,N, , ,N,N,N
00026429,15,2026,672569,43975035103,2,N, , ,N,N,N
00026429,15,2026,1650282,44087018801,5,Y,12,28,Y,N,N
00026429,15,2026,1649996,44087332201,5,Y,12,28,Y,N,N
00026429,15,2026,1650004,44087334401,5,Y,12,28,Y,N,N
00026429,15,2026,2477272,44087500006,5,N, , ,Y,N,N
00026429,15,2026,795749,44087882201,5,Y,12,28,Y,N,N
00026429,15,2026,789980,44567010401,2,N, , ,N,N,N
00026429,15,2026,239189,44567022301,2,N, , ,N,N,N
00026429,15,2026,1659283,44567023525,2,N, , ,N,N,N
00026429,15,2026,1665107,44567024625,2,N, , ,N,N,N
00026429,15,2026,309072,44567024710,2,N, , ,N,N,N
00026429,15,2026,863538,44567031201,2,N, , ,N,N,N
00026429,15,2026,1665507,44567043624,2,N, , ,N,N,N
00026429,15,2026,1665515,44567043724,2,N, , ,N,N,N
00026429,15,2026,1665052,44567070625,2,N, , ,N,N,N
00026429,15,2026,2534244,45629008901,5,N, , ,N,N,N
00026429,15,2026,2534249,45629013401,5,N, , ,N,N,N
00026429,15,2026,240209,45802002146,2,N, , ,N,N,N
00026429,15,2026,318202,45802003846,2,N, , ,N,N,N
00026429,15,2026,238600,45802004064,2,N, , ,N,N,N
00026429,15,2026,1085640,45802004935,2,N, , ,N,N,N
00026429,15,2026,1244634,45802005302,2,N, , ,N,N,N
00026429,15,2026,1085633,45802005435,2,N, , ,N,N,N
00026429,15,2026,1085636,45802005535,2,N, , ,N,N,N
00026429,15,2026,543546,45802005911,2,N, , ,N,N,N
00026429,15,2026,1085644,45802006335,2,N, , ,N,N,N
00026429,15,2026,1014314,45802006436,2,N, , ,N,N,N
00026429,15,2026,1085686,45802006535,2,N, , ,N,N,N
00026429,15,2026,310169,45802009735,2,N, , ,N,N,N
00026429,15,2026,238151,45802009851,2,N, , ,N,N,N
00026429,15,2026,151030,45802011846,2,N, , ,N,N,N
00026429,15,2026,151029,45802011942,2,N, , ,N,N,N
00026429,15,2026,977990,45802012932,2,N, , ,N,N,N
00026429,15,2026,977978,45802013132,2,N, , ,N,N,N
00026429,15,2026,142046,45802013970,2,N, , ,N,N,N
00026429,15,2026,1235049,45802014464,2,N, , ,N,N,N
00026429,15,2026,705129,45802021001,2,N, , ,N,N,N
00026429,15,2026,895487,45802022137,2,N, , ,N,N,N
00026429,15,2026,895987,45802022211,2,N, , ,N,N,N
00026429,15,2026,1053697,45802024414,2,N, , ,N,N,N
00026429,15,2026,311753,45802025735,2,N, , ,N,N,N
00026429,15,2026,797274,45802026337,2,N, , ,N,N,N
00026429,15,2026,310982,45802036862,2,N, , ,N,N,N
00026429,15,2026,861353,45802043732,2,N, , ,N,N,N
00026429,15,2026,106336,45802046564,2,N, , ,N,N,N
00026429,15,2026,543460,45802049326,2,N, , ,N,N,N
00026429,15,2026,197575,45802049696,2,N, , ,N,N,N
00026429,15,2026,309333,45802056202,2,N, , ,N,N,N
00026429,15,2026,314227,45802059806,2,N, , ,N,N,N
00026429,15,2026,388517,45802060801,2,N, , ,N,N,N
00026429,15,2026,313159,45802061906,2,N, , ,N,N,N
00026429,15,2026,198245,45802071708,2,N, , ,N,N,N
00026429,15,2026,1540241,45802073684,2,N, , ,N,N,N
00026429,15,2026,1053753,45802088094,2,N, , ,N,N,N
00026429,15,2026,1006688,45802089626,2,N, , ,N,N,N
00026429,15,2026,197785,45802093716,2,N, , ,N,N,N
00026429,15,2026,197803,45802095243,2,N, , ,N,N,N
00026429,15,2026,310152,45802096694,2,N, , ,N,N,N
00026429,15,2026,884535,45963030309,2,N, , ,N,N,N
00026429,15,2026,884520,45963030409,2,N, , ,N,N,N
00026429,15,2026,884532,45963030509,2,N, , ,N,N,N
00026429,15,2026,755470,45963043864,2,N, , ,N,N,N
00026429,15,2026,866412,45963067711,1,N, , ,N,N,N
00026429,15,2026,105292,46287000901,2,N, , ,N,N,N
00026429,15,2026,2716569,47335010886,5,N, , ,Y,N,N
00026429,15,2026,1659927,47335030383,5,N, , ,Y,N,N
00026429,15,2026,2046585,47335040181,5,N, , ,N,N,N
00026429,15,2026,2055026,47335050696,3,N, , ,N,N,N
00026429,15,2026,2200174,47335061630,4,N, , ,N,N,N
00026429,15,2026,2200177,47335061730,4,N, , ,N,N,N
00026429,15,2026,2200180,47335061830,4,N, , ,N,N,N
00026429,15,2026,2200183,47335061930,4,N, , ,N,N,N
00026429,15,2026,672571,47335076783,2,N, , ,N,N,N
00026429,15,2026,903847,47781033530,2,N, , ,N,N,N
00026429,15,2026,197623,47781060730,4,N, , ,N,N,N
00026429,15,2026,2055650,47783064401,5,N, , ,N,N,N
00026429,15,2026,2629981,47783064501,5,N, , ,N,N,N
00026429,15,2026,2593419,47783064601,5,N, , ,N,N,N
00026429,15,2026,205739,48102005305,3,N, , ,N,N,N
00026429,15,2026,1484296,49230064551,5,N, , ,N,N,N
00026429,15,2026,1190916,49281021558,6,N, , ,N,N,N
00026429,15,2026,1190919,49281021588,6,N, , ,N,N,N
00026429,15,2026,830470,49281025251,6,N, , ,Y,N,N
00026429,15,2026,1300310,49281028658,6,N, , ,N,N,N
00026429,15,2026,1300206,49281040010,6,N, , ,N,N,N
00026429,15,2026,1300191,49281040089,6,N, , ,N,N,N
00026429,15,2026,2585717,49281051105,6,N, , ,N,N,N
00026429,15,2026,1300468,49281054503,6,N, , ,N,N,N
00026429,15,2026,2587057,49281056458,6,N, , ,N,N,N
00026429,15,2026,2593121,49281056488,6,N, , ,N,N,N
00026429,15,2026,2360588,49281059005,6,N, , ,N,N,N
00026429,15,2026,807225,49281079020,6,N, , ,N,N,N
00026429,15,2026,1486496,49281079051,6,N, , ,N,N,N
00026429,15,2026,763106,49281086010,6,N, , ,N,N,N
00026429,15,2026,1658241,49281091501,6,N, , ,N,N,N
00026429,15,2026,1292828,49281091568,6,N, , ,N,N,N
00026429,15,2026,1939299,49401008835,5,N, , ,N,N,N
00026429,15,2026,1939348,49401008847,5,N, , ,N,N,N
00026429,15,2026,1374574,49502040124,5,N, , ,Y,N,N
00026429,15,2026,2003255,49502045093,5,N, , ,N,N,N
00026429,15,2026,2043464,49502047593,5,N, , ,N,N,N
00026429,15,2026,2198370,49502047626,3,N, , ,N,N,N
00026429,15,2026,2102784,49502080693,5,N, , ,Y,N,N
00026429,15,2026,865208,49502090030,5,N, , ,N,N,N
00026429,15,2026,865212,49502090130,5,N, , ,N,N,N
00026429,15,2026,865216,49502090230,5,N, , ,N,N,N
00026429,15,2026,1433879,49702022813,5,N, , ,N,N,N
00026429,15,2026,1546894,49702023113,5,N, , ,N,N,N
00026429,15,2026,1989506,49702024213,5,N, , ,N,N,N
00026429,15,2026,2122526,49702024613,5,N, , ,N,N,N
00026429,15,2026,2380551,49702025018,5,N, , ,N,N,N
00026429,15,2026,2374566,49702025537,5,N, , ,N,N,N
00026429,15,2026,2598352,49702025837,4,N, , ,N,N,N
00026429,15,2026,1857925,49702026055,5,N, , ,N,N,N
00026429,15,2026,984105,49884000604,5,N, , ,N,N,N
00026429,15,2026,197839,49884000901,2,N, , ,N,N,N
00026429,15,2026,999961,49884004233,2,N, , ,N,N,N
00026429,15,2026,1294619,49884015154,4,N, , ,N,N,N
00026429,15,2026,636671,49884015576,2,N, , ,N,N,N
00026429,15,2026,636676,49884015676,2,N, , ,N,N,N
00026429,15,2026,199369,49884017004,5,N, , ,N,N,N
00026429,15,2026,645037,49884021255,4,N, , ,N,N,N
00026429,15,2026,1000064,49884022201,2,N, , ,N,N,N
00026429,15,2026,198140,49884023183,2,N, , ,N,N,N
00026429,15,2026,403969,49884025011,2,N, , ,N,N,N
00026429,15,2026,403972,49884025111,2,N, , ,N,N,N
00026429,15,2026,403970,49884025211,2,N, , ,N,N,N
00026429,15,2026,403971,49884025311,2,N, , ,N,N,N
00026429,15,2026,197987,49884025601,2,N, , ,N,N,N
00026429,15,2026,197986,49884025701,2,N, , ,N,N,N
00026429,15,2026,721787,49884027711,2,N, , ,N,N,N
00026429,15,2026,349194,49884030602,2,N, , ,N,N,N
00026429,15,2026,349195,49884030702,2,N, , ,N,N,N
00026429,15,2026,349198,49884030802,2,N, , ,N,N,N
00026429,15,2026,349196,49884030902,2,N, , ,N,N,N
00026429,15,2026,349197,49884031002,2,N, , ,N,N,N
00026429,15,2026,1101932,49884033901,2,Y,30,30,N,N,N
00026429,15,2026,312439,49884034701,2,N, , ,N,N,N
00026429,15,2026,198103,49884034801,2,N, , ,N,N,N
00026429,15,2026,848943,49884046565,2,N, , ,N,N,N
00026429,15,2026,1486687,49884072008,5,N, , ,N,N,N
00026429,15,2026,197797,49884072401,2,N, , ,N,N,N
00026429,15,2026,849827,49884076854,5,N, , ,N,N,N
00026429,15,2026,1653217,49884087372,5,N, , ,N,N,N
00026429,15,2026,851750,49884088299,2,N, , ,N,N,N
00026429,15,2026,749289,49884094499,2,N, , ,N,N,N
00026429,15,2026,1111018,49884094872,5,N, , ,N,N,N
00026429,15,2026,314106,50111033301,2,N, , ,N,N,N
00026429,15,2026,311681,50111033402,2,N, , ,N,N,N
00026429,15,2026,856364,50111045001,1,N, , ,N,N,N
00026429,15,2026,856377,50111056001,1,N, , ,N,N,N
00026429,15,2026,310384,50111064701,1,N, , ,N,N,N
00026429,15,2026,308460,50111078710,2,N, , ,N,N,N
00026429,15,2026,248656,50111078810,2,N, , ,N,N,N
00026429,15,2026,204844,50111078910,2,N, , ,N,N,N
00026429,15,2026,198369,50111091601,2,N, , ,N,N,N
00026429,15,2026,198370,50111091801,2,N, , ,N,N,N
00026429,15,2026,2721172,50222028030,5,N, , ,N,N,N
00026429,15,2026,1716099,50222030260,5,N, , ,N,N,N
00026429,15,2026,2589384,50222034604,5,N, , ,Y,N,N
00026429,15,2026,2686065,50222035002,5,N, , ,Y,N,N
00026429,15,2026,199903,50228014605,2,N, , ,N,N,N
00026429,15,2026,993536,50228017601,2,N, , ,N,N,N
00026429,15,2026,1190110,50228042230,2,N, , ,N,N,N
00026429,15,2026,311893,50228046605,2,N, , ,N,N,N
00026429,15,2026,1657212,50242004062,5,N, , ,Y,N,N
00026429,15,2026,2695437,50242007908,5,N, , ,Y,N,N
00026429,15,2026,2695433,50242008408,5,N, , ,Y,N,N
00026429,15,2026,1147228,50242009002,5,N, , ,Y,N,N
00026429,15,2026,2197873,50242009130,5,N, , ,Y,N,N
00026429,15,2026,2197877,50242009490,5,N, , ,Y,N,N
00026429,15,2026,205532,50242010040,5,N, , ,Y,N,N
00026429,15,2026,1727485,50242013001,5,N, , ,Y,N,N
00026429,15,2026,1242998,50242014001,5,N, , ,Y,N,N
00026429,15,2026,2390946,50242017507,5,N, , ,Y,N,N
00026429,15,2026,2705369,50242020201,5,N, , ,Y,N,N
00026429,15,2026,2058950,50242021401,5,N, , ,Y,N,N
00026429,15,2026,2673763,50242021455,5,N, , ,Y,N,N
00026429,15,2026,2058946,50242021501,5,N, , ,Y,N,N
00026429,15,2026,2673761,50242021555,5,N, , ,Y,N,N
00026429,15,2026,2663918,50242022701,5,N, , ,Y,N,N
00026429,15,2026,2663923,50242022755,5,N, , ,Y,N,N
00026429,15,2026,2668599,50242062342,5,N, , ,Y,N,N
00026429,15,2026,1722376,50242071701,5,N, , ,Y,N,N
00026429,15,2026,1312408,50419017103,5,N, , ,Y,N,N
00026429,15,2026,1439894,50419025001,5,N, , ,Y,N,N
00026429,15,2026,1439896,50419025101,5,N, , ,Y,N,N
00026429,15,2026,1439899,50419025201,5,N, , ,Y,N,N
00026429,15,2026,1439901,50419025301,5,N, , ,Y,N,N
00026429,15,2026,1439903,50419025401,5,N, , ,Y,N,N
00026429,15,2026,2105657,50419039001,5,N, , ,Y,N,N
00026429,15,2026,2105645,50419039101,5,N, , ,Y,N,N
00026429,15,2026,2105653,50419039201,5,N, , ,Y,N,N
00026429,15,2026,2180336,50419039501,5,N, , ,N,N,N
00026429,15,2026,2728198,50419039701,5,N, , ,Y,N,N
00026429,15,2026,807283,50419042301,3,N, , ,N,N,N
00026429,15,2026,310174,50419045104,2,N, , ,N,N,N
00026429,15,2026,310181,50419045204,2,N, , ,N,N,N
00026429,15,2026,310178,50419045304,2,N, , ,N,N,N
00026429,15,2026,310170,50419045404,2,N, , ,N,N,N
00026429,15,2026,404656,50419045604,2,N, , ,N,N,N
00026429,15,2026,404657,50419045904,2,N, , ,N,N,N
00026429,15,2026,207059,50419052435,5,Y,14,28,N,N,N
00026429,15,2026,2562822,50419054001,4,N, , ,N,N,N
00026429,15,2026,2562826,50419054101,4,N, , ,N,N,N
00026429,15,2026,211140,50458009801,5,N, , ,N,N,N
00026429,15,2026,706831,50458030611,4,N, , ,N,N,N
00026429,15,2026,706827,50458030711,5,N, , ,N,N,N
00026429,15,2026,706829,50458030811,5,N, , ,N,N,N
00026429,15,2026,706825,50458030911,4,N, , ,N,N,N
00026429,15,2026,858074,50458056001,4,N, , ,N,N,N
00026429,15,2026,858051,50458056101,5,N, , ,N,N,N
00026429,15,2026,858057,50458056201,5,N, , ,N,N,N
00026429,15,2026,858055,50458056301,5,N, , ,N,N,N
00026429,15,2026,858053,50458056401,5,N, , ,N,N,N
00026429,15,2026,1232084,50458057830,3,N, , ,N,N,Y
00026429,15,2026,1232088,50458057930,3,N, , ,N,N,Y
00026429,15,2026,1114202,50458058030,3,N, , ,N,N,Y
00026429,15,2026,1549683,50458058451,3,N, , ,N,N,Y
00026429,15,2026,1650968,50458060601,5,N, , ,N,N,N
00026429,15,2026,1650972,50458060701,5,N, , ,N,N,N
00026429,15,2026,1650974,50458060801,5,N, , ,N,N,N
00026429,15,2026,1650976,50458060901,5,N, , ,N,N,N
00026429,15,2026,2570419,50458061101,5,N, , ,N,N,N
00026429,15,2026,2570421,50458061201,5,N, , ,N,N,N
00026429,15,2026,1739766,50474037066,5,N, , ,N,N,N
00026429,15,2026,1739774,50474047066,5,N, , ,N,N,N
00026429,15,2026,2173500,50474050015,4,N, , ,N,N,N
00026429,15,2026,1739778,50474057066,5,N, , ,N,N,N
00026429,15,2026,1739782,50474067066,5,N, , ,N,N,N
00026429,15,2026,1739770,50474077066,5,N, , ,N,N,N
00026429,15,2026,2668093,50474078079,5,N, , ,Y,N,N
00026429,15,2026,2668103,50474078185,5,N, , ,Y,N,N
00026429,15,2026,2699122,50474078284,5,N, , ,Y,N,N
00026429,15,2026,2699124,50474078378,5,N, , ,Y,N,N
00026429,15,2026,1739788,50474087015,5,N, , ,N,N,N
00026429,15,2026,1149617,50484001030,3,N, , ,N,N,N
00026429,15,2026,2464832,50632000102,6,N, , ,N,N,N
00026429,15,2026,830463,50632001001,6,N, , ,Y,N,N
00026429,15,2026,1812951,50632001502,3,N, , ,N,N,N
00026429,15,2026,762602,50632001602,3,N, , ,N,N,N
00026429,15,2026,2707132,50632001802,6,N, , ,N,N,N
00026429,15,2026,1099288,50742011201,2,N, , ,Y,N,N
00026429,15,2026,1099300,50742011301,2,N, , ,Y,N,N
00026429,15,2026,1099304,50742011401,2,N, , ,Y,N,N
00026429,15,2026,1099316,50742011501,2,N, , ,Y,N,N
00026429,15,2026,1099292,50742011601,2,N, , ,Y,N,N
00026429,15,2026,1099296,50742011750,2,N, , ,Y,N,N
00026429,15,2026,353538,50742017601,1,N, , ,N,N,N
00026429,15,2026,200220,50742019390,5,N, , ,N,N,N
00026429,15,2026,562524,50742023301,2,N, , ,N,N,N
00026429,15,2026,997010,50742023830,2,N, , ,Y,N,N
00026429,15,2026,830861,50742024890,2,N, , ,N,N,N
00026429,15,2026,830845,50742024990,2,N, , ,N,N,N
00026429,15,2026,830837,50742025090,2,N, , ,N,N,N
00026429,15,2026,830801,50742025190,2,N, , ,N,N,N
00026429,15,2026,1812011,50742026001,2,N, , ,N,N,N
00026429,15,2026,1812013,50742026101,2,N, , ,N,N,N
00026429,15,2026,1812015,50742026201,2,N, , ,N,N,N
00026429,15,2026,198153,50742026301,2,N, , ,N,N,N
00026429,15,2026,142113,50742035401,5,N, , ,N,N,N
00026429,15,2026,1649485,50742036260,4,N, , ,N,N,N
00026429,15,2026,1649493,50742036360,4,N, , ,N,N,N
00026429,15,2026,349472,50742036630,5,N, , ,Y,N,N
00026429,15,2026,899690,50742051530,5,N, , ,N,N,N
00026429,15,2026,899705,50742051830,5,N, , ,N,N,N
00026429,15,2026,866427,50742061510,1,N, , ,N,N,N
00026429,15,2026,866436,50742061610,1,N, , ,N,N,N
00026429,15,2026,198034,50742062001,2,N, , ,N,N,N
00026429,15,2026,198035,50742062101,2,N, , ,N,N,N
00026429,15,2026,198036,50742062201,2,N, , ,N,N,N
00026429,15,2026,199147,50742062360,2,N, , ,N,N,N
00026429,15,2026,1193341,50881000560,5,N, , ,Y,N,N
00026429,15,2026,2570757,50881000705,5,N, , ,N,N,N
00026429,15,2026,1193337,50881001060,5,N, , ,Y,N,N
00026429,15,2026,1193345,50881001560,5,N, , ,Y,N,N
00026429,15,2026,1193349,50881002060,5,N, , ,Y,N,N
00026429,15,2026,1193353,50881002560,5,N, , ,Y,N,N
00026429,15,2026,2359344,50881002601,5,N, , ,N,N,N
00026429,15,2026,2359348,50881002701,5,N, , ,N,N,N
00026429,15,2026,2359340,50881002801,5,N, , ,N,N,N
00026429,15,2026,2361300,51144000160,5,N, , ,Y,N,N
00026429,15,2026,2361296,51144000212,5,N, , ,Y,N,N
00026429,15,2026,2557216,51167010602,5,N, , ,Y,N,N
00026429,15,2026,2174390,51167011301,5,N, , ,Y,N,N
00026429,15,2026,2701444,51167012101,5,N, , ,Y,N,N
00026429,15,2026,2611460,51167012201,5,Y,120,30,Y,N,N
00026429,15,2026,2701450,51167013501,5,N, , ,Y,N,N
00026429,15,2026,1243052,51167020001,5,Y,60,30,Y,N,N
00026429,15,2026,1606866,51167030001,5,Y,60,30,Y,N,N
00026429,15,2026,2257013,51167033101,5,N, , ,Y,N,N
00026429,15,2026,1606870,51167040001,5,Y,60,30,Y,N,N
00026429,15,2026,2635022,51167044501,5,N, , ,Y,N,N
00026429,15,2026,2635026,51167044601,5,N, , ,Y,N,N
00026429,15,2026,2053519,51167050002,5,Y,120,30,Y,N,N
00026429,15,2026,2166401,51167060001,5,Y,60,30,Y,N,N
00026429,15,2026,1999389,51167066101,5,N, , ,Y,N,N
00026429,15,2026,1812470,51167070002,5,Y,120,30,Y,N,N
00026429,15,2026,2636789,51167077001,5,Y,60,30,Y,N,N
00026429,15,2026,2636793,51167078501,5,Y,60,30,Y,N,N
00026429,15,2026,1655934,51167080901,5,Y,120,30,Y,N,N
00026429,15,2026,2053512,51167090001,5,Y,120,30,Y,N,N
00026429,15,2026,284592,51285036601,2,N, , ,N,N,N
00026429,15,2026,284594,51285036701,2,N, , ,N,N,N
00026429,15,2026,284593,51285036801,2,N, , ,N,N,N
00026429,15,2026,284595,51285036901,2,N, , ,N,N,N
00026429,15,2026,861495,51672125803,2,N, , ,N,N,N
00026429,15,2026,861448,51672125903,2,N, , ,N,N,N
00026429,15,2026,103457,51672126403,2,N, , ,N,N,N
00026429,15,2026,1085728,51672126705,2,N, , ,N,N,N
00026429,15,2026,197574,51672127003,2,N, , ,N,N,N
00026429,15,2026,238920,51672127406,2,N, , ,N,N,N
00026429,15,2026,309367,51672127502,4,N, , ,N,N,N
00026429,15,2026,310362,51672127901,2,N, , ,N,N,N
00026429,15,2026,204135,51672128101,2,N, , ,N,N,N
00026429,15,2026,1370754,51672129001,2,N, , ,N,N,N
00026429,15,2026,1370750,51672129203,2,N, , ,N,N,N
00026429,15,2026,861434,51672129403,2,N, , ,N,N,N
00026429,15,2026,966607,51672129503,4,N, , ,N,N,N
00026429,15,2026,1992281,51672129703,2,N, , ,N,N,N
00026429,15,2026,313226,51672130406,2,N, , ,N,N,N
00026429,15,2026,855474,51672130601,2,N, , ,N,N,N
00026429,15,2026,848208,51672130903,2,N, , ,N,N,N
00026429,15,2026,848176,51672131003,2,N, , ,N,N,N
00026429,15,2026,855480,51672131601,2,N, , ,N,N,N
00026429,15,2026,309289,51672131802,2,N, , ,N,N,N
00026429,15,2026,848178,51672134004,2,N, , ,N,N,N
00026429,15,2026,861505,51672135004,2,N, , ,N,N,N
00026429,15,2026,1191307,51672135708,2,N, , ,N,N,N
00026429,15,2026,857700,51672135802,4,N, , ,N,N,N
00026429,15,2026,829539,51672136403,2,N, , ,N,N,N
00026429,15,2026,1191310,51672136504,2,N, , ,N,N,N
00026429,15,2026,313200,51672137302,2,N, , ,N,N,N
00026429,15,2026,722111,51672137706,2,N, , ,N,N,N
00026429,15,2026,103456,51672138603,2,N, , ,N,N,N
00026429,15,2026,833461,51672140204,4,N, , ,N,N,N
00026429,15,2026,106302,51672140709,2,N, , ,N,N,N
00026429,15,2026,313786,51672300701,2,N, , ,N,N,N
00026429,15,2026,198045,51672400101,2,N, , ,Y,N,N
00026429,15,2026,317136,51672400201,2,N, , ,Y,N,N
00026429,15,2026,198047,51672400401,2,N, , ,Y,N,N
00026429,15,2026,308979,51672400501,2,N, , ,N,N,N
00026429,15,2026,197686,51672401801,2,N, , ,N,N,N
00026429,15,2026,858813,51672403803,1,N, , ,N,N,N
00026429,15,2026,858810,51672404003,1,N, , ,N,N,N
00026429,15,2026,308973,51672404101,2,N, , ,N,N,N
00026429,15,2026,197465,51672404201,2,N, , ,N,N,N
00026429,15,2026,197464,51672404401,2,N, , ,N,N,N
00026429,15,2026,197442,51672405001,4,N, , ,N,N,N
00026429,15,2026,1370767,51672406104,2,N, , ,N,N,N
00026429,15,2026,310379,51672406201,2,N, , ,N,N,N
00026429,15,2026,310380,51672406301,2,N, , ,N,N,N
00026429,15,2026,1313112,51672406902,2,N, , ,N,N,N
00026429,15,2026,1370770,51672407401,2,N, , ,N,N,N
00026429,15,2026,197572,51672407904,2,N, , ,N,N,N
00026429,15,2026,1370758,51672408301,2,N, , ,N,N,N
00026429,15,2026,855671,51672411103,2,N, , ,N,N,N
00026429,15,2026,311679,51672411606,2,N, , ,N,N,N
00026429,15,2026,105583,51672411806,2,N, , ,N,N,N
00026429,15,2026,199378,51672412301,2,N, , ,N,N,N
00026429,15,2026,402505,51672412401,2,N, , ,N,N,N
00026429,15,2026,402506,51672412501,2,N, , ,N,N,N
00026429,15,2026,1313885,51672414601,2,N, , ,N,N,N
00026429,15,2026,1001689,51672417005,2,N, , ,N,N,N
00026429,15,2026,310285,51672417201,4,N, , ,N,N,N
00026429,15,2026,389242,51672419601,5,N, , ,N,N,N
00026429,15,2026,204119,51672529404,2,N, , ,N,N,N
00026429,15,2026,2287905,51759020210,4,N, , ,Y,N,N
00026429,15,2026,2056700,51759020410,4,N, , ,Y,N,N
00026429,15,2026,2636050,51759030510,5,N, , ,N,N,N
00026429,15,2026,2636052,51759041010,5,N, , ,N,N,N
00026429,15,2026,2636039,51759052010,5,N, , ,N,N,N
00026429,15,2026,2636042,51759063010,5,N, , ,N,N,N
00026429,15,2026,2636044,51759074010,5,N, , ,N,N,N
00026429,15,2026,2636046,51759085010,5,N, , ,N,N,N
00026429,15,2026,2636048,51759096010,5,N, , ,N,N,N
00026429,15,2026,644304,51862068201,5,N, , ,N,N,N
00026429,15,2026,810000,51991034806,2,N, , ,N,N,N
00026429,15,2026,809987,51991034906,2,N, , ,N,N,N
00026429,15,2026,859981,51991035860,2,N, , ,Y,N,N
00026429,15,2026,859975,51991036060,2,N, , ,Y,N,N
00026429,15,2026,310599,51991073520,2,N, , ,Y,N,N
00026429,15,2026,200064,51991075933,2,N, , ,N,N,N
00026429,15,2026,856535,51991081701,2,N, , ,N,N,N
00026429,15,2026,856569,51991081801,2,N, , ,N,N,N
00026429,15,2026,856460,51991081901,2,N, , ,N,N,N
00026429,15,2026,856481,51991082001,2,N, , ,N,N,N
00026429,15,2026,351257,51991087833,2,N, , ,N,N,N
00026429,15,2026,313498,51991094401,2,N, , ,Y,N,N
00026429,15,2026,313499,51991094501,2,N, , ,Y,N,N
00026429,15,2026,313496,51991094601,2,N, , ,Y,N,N
00026429,15,2026,198070,51991097401,5,N, , ,N,N,N
00026429,15,2026,1111110,52015008001,5,N, , ,N,N,N
00026429,15,2026,2279847,52015070022,5,N, , ,N,N,N
00026429,15,2026,844591,52244030010,2,N, , ,N,N,N
00026429,15,2026,404539,52276040001,5,N, , ,N,N,N
00026429,15,2026,2605950,52427063230,4,N, , ,N,N,N
00026429,15,2026,2591786,52427069130,4,N, , ,N,N,N
00026429,15,2026,310155,52536018003,2,N, , ,N,N,N
00026429,15,2026,1921598,52652200106,4,N, , ,N,N,N
00026429,15,2026,2606788,52652800101,4,N, , ,N,N,N
00026429,15,2026,1495316,52709150103,3,N, , ,N,N,N
00026429,15,2026,1998631,52709170103,4,N, , ,N,N,N
00026429,15,2026,328176,52817011710,4,N, , ,N,N,N
00026429,15,2026,430902,52817031910,2,N, , ,N,N,N
00026429,15,2026,828320,52817033010,2,N, , ,Y,N,N
00026429,15,2026,828348,52817033200,2,N, , ,Y,N,N
00026429,15,2026,197445,52817039210,2,N, , ,N,N,N
00026429,15,2026,1369831,52817060138,5,N, , ,N,N,N
00026429,15,2026,855856,52817072005,5,N, , ,N,N,N
00026429,15,2026,197305,52817081615,2,N, , ,N,N,N
00026429,15,2026,2723071,52856020103,5,N, , ,N,N,N
00026429,15,2026,2723067,52856030103,5,N, , ,N,N,N
00026429,15,2026,1649405,53489011802,2,N, , ,N,N,N
00026429,15,2026,852920,53489014101,2,N, , ,N,N,N
00026429,15,2026,198224,53489014401,2,N, , ,N,N,N
00026429,15,2026,283535,53489064701,2,N, , ,N,N,N
00026429,15,2026,403975,53746024830,4,N, , ,N,N,N
00026429,15,2026,259306,53746024930,5,N, , ,N,N,N
00026429,15,2026,313096,53746051105,1,N, , ,N,N,N
00026429,15,2026,198223,53746051401,1,N, , ,N,N,N
00026429,15,2026,198222,53746051501,1,N, , ,N,N,N
00026429,15,2026,198150,53746054401,2,N, , ,N,N,N
00026429,15,2026,96304,53746054501,2,N, , ,N,N,N
00026429,15,2026,836395,53746061701,2,Y,240,30,N,N,N
00026429,15,2026,998689,53746066901,2,N, , ,N,N,N
00026429,15,2026,998685,53746067001,2,N, , ,N,N,N
00026429,15,2026,404742,54092017112,2,N, , ,N,N,N
00026429,15,2026,308977,54092017212,2,N, , ,N,N,N
00026429,15,2026,313931,54092017312,2,N, , ,N,N,N
00026429,15,2026,206791,54092018981,3,N, , ,N,N,N
00026429,15,2026,580286,54092019112,3,N, , ,N,N,N
00026429,15,2026,1313785,54482002002,5,N, , ,Y,N,N
00026429,15,2026,207588,54482005401,5,N, , ,Y,N,N
00026429,15,2026,213510,54766009306,5,N, , ,N,N,N
00026429,15,2026,995241,54838050280,2,N, , ,N,N,N
00026429,15,2026,863599,54838051080,2,N, , ,N,N,N
00026429,15,2026,1000054,54838051240,2,N, , ,N,N,N
00026429,15,2026,485496,54838057059,2,N, , ,N,N,N
00026429,15,2026,311787,55111011230,2,N, , ,N,N,N
00026429,15,2026,313990,55111015001,2,N, , ,N,N,N
00026429,15,2026,198051,55111015810,2,N, , ,N,N,N
00026429,15,2026,200034,55111016330,2,N, , ,N,N,N
00026429,15,2026,312077,55111016730,2,N, , ,N,N,N
00026429,15,2026,313412,55111017915,2,N, , ,N,N,N
00026429,15,2026,313413,55111018015,2,N, , ,N,N,N
00026429,15,2026,904458,55111022990,1,N, , ,N,N,N
00026429,15,2026,904467,55111023090,1,N, , ,N,N,N
00026429,15,2026,314286,55111025660,2,N, , ,N,N,N
00026429,15,2026,313776,55111025760,2,N, , ,N,N,N
00026429,15,2026,313777,55111025860,2,N, , ,N,N,N
00026429,15,2026,313778,55111025960,2,N, , ,N,N,N
00026429,15,2026,313995,55111028448,2,N, , ,N,N,N
00026429,15,2026,199245,55111032001,1,N, , ,N,Y,N
00026429,15,2026,199246,55111032101,1,N, , ,N,Y,N
00026429,15,2026,1146690,55111041930,2,N, , ,N,N,N
00026429,15,2026,866419,55111046901,1,N, , ,N,N,N
00026429,15,2026,349208,55111065301,2,N, , ,Y,N,N
00026429,15,2026,360110,55111065401,4,N, , ,Y,N,N
00026429,15,2026,799055,55111065930,2,N, , ,N,N,N
00026429,15,2026,799056,55111066130,2,N, , ,N,N,N
00026429,15,2026,799054,55111066230,2,N, , ,N,N,N
00026429,15,2026,206913,55111068305,2,N, , ,N,N,N
00026429,15,2026,206917,55111068405,2,N, , ,N,N,N
00026429,15,2026,1657151,55111069312,2,N, , ,N,N,N
00026429,15,2026,900156,55111072030,2,N, , ,N,N,N
00026429,15,2026,848582,55111072730,2,N, , ,N,N,N
00026429,15,2026,824959,55111072830,2,N, , ,N,N,N
00026429,15,2026,1721475,55150011310,2,N, , ,N,N,N
00026429,15,2026,1721476,55150011420,2,N, , ,N,N,N
00026429,15,2026,1659592,55150011620,2,N, , ,N,N,N
00026429,15,2026,1721458,55150012215,2,N, , ,N,N,N
00026429,15,2026,1734932,55150015410,2,N, , ,N,N,N
00026429,15,2026,313165,55150017301,2,N, , ,N,N,N
00026429,15,2026,1722934,55150020720,2,N, , ,N,N,N
00026429,15,2026,1722939,55150020830,2,N, , ,N,N,N
00026429,15,2026,581531,55150022810,4,N, , ,N,N,N
00026429,15,2026,861360,55150023010,2,N, , ,N,N,N
00026429,15,2026,1000126,55150032901,2,N, , ,N,N,N
00026429,15,2026,967385,55150036501,5,N, , ,N,N,N
00026429,15,2026,1364114,55292013160,5,Y,60,30,N,N,N
00026429,15,2026,1364118,55292013260,5,Y,60,30,N,N,N
00026429,15,2026,1364122,55292013360,5,Y,60,30,N,N,N
00026429,15,2026,207949,55292020111,5,N, , ,N,N,N
00026429,15,2026,352046,55513000404,4,N, , ,N,N,N
00026429,15,2026,352047,55513000504,5,N, , ,N,N,N
00026429,15,2026,1654955,55513000601,5,N, , ,N,N,N
00026429,15,2026,731250,55513002304,5,N, , ,N,N,N
00026429,15,2026,730046,55513002504,5,N, , ,N,N,N
00026429,15,2026,731231,55513002704,5,N, , ,N,N,N
00026429,15,2026,731235,55513002801,5,N, , ,N,N,N
00026429,15,2026,731241,55513003201,5,N, , ,N,N,N
00026429,15,2026,731229,55513011101,5,N, , ,N,N,N
00026429,15,2026,1492746,55513013760,5,N, , ,Y,N,N
00026429,15,2026,1605455,55513036955,5,N, , ,Y,N,N
00026429,15,2026,2663904,55513039901,3,N, , ,N,N,N
00026429,15,2026,2634479,55513041301,3,N, , ,N,N,N
00026429,15,2026,2663907,55513047902,3,N, , ,N,N,N
00026429,15,2026,2663915,55513048102,3,N, , ,N,N,N
00026429,15,2026,2663910,55513048202,3,N, , ,N,N,N
00026429,15,2026,2550725,55513048824,5,N, , ,Y,N,N
00026429,15,2026,1492742,55513049760,5,N, , ,Y,N,N
00026429,15,2026,2628242,55513050450,5,N, , ,Y,N,N
00026429,15,2026,2682430,55513050855,5,N, , ,Y,N,N
00026429,15,2026,2687207,55513051260,5,N, , ,Y,N,N
00026429,15,2026,858125,55566830301,4,N, , ,N,N,N
00026429,15,2026,858127,55566840301,5,N, , ,N,N,N
00026429,15,2026,197701,57237000330,2,N, , ,N,N,N
00026429,15,2026,197699,57237000511,2,N, , ,N,N,N
00026429,15,2026,283407,57237001206,2,N, , ,N,N,N
00026429,15,2026,308192,57237002801,2,N, , ,N,N,N
00026429,15,2026,834061,57237004001,2,N, , ,N,N,N
00026429,15,2026,834102,57237004105,2,N, , ,N,N,N
00026429,15,2026,310436,57237004960,2,N, , ,N,N,N
00026429,15,2026,310437,57237005060,2,N, , ,N,N,N
00026429,15,2026,579148,57237005160,2,N, , ,N,N,N
00026429,15,2026,312087,57237007810,2,N, , ,Y,N,N
00026429,15,2026,866514,57237010199,1,N, , ,N,N,N
00026429,15,2026,866511,57237010299,1,N, , ,N,N,N
00026429,15,2026,861132,57237011490,2,N, , ,N,N,N
00026429,15,2026,310352,57237014935,2,N, , ,N,N,N
00026429,15,2026,310353,57237015035,2,N, , ,N,N,N
00026429,15,2026,200257,57237015701,2,N, , ,N,N,N
00026429,15,2026,200256,57237015801,2,N, , ,N,N,N
00026429,15,2026,200258,57237015901,2,N, , ,N,N,N
00026429,15,2026,1662285,57664068357,2,N, , ,N,N,N
00026429,15,2026,2645250,57894005060,5,N, , ,Y,N,N
00026429,15,2026,1654079,57894006002,5,N, , ,Y,N,Y
00026429,15,2026,853354,57894006003,5,N, , ,Y,N,Y
00026429,15,2026,853356,57894006103,5,N, , ,Y,N,Y
00026429,15,2026,2691162,57894008060,5,N, , ,Y,N,N
00026429,15,2026,2645253,57894010060,5,N, , ,Y,N,N
00026429,15,2026,2691166,57894024030,5,N, , ,Y,N,N
00026429,15,2026,853350,57894044001,5,N, , ,Y,N,Y
00026429,15,2026,1654077,57894044003,5,N, , ,Y,N,Y
00026429,15,2026,853355,57894044101,5,N, , ,Y,N,Y
00026429,15,2026,1928689,57894064001,5,N, , ,Y,N,N
00026429,15,2026,2118741,57894064011,5,N, , ,Y,N,N
00026429,15,2026,2693095,57894065102,5,N, , ,Y,N,N
00026429,15,2026,2711638,57894065104,5,N, , ,Y,N,N
00026429,15,2026,2693097,57894065122,5,N, , ,Y,N,N
00026429,15,2026,2611540,57962000712,5,N, , ,N,N,Y
00026429,15,2026,2000019,57962001428,5,N, , ,N,N,Y
00026429,15,2026,1994362,57962007028,5,N, , ,N,N,Y
00026429,15,2026,1442992,57962014009,5,N, , ,N,N,Y
00026429,15,2026,2000023,57962028028,5,N, , ,N,N,Y
00026429,15,2026,2000027,57962042028,5,N, , ,N,N,Y
00026429,15,2026,1539248,57970010001,5,N, , ,N,N,N
00026429,15,2026,855673,58151011001,2,N, , ,N,N,N
00026429,15,2026,855871,58151011801,2,N, , ,N,N,N
00026429,15,2026,1300810,58160072615,6,N, , ,N,N,N
00026429,15,2026,2627825,58160074002,4,N, , ,N,N,N
00026429,15,2026,2705467,58160075715,6,N, , ,N,N,N
00026429,15,2026,1300384,58160081052,6,N, , ,N,N,N
00026429,15,2026,829989,58160081152,6,N, , ,N,N,N
00026429,15,2026,830557,58160081252,6,N, , ,N,N,N
00026429,15,2026,803371,58160081552,6,N, , ,N,N,N
00026429,15,2026,798430,58160082052,6,N, , ,Y,N,N
00026429,15,2026,1658157,58160082101,6,N, , ,Y,N,N
00026429,15,2026,798428,58160082152,6,N, , ,Y,N,N
00026429,15,2026,1986830,58160082311,6,N, , ,N,N,N
00026429,15,2026,2603514,58160082415,6,N, , ,N,N,N
00026429,15,2026,798482,58160082552,6,N, , ,N,N,N
00026429,15,2026,798479,58160082652,6,N, , ,N,N,N
00026429,15,2026,1300378,58160084211,6,N, , ,N,N,N
00026429,15,2026,1300370,58160084252,6,N, , ,N,N,N
00026429,15,2026,2636599,58160084811,6,N, , ,N,N,N
00026429,15,2026,2719778,58160084952,6,N, , ,N,N,N
00026429,15,2026,901518,58160095509,6,N, , ,N,N,N
00026429,15,2026,1601407,58160097620,6,N, , ,N,N,N
00026429,15,2026,809159,58406001004,5,N, , ,Y,N,Y
00026429,15,2026,802652,58406002104,5,N, , ,Y,N,Y
00026429,15,2026,1653225,58406003204,5,N, , ,Y,N,Y
00026429,15,2026,2182340,58406004404,5,N, , ,Y,N,Y
00026429,15,2026,2392142,58406005504,5,N, , ,Y,N,Y
00026429,15,2026,1547231,58468022001,5,N, , ,N,N,N
00026429,15,2026,2110618,58468022501,5,N, , ,N,N,N
00026429,15,2026,1114074,58468782003,5,N, , ,N,N,N
00026429,15,2026,1114096,58468784003,5,N, , ,N,N,N
00026429,15,2026,896766,58657060401,2,N, , ,N,N,N
00026429,15,2026,2642344,59088090754,2,N, , ,Y,N,N
00026429,15,2026,1544404,59137050504,3,N, , ,N,N,N
00026429,15,2026,1544383,59137051004,3,N, , ,N,N,N
00026429,15,2026,1544386,59137051504,3,N, , ,N,N,N
00026429,15,2026,1544388,59137052004,3,N, , ,N,N,N
00026429,15,2026,1544390,59137052504,3,N, , ,N,N,N
00026429,15,2026,1544394,59137053004,3,N, , ,N,N,N
00026429,15,2026,1544396,59137053504,3,N, , ,N,N,N
00026429,15,2026,1544398,59137054004,3,N, , ,N,N,N
00026429,15,2026,1544402,59137055004,3,N, , ,N,N,N
00026429,15,2026,1659818,59148001871,5,N, , ,N,N,N
00026429,15,2026,1659814,59148001971,5,N, , ,N,N,N
00026429,15,2026,1658325,59148003513,5,N, , ,Y,N,N
00026429,15,2026,1658329,59148003613,5,N, , ,Y,N,N
00026429,15,2026,1658333,59148003713,5,N, , ,Y,N,N
00026429,15,2026,1658337,59148003813,5,N, , ,Y,N,N
00026429,15,2026,1658341,59148003913,5,N, , ,Y,N,N
00026429,15,2026,1658345,59148004013,5,N, , ,Y,N,N
00026429,15,2026,1602604,59148004580,5,N, , ,N,N,N
00026429,15,2026,1040058,59148005316,5,N, , ,Y,N,N
00026429,15,2026,1602607,59148007280,5,N, , ,N,N,N
00026429,15,2026,2636640,59148010280,5,N, , ,N,N,N
00026429,15,2026,2636646,59148011480,5,N, , ,N,N,N
00026429,15,2026,213502,59212060122,5,N, , ,N,N,N
00026429,15,2026,1716079,59385002160,4,Y,60,30,N,N,N
00026429,15,2026,1716063,59385002260,4,Y,60,30,N,N,N
00026429,15,2026,1716067,59385002360,4,Y,60,30,N,N,N
00026429,15,2026,1716071,59385002460,4,Y,60,30,N,N,N
00026429,15,2026,1716075,59385002560,4,Y,60,30,N,N,N
00026429,15,2026,1716083,59385002660,5,Y,60,30,N,N,N
00026429,15,2026,1716090,59385002760,5,Y,60,30,N,N,N
00026429,15,2026,2540709,59467067901,4,N, , ,N,N,N
00026429,15,2026,213360,59572020514,5,N, , ,N,N,N
00026429,15,2026,404449,59572021015,5,N, , ,N,N,N
00026429,15,2026,1940376,59572070530,5,N, , ,Y,N,N
00026429,15,2026,1940372,59572071030,5,N, , ,Y,N,N
00026429,15,2026,2197501,59572072012,5,N, , ,Y,N,N
00026429,15,2026,2396770,59572073007,5,N, , ,Y,N,N
00026429,15,2026,2396774,59572074007,5,N, , ,Y,N,N
00026429,15,2026,727816,59627022205,5,Y,4,28,Y,N,N
00026429,15,2026,1650901,59627033304,5,Y,4,28,Y,N,N
00026429,15,2026,1098141,59651001890,2,N, , ,N,N,N
00026429,15,2026,617322,59651002601,2,N, , ,N,N,N
00026429,15,2026,826612,59651009530,2,N, , ,N,N,N
00026429,15,2026,809477,59651009630,2,N, , ,N,N,N
00026429,15,2026,359493,59651010469,2,N, , ,N,N,N
00026429,15,2026,359494,59651010569,2,N, , ,N,N,N
00026429,15,2026,260260,59651014601,2,N, , ,N,N,N
00026429,15,2026,1000048,59651017301,2,N, , ,N,N,N
00026429,15,2026,1000070,59651017401,2,N, , ,N,N,N
00026429,15,2026,1000076,59651017501,2,N, , ,N,N,N
00026429,15,2026,1000058,59651017701,2,N, , ,N,N,N
00026429,15,2026,1369718,59651019421,5,N, , ,Y,N,N
00026429,15,2026,1369726,59651019521,5,N, , ,Y,N,N
00026429,15,2026,1369730,59651019621,5,N, , ,Y,N,N
00026429,15,2026,1369734,59651019721,5,N, , ,Y,N,N
00026429,15,2026,198007,59651025101,2,N, , ,N,N,N
00026429,15,2026,198008,59651025201,2,N, , ,N,N,N
00026429,15,2026,861424,59651025601,2,N, , ,N,N,N
00026429,15,2026,861427,59651025701,2,N, , ,N,N,N
00026429,15,2026,861430,59651025801,2,N, , ,N,N,N
00026429,15,2026,198240,59651029960,2,N, , ,N,N,N
00026429,15,2026,313195,59651030030,2,N, , ,N,N,N
00026429,15,2026,197787,59651041350,2,N, , ,N,N,N
00026429,15,2026,197782,59651041401,2,N, , ,N,N,N
00026429,15,2026,197783,59651041501,2,N, , ,N,N,N
00026429,15,2026,198142,59651049101,4,N, , ,N,N,N
00026429,15,2026,198006,59651058901,2,N, , ,N,N,N
00026429,15,2026,153098,59651059901,5,N, , ,Y,N,N
00026429,15,2026,1870954,59651060030,5,N, , ,Y,N,N
00026429,15,2026,153880,59651060130,5,N, , ,Y,N,N
00026429,15,2026,1870958,59651060230,5,N, , ,Y,N,N
00026429,15,2026,1648759,59651079501,2,N, , ,N,N,N
00026429,15,2026,883826,59651083930,2,Y,30,30,N,N,N
00026429,15,2026,2123137,59676003056,5,N, , ,N,N,N
00026429,15,2026,2123141,59676004056,5,N, , ,N,N,N
00026429,15,2026,2123145,59676005028,5,N, , ,N,N,N
00026429,15,2026,1102277,59676027801,5,N, , ,N,N,N
00026429,15,2026,2678248,59676028090,5,N, , ,N,N,N
00026429,15,2026,205918,59676030201,3,N, , ,N,N,N
00026429,15,2026,205922,59676030301,3,N, , ,N,N,N
00026429,15,2026,205924,59676030401,3,N, , ,N,N,N
00026429,15,2026,1721690,59676031001,3,N, , ,N,N,N
00026429,15,2026,212219,59676032004,5,N, , ,N,N,N
00026429,15,2026,213475,59676034001,5,N, , ,N,N,N
00026429,15,2026,831870,59676056301,3,N, , ,N,N,N
00026429,15,2026,850457,59676056401,5,N, , ,N,N,N
00026429,15,2026,1236632,59676056501,5,N, , ,N,N,N
00026429,15,2026,1250723,59676057201,3,N, , ,N,N,N
00026429,15,2026,1600710,59676057530,5,N, , ,N,N,N
00026429,15,2026,2710426,59676057830,5,N, , ,N,N,N
00026429,15,2026,1999587,59676060012,5,N, , ,Y,N,N
00026429,15,2026,2630217,59676060430,5,N, , ,Y,N,N
00026429,15,2026,1364515,59676070101,5,N, , ,N,N,N
00026429,15,2026,2373941,59676070260,5,N, , ,N,N,N
00026429,15,2026,2049677,59676080030,5,N, , ,N,N,N
00026429,15,2026,403825,59746001032,4,N, , ,N,N,N
00026429,15,2026,401953,59746002022,4,N, , ,N,N,N
00026429,15,2026,401954,59746003022,4,N, , ,N,N,N
00026429,15,2026,616698,59746004022,4,N, , ,N,N,N
00026429,15,2026,616705,59746005022,4,N, , ,N,N,N
00026429,15,2026,312635,59746011306,2,N, , ,N,N,N
00026429,15,2026,198365,59746011506,2,N, , ,N,N,N
00026429,15,2026,313215,59746038306,1,N, , ,N,N,N
00026429,15,2026,313217,59746038406,1,N, , ,N,N,N
00026429,15,2026,313219,59746038506,1,N, , ,N,N,N
00026429,15,2026,260376,59746038606,1,N, , ,N,N,N
00026429,15,2026,313142,59762010405,2,N, , ,N,N,N
00026429,15,2026,312347,59762011901,2,N, , ,N,N,N
00026429,15,2026,1048450,59762026001,2,N, , ,N,N,N
00026429,15,2026,198200,59762135001,2,N, , ,N,N,N
00026429,15,2026,197519,59762374401,2,N, , ,N,N,N
00026429,15,2026,309337,59762500901,2,N, , ,N,N,N
00026429,15,2026,861402,60219150201,5,N, , ,N,N,N
00026429,15,2026,310377,60219158503,2,N, , ,N,N,N
00026429,15,2026,754761,60219172107,2,N, , ,N,N,N
00026429,15,2026,1052658,60219172206,2,N, , ,N,N,N
00026429,15,2026,1190655,60219174903,2,N, , ,N,N,N
00026429,15,2026,1308428,60219227902,5,N, , ,Y,N,N
00026429,15,2026,1308430,60219228002,5,N, , ,Y,N,N
00026429,15,2026,1308432,60219228102,5,N, , ,Y,N,N
00026429,15,2026,831215,60505001406,2,N, , ,N,N,N
00026429,15,2026,831252,60505001506,2,N, , ,N,N,N
00026429,15,2026,831285,60505001606,2,N, , ,N,N,N
00026429,15,2026,312301,60505003306,2,N, , ,N,N,N
00026429,15,2026,859186,60505005501,2,N, , ,N,N,N
00026429,15,2026,1923426,60505008000,2,N, , ,N,N,N
00026429,15,2026,1923424,60505008100,2,N, , ,N,N,N
00026429,15,2026,904589,60505008200,2,N, , ,N,N,N
00026429,15,2026,197625,60505009300,1,N, , ,N,N,N
00026429,15,2026,197626,60505009400,1,N, , ,N,N,N
00026429,15,2026,197627,60505009500,1,N, , ,N,N,N
00026429,15,2026,197628,60505009600,1,N, , ,N,N,N
00026429,15,2026,199390,60505010201,2,N, , ,N,N,N
00026429,15,2026,197553,60505013300,2,N, , ,Y,N,N
00026429,15,2026,328160,60505013400,2,N, , ,Y,N,N
00026429,15,2026,310490,60505014101,1,N, , ,N,N,N
00026429,15,2026,310488,60505014201,1,N, , ,N,N,N
00026429,15,2026,993687,60505015701,2,N, , ,N,N,N
00026429,15,2026,993691,60505015801,2,N, , ,N,N,N
00026429,15,2026,1923422,60505015900,2,N, , ,N,N,N
00026429,15,2026,903887,60505016401,2,N, , ,N,N,N
00026429,15,2026,903884,60505016601,2,N, , ,N,N,N
00026429,15,2026,904475,60505017007,1,N, , ,N,N,N
00026429,15,2026,849515,60505025701,2,N, , ,N,N,N
00026429,15,2026,312075,60505056000,2,N, , ,N,N,N
00026429,15,2026,860805,60505057804,4,N, , ,N,N,N
00026429,15,2026,308739,60505058304,2,N, , ,N,N,N
00026429,15,2026,313919,60505082306,2,N, , ,N,N,N
00026429,15,2026,1797907,60505082901,2,N, , ,N,N,N
00026429,15,2026,1797865,60505083001,2,N, , ,N,N,N
00026429,15,2026,1797867,60505083305,2,N, , ,N,N,N
00026429,15,2026,904481,60505132305,1,N, , ,N,N,N
00026429,15,2026,205284,60505250201,2,N, , ,N,N,N
00026429,15,2026,205285,60505250301,2,N, , ,N,N,N
00026429,15,2026,617312,60505257808,1,N, , ,N,N,N
00026429,15,2026,617310,60505257908,1,N, , ,N,N,N
00026429,15,2026,617311,60505258008,1,N, , ,N,N,N
00026429,15,2026,310812,60505265605,1,N, , ,N,N,N
00026429,15,2026,310818,60505265705,1,N, , ,N,N,N
00026429,15,2026,259255,60505267108,1,N, , ,N,N,N
00026429,15,2026,388311,60505280507,2,N, , ,N,N,N
00026429,15,2026,200133,60505280607,2,N, , ,N,N,N
00026429,15,2026,200131,60505280707,2,N, , ,N,N,N
00026429,15,2026,905024,60505316500,2,N, , ,N,N,N
00026429,15,2026,205328,60505325006,2,N, , ,N,N,N
00026429,15,2026,859193,60505343803,2,N, , ,N,N,N
00026429,15,2026,643105,60505362806,2,N, , ,Y,N,N
00026429,15,2026,643107,60505362906,2,N, , ,Y,N,N
00026429,15,2026,643109,60505363006,2,N, , ,Y,N,N
00026429,15,2026,799047,60505363103,2,N, , ,Y,N,N
00026429,15,2026,997653,60505380102,5,N, , ,Y,N,N
00026429,15,2026,746606,60505380202,5,N, , ,Y,N,N
00026429,15,2026,2002717,60505380307,5,N, , ,Y,N,N
00026429,15,2026,1045406,60505381603,2,N, , ,Y,N,N
00026429,15,2026,1045402,60505381703,2,N, , ,Y,N,N
00026429,15,2026,205323,60505384901,2,N, , ,N,N,N
00026429,15,2026,862006,60505392701,2,N, , ,N,N,N
00026429,15,2026,862019,60505392901,2,N, , ,N,N,N
00026429,15,2026,862025,60505393001,2,N, , ,N,N,N
00026429,15,2026,1723476,60505434906,2,N, , ,N,N,N
00026429,15,2026,835894,60505463003,2,N, , ,Y,N,N
00026429,15,2026,855818,60505464203,2,N, , ,N,N,N
00026429,15,2026,867502,60505477907,5,N, , ,Y,N,N
00026429,15,2026,1665050,60505614205,2,N, , ,N,N,N
00026429,15,2026,313920,60505614304,2,N, , ,N,N,N
00026429,15,2026,1665093,60505614604,2,N, , ,N,N,N
00026429,15,2026,1665088,60505614704,2,N, , ,N,N,N
00026429,15,2026,1665021,60505614804,2,N, , ,N,N,N
00026429,15,2026,1665046,60505614904,2,N, , ,N,N,N
00026429,15,2026,309090,60505615005,2,N, , ,N,N,N
00026429,15,2026,1665005,60505615201,2,N, , ,N,N,N
00026429,15,2026,1659131,60505615604,2,N, , ,N,N,N
00026429,15,2026,1659137,60505615704,2,N, , ,N,N,N
00026429,15,2026,1659149,60505615904,2,N, , ,N,N,N
00026429,15,2026,996740,60505616205,2,N, , ,N,N,N
00026429,15,2026,1734683,60505619604,2,N, , ,N,N,N
00026429,15,2026,403920,60505622904,5,N, , ,N,N,N
00026429,15,2026,312447,60505626200,2,N, , ,N,N,N
00026429,15,2026,892589,60687092740,2,Y,700,30,N,N,N
00026429,15,2026,860103,60758077305,2,N, , ,N,N,N
00026429,15,2026,731541,60793060010,4,N, , ,N,N,N
00026429,15,2026,836307,60793060210,4,N, , ,N,N,N
00026429,15,2026,731566,60793070010,3,N, , ,N,N,N
00026429,15,2026,731568,60793070110,4,N, , ,N,N,N
00026429,15,2026,731571,60793070210,3,N, , ,N,N,N
00026429,15,2026,1991329,60842002102,2,N, , ,N,N,N
00026429,15,2026,1305268,60842002202,2,N, , ,N,N,N
00026429,15,2026,1305269,60842002302,2,N, , ,N,N,N
00026429,15,2026,313477,61314004475,2,N, , ,N,N,N
00026429,15,2026,860107,61314012605,2,N, , ,N,N,N
00026429,15,2026,2715393,61314022894,5,N, , ,Y,N,N
00026429,15,2026,831109,61314023710,2,N, , ,N,N,N
00026429,15,2026,308720,61314024501,2,N, , ,N,N,N
00026429,15,2026,1605071,61314031810,5,N, , ,N,N,N
00026429,15,2026,1605075,61314032610,5,N, , ,N,N,N
00026429,15,2026,314072,61314054701,1,N, , ,N,N,N
00026429,15,2026,244967,61314062810,2,N, , ,N,N,N
00026429,15,2026,310467,61314063305,2,N, , ,N,N,N
00026429,15,2026,204874,61314064175,2,N, , ,N,N,N
00026429,15,2026,309307,61314065605,2,N, , ,N,N,N
00026429,15,2026,308345,61314066505,2,N, , ,N,N,N
00026429,15,2026,309045,61442017130,2,N, , ,N,N,N
00026429,15,2026,197449,61442017230,2,N, , ,N,N,N
00026429,15,2026,1946772,61703035038,2,N, , ,N,N,N
00026429,15,2026,1653792,61874007560,5,N, , ,N,N,N
00026429,15,2026,1719766,61874010060,5,N, , ,N,N,N
00026429,15,2026,1667666,61874011530,5,N, , ,Y,N,N
00026429,15,2026,1667670,61874013030,5,N, , ,Y,N,N
00026429,15,2026,1667674,61874014530,5,N, , ,Y,N,N
00026429,15,2026,1667678,61874016030,5,N, , ,Y,N,N
00026429,15,2026,2729794,61874025030,5,N, , ,Y,N,N
00026429,15,2026,2729798,61874027530,5,N, , ,Y,N,N
00026429,15,2026,1243346,61958040301,5,N, , ,N,N,N
00026429,15,2026,1243326,61958040401,5,N, , ,N,N,N
00026429,15,2026,1243330,61958040501,5,N, , ,N,N,N
00026429,15,2026,1243229,61958040601,5,N, , ,N,N,N
00026429,15,2026,616148,61958060201,3,N, , ,N,N,N
00026429,15,2026,901614,61958090101,5,N, , ,Y,N,N
00026429,15,2026,1306298,61958120101,5,N, , ,N,N,N
00026429,15,2026,1551999,61958140101,3,N, , ,N,N,N
00026429,15,2026,1484922,61958150101,5,Y,30,30,Y,N,N
00026429,15,2026,2203893,61958150301,5,Y,30,30,Y,N,N
00026429,15,2026,2203999,61958150401,5,Y,30,30,Y,N,N
00026429,15,2026,2204092,61958150501,5,Y,30,30,Y,N,N
00026429,15,2026,1544471,61958170101,5,N, , ,Y,N,N
00026429,15,2026,1544475,61958170201,5,N, , ,Y,N,N
00026429,15,2026,1591949,61958180101,5,Y,30,30,Y,N,N
00026429,15,2026,2203897,61958180301,5,Y,30,30,Y,N,N
00026429,15,2026,2204104,61958180401,5,Y,30,30,Y,N,N
00026429,15,2026,2204102,61958180501,5,Y,30,30,Y,N,N
00026429,15,2026,1721619,61958190101,5,N, , ,N,N,N
00026429,15,2026,1747697,61958200201,5,N, , ,N,N,N
00026429,15,2026,2590643,61958200501,5,N, , ,N,N,N
00026429,15,2026,1741739,61958210101,5,N, , ,N,N,N
00026429,15,2026,1799218,61958220101,5,N, , ,Y,N,N
00026429,15,2026,2288816,61958220301,5,N, , ,Y,N,N
00026429,15,2026,2584201,61958220401,5,N, , ,Y,N,N
00026429,15,2026,2584199,61958220501,5,N, , ,Y,N,N
00026429,15,2026,1858267,61958230101,5,N, , ,N,N,N
00026429,15,2026,1939335,61958240101,5,N, , ,Y,N,N
00026429,15,2026,1999673,61958250101,5,N, , ,N,N,N
00026429,15,2026,2584356,61958250501,5,N, , ,N,N,N
00026429,15,2026,2625898,61958300101,5,N, , ,N,N,N
00026429,15,2026,2625900,61958300102,5,N, , ,N,N,N
00026429,15,2026,2625896,61958300103,5,N, , ,N,N,N
00026429,15,2026,2690881,61958330102,5,N, , ,N,N,N
00026429,15,2026,831226,62037059790,2,N, , ,N,N,N
00026429,15,2026,831255,62037059805,2,N, , ,N,N,N
00026429,15,2026,831309,62037059990,2,N, , ,N,N,N
00026429,15,2026,831338,62037060090,2,N, , ,N,N,N
00026429,15,2026,1044591,62064024130,5,N, , ,N,N,N
00026429,15,2026,2719316,62064038104,5,N, , ,N,N,N
00026429,15,2026,283077,62135025047,2,N, , ,N,N,N
00026429,15,2026,312614,62135033041,2,N, , ,N,N,N
00026429,15,2026,197624,62135043230,4,N, , ,N,N,N
00026429,15,2026,212787,62135080937,2,N, , ,N,N,N
00026429,15,2026,544455,62135089247,2,N, , ,N,N,N
00026429,15,2026,1738803,62175047032,2,N, , ,Y,N,N
00026429,15,2026,1738805,62175047132,2,N, , ,Y,N,N
00026429,15,2026,1738807,62175047232,2,N, , ,Y,N,N
00026429,15,2026,199055,62332001850,2,N, , ,N,N,N
00026429,15,2026,317769,62332002531,2,N, , ,N,N,N
00026429,15,2026,314241,62332002631,2,N, , ,N,N,N
00026429,15,2026,314208,62332003231,2,N, , ,N,N,N
00026429,15,2026,643019,62332010330,4,N, , ,N,N,N
00026429,15,2026,205322,62332014131,2,N, , ,N,N,N
00026429,15,2026,834235,62332019030,2,N, , ,N,N,N
00026429,15,2026,597770,62332032530,2,N, , ,N,N,N
00026429,15,2026,1431235,62332049630,2,N, , ,N,N,N
00026429,15,2026,1040041,62332049730,2,N, , ,N,N,N
00026429,15,2026,578018,62332050817,2,N, , ,N,N,N
00026429,15,2026,1606337,62332054460,2,N, , ,Y,N,N
00026429,15,2026,2696079,62484001505,5,N, , ,Y,N,N
00026429,15,2026,311982,62559017331,5,N, , ,Y,N,N
00026429,15,2026,104884,62559019016,2,N, , ,N,N,N
00026429,15,2026,2593376,62559020403,5,N, , ,N,N,N
00026429,15,2026,197939,62559024001,2,N, , ,N,N,N
00026429,15,2026,197940,62559024101,2,N, , ,N,N,N
00026429,15,2026,197684,62559025001,2,N, , ,N,N,N
00026429,15,2026,197685,62559025101,2,N, , ,N,N,N
00026429,15,2026,886662,62559038001,2,N, , ,N,N,N
00026429,15,2026,886666,62559038101,2,N, , ,N,N,N
00026429,15,2026,886671,62559038201,2,N, , ,N,N,N
00026429,15,2026,310891,62559043130,2,N, , ,N,N,N
00026429,15,2026,197815,62559051001,1,N, , ,N,N,N
00026429,15,2026,197816,62559051101,1,N, , ,N,N,N
00026429,15,2026,198358,62559073001,2,N, , ,N,N,N
00026429,15,2026,198359,62559073101,2,N, , ,N,N,N
00026429,15,2026,2000134,62559083055,2,N, , ,N,N,N
00026429,15,2026,2584475,62559086015,5,N, , ,Y,N,N
00026429,15,2026,2707578,62559086111,5,N, , ,Y,N,N
00026429,15,2026,2707580,62559086135,5,N, , ,Y,N,N
00026429,15,2026,312137,62756018488,2,N, , ,N,N,N
00026429,15,2026,312138,62756018588,2,N, , ,N,N,N
00026429,15,2026,308989,62756045788,2,N, , ,N,N,N
00026429,15,2026,308988,62756046188,2,N, , ,N,N,N
00026429,15,2026,597772,62756057083,2,N, , ,N,N,N
00026429,15,2026,2054157,62856070430,5,N, , ,Y,N,N
00026429,15,2026,1796665,62856070830,5,N, , ,Y,N,N
00026429,15,2026,1604384,62856071030,5,N, , ,Y,N,N
00026429,15,2026,2054159,62856071230,5,N, , ,Y,N,N
00026429,15,2026,1604350,62856071430,5,N, , ,Y,N,N
00026429,15,2026,1792393,62856071830,5,N, , ,Y,N,N
00026429,15,2026,1604395,62856072030,5,N, , ,Y,N,N
00026429,15,2026,1604352,62856072430,5,N, , ,Y,N,N
00026429,15,2026,825335,62935022305,4,N, , ,N,N,N
00026429,15,2026,825333,62935030330,4,N, , ,N,N,N
00026429,15,2026,825325,62935046150,4,N, , ,N,N,N
00026429,15,2026,825334,62935075375,4,N, , ,N,N,N
00026429,15,2026,212118,63010001030,5,N, , ,N,N,N
00026429,15,2026,542370,63010002770,5,N, , ,N,N,N
00026429,15,2026,1988768,63020009030,5,N, , ,Y,N,N
00026429,15,2026,1921228,63020011330,5,N, , ,Y,N,N
00026429,15,2026,1988772,63020018030,5,N, , ,Y,N,N
00026429,15,2026,1988786,63020019830,5,N, , ,Y,N,N
00026429,15,2026,2670190,63020021021,5,N, , ,N,N,N
00026429,15,2026,2670198,63020022521,5,N, , ,N,N,N
00026429,15,2026,1723763,63020023002,5,N, , ,Y,N,N
00026429,15,2026,1723767,63020039002,5,N, , ,Y,N,N
00026429,15,2026,1723772,63020040002,5,N, , ,Y,N,N
00026429,15,2026,1726639,63020053330,5,N, , ,Y,N,N
00026429,15,2026,1364362,63020053430,5,N, , ,Y,N,N
00026429,15,2026,1364358,63020053530,5,N, , ,Y,N,N
00026429,15,2026,2473042,63020053630,5,N, , ,Y,N,N
00026429,15,2026,2049271,63090010030,5,N, , ,Y,N,N
00026429,15,2026,2049278,63090034030,5,N, , ,Y,N,N
00026429,15,2026,2632863,63090066001,5,N, , ,Y,N,N
00026429,15,2026,476362,63304008913,2,N, , ,N,N,N
00026429,15,2026,616279,63304009127,5,N, , ,Y,N,N
00026429,15,2026,616285,63304009227,5,N, , ,Y,N,N
00026429,15,2026,1541890,63304009327,5,N, , ,Y,N,N
00026429,15,2026,616289,63304009427,5,N, , ,Y,N,N
00026429,15,2026,197518,63304069205,2,N, , ,N,N,N
00026429,15,2026,284215,63304069301,2,N, , ,N,N,N
00026429,15,2026,544840,63323013011,2,N, , ,N,N,N
00026429,15,2026,865129,63323028110,2,N, , ,N,N,N
00026429,15,2026,1807513,63323028420,2,N, , ,N,N,N
00026429,15,2026,313416,63323030502,2,N, , ,N,N,N
00026429,15,2026,597823,63323030602,2,N, , ,N,N,N
00026429,15,2026,239209,63323031461,2,N, , ,N,N,N
00026429,15,2026,1726214,63323032225,2,N, , ,N,N,N
00026429,15,2026,1721460,63323032820,2,N, , ,N,N,N
00026429,15,2026,1726204,63323034925,2,N, , ,N,N,N
00026429,15,2026,312069,63323037601,2,N, , ,N,N,N
00026429,15,2026,312070,63323037701,5,N, , ,N,N,N
00026429,15,2026,312071,63323037905,5,N, , ,N,N,N
00026429,15,2026,1722919,63323038510,2,N, , ,N,N,N
00026429,15,2026,1722921,63323038620,2,N, , ,N,N,N
00026429,15,2026,1664981,63323040120,2,N, , ,N,N,N
00026429,15,2026,859867,63323046905,2,N, , ,N,N,N
00026429,15,2026,204416,63323047410,2,N, , ,N,N,N
00026429,15,2026,309783,63323066910,2,N, , ,N,N,N
00026429,15,2026,637551,63323068610,2,N, , ,N,N,N
00026429,15,2026,237367,63323068810,2,N, , ,N,N,N
00026429,15,2026,307719,63323069030,2,N, , ,Y,N,N
00026429,15,2026,1795252,63323086904,2,N, , ,N,N,N
00026429,15,2026,1795346,63323087074,2,N, , ,N,N,N
00026429,15,2026,204520,63323096730,2,N, , ,N,N,N
00026429,15,2026,1442681,63459091017,3,N, , ,N,N,N
00026429,15,2026,1442683,63459091217,3,N, , ,N,N,N
00026429,15,2026,2101459,63459091859,3,N, , ,N,N,N
00026429,15,2026,867381,63833082502,5,N, , ,N,N,N
00026429,15,2026,1926823,63833082802,5,N, , ,N,N,N
00026429,15,2026,1926827,63833082902,5,N, , ,N,N,N
00026429,15,2026,2717182,63833092501,5,N, , ,N,N,N
00026429,15,2026,835564,64125013401,2,N, , ,Y,N,N
00026429,15,2026,835568,64125013501,2,N, , ,Y,N,N
00026429,15,2026,1809513,64208823407,5,N, , ,N,N,N
00026429,15,2026,860215,64380015801,2,N, , ,N,N,N
00026429,15,2026,860221,64380015901,2,N, , ,N,N,N
00026429,15,2026,860225,64380016001,2,N, , ,N,N,N
00026429,15,2026,349491,64380071104,2,N, , ,N,N,N
00026429,15,2026,200060,64380072506,2,N, , ,Y,N,N
00026429,15,2026,1812434,64380075216,5,N, , ,N,N,N
00026429,15,2026,200132,64380075806,2,N, , ,N,N,N
00026429,15,2026,577208,64380076111,2,N, , ,N,N,N
00026429,15,2026,801054,64380076921,2,N, , ,N,N,N
00026429,15,2026,198145,64380078408,1,N, , ,N,N,N
00026429,15,2026,866111,64380078706,1,N, , ,N,N,N
00026429,15,2026,197807,64380080707,2,N, , ,N,N,N
00026429,15,2026,197806,64380080807,2,N, , ,N,N,N
00026429,15,2026,197853,64380082706,2,N, , ,N,N,N
00026429,15,2026,197303,64380083306,2,N, , ,N,N,N
00026429,15,2026,197304,64380083406,2,N, , ,N,N,N
00026429,15,2026,312529,64380086006,2,N, , ,N,N,N
00026429,15,2026,861375,64380088080,2,N, , ,N,N,N
00026429,15,2026,2261794,64406002003,5,N, , ,Y,N,N
00026429,15,2026,2669916,64406002901,5,N, , ,Y,N,N
00026429,15,2026,2669920,64406003002,5,N, , ,Y,N,N
00026429,15,2026,2669924,64406003101,5,N, , ,Y,N,N
00026429,15,2026,2631942,64406025090,5,N, , ,Y,N,N
00026429,15,2026,2667342,64764010821,5,N, , ,Y,N,N
00026429,15,2026,1790892,64764072030,4,N, , ,Y,N,N
00026429,15,2026,1790886,64764073030,4,N, , ,Y,N,N
00026429,15,2026,1790890,64764075030,4,N, , ,Y,N,N
00026429,15,2026,2586079,64764080028,5,N, , ,N,N,N
00026429,15,2026,2628204,64842012004,5,N, , ,N,N,N
00026429,15,2026,2628206,64842012005,5,N, , ,N,N,N
00026429,15,2026,2628208,64842012006,5,N, , ,N,N,N
00026429,15,2026,2384465,64842072709,5,N, , ,Y,N,N
00026429,15,2026,1670324,64842102003,5,N, , ,Y,N,N
00026429,15,2026,1670322,64842102501,5,N, , ,Y,N,N
00026429,15,2026,856940,64950034316,2,Y,2700,30,N,N,N
00026429,15,2026,993755,64950037416,2,Y,5000,30,N,N,N
00026429,15,2026,1117531,64980017750,2,N, , ,N,N,N
00026429,15,2026,1116758,64980017802,2,N, , ,N,N,N
00026429,15,2026,730834,64980020612,5,N, , ,Y,N,N
00026429,15,2026,310489,64980027903,1,N, , ,N,N,N
00026429,15,2026,314006,64980028005,1,N, , ,N,N,N
00026429,15,2026,315107,64980028101,1,N, , ,N,N,N
00026429,15,2026,198076,64980029001,2,N, , ,N,N,N
00026429,15,2026,198077,64980029101,2,N, , ,N,N,N
00026429,15,2026,198075,64980029301,2,N, , ,N,N,N
00026429,15,2026,1440936,64980032430,2,N, , ,N,N,N
00026429,15,2026,244374,64980032802,2,N, , ,N,N,N
00026429,15,2026,1191299,64980032920,2,N, , ,N,N,N
00026429,15,2026,904419,64980034001,1,N, , ,N,N,N
00026429,15,2026,309077,64980040310,2,N, , ,N,N,N
00026429,15,2026,313428,64980040403,5,N, , ,Y,N,N
00026429,15,2026,242680,64980040524,2,N, , ,N,N,N
00026429,15,2026,861064,64980040906,2,N, , ,N,N,N
00026429,15,2026,477234,64980042602,2,N, , ,N,N,N
00026429,15,2026,197380,64980043710,1,N, , ,N,N,N
00026429,15,2026,197381,64980043810,1,N, , ,N,N,N
00026429,15,2026,197379,64980043910,1,N, , ,N,N,N
00026429,15,2026,866021,64980050448,2,N, , ,N,N,N
00026429,15,2026,1923428,64980051305,1,N, , ,N,N,N
00026429,15,2026,1992303,64980051405,1,N, , ,N,N,N
00026429,15,2026,427163,64980052621,5,N, , ,N,N,N
00026429,15,2026,1490065,65162005703,2,N, , ,N,N,N
00026429,15,2026,313123,65162006205,4,N, , ,N,N,N
00026429,15,2026,348506,65162008774,5,N, , ,N,N,N
00026429,15,2026,310432,65162010350,2,N, , ,N,N,N
00026429,15,2026,198013,65162018810,2,N, , ,N,N,N
00026429,15,2026,198012,65162018910,2,N, , ,N,N,N
00026429,15,2026,1797113,65162022621,2,N, , ,N,N,N
00026429,15,2026,995666,65162044210,2,N, , ,N,N,N
00026429,15,2026,2266506,65162046935,2,N, , ,N,N,N
00026429,15,2026,905341,65162055410,2,N, , ,N,N,N
00026429,15,2026,905347,65162055548,2,N, , ,N,N,N
00026429,15,2026,857336,65162057110,2,N, , ,N,N,N
00026429,15,2026,857321,65162057210,2,N, , ,N,N,N
00026429,15,2026,857328,65162057310,2,N, , ,N,N,N
00026429,15,2026,857340,65162057410,2,N, , ,N,N,N
00026429,15,2026,835603,65162062711,2,Y,240,30,N,N,N
00026429,15,2026,283536,65162064978,2,N, , ,N,N,N
00026429,15,2026,199387,65162067384,2,N, , ,N,N,N
00026429,15,2026,351285,65162070588,2,N, , ,N,N,N
00026429,15,2026,197745,65162071110,2,N, , ,N,N,N
00026429,15,2026,197746,65162071310,2,N, , ,N,N,N
00026429,15,2026,1099563,65162075550,2,N, , ,N,N,N
00026429,15,2026,1099569,65162075750,2,N, , ,N,N,N
00026429,15,2026,1244214,65162077810,2,N, , ,N,N,N
00026429,15,2026,1745091,65162079108,2,N, , ,Y,N,N
00026429,15,2026,348719,65162091446,5,N, , ,Y,N,N
00026429,15,2026,2110774,65162098908,2,N, , ,N,N,N
00026429,15,2026,2110777,65162099208,2,N, , ,N,N,N
00026429,15,2026,2110780,65162099308,2,N, , ,N,N,N
00026429,15,2026,2110783,65162099508,2,N, , ,N,N,N
00026429,15,2026,2110786,65162099708,2,N, , ,N,N,N
00026429,15,2026,615107,65219011810,2,N, , ,N,N,N
00026429,15,2026,615111,65219011910,2,N, , ,N,N,N
00026429,15,2026,630796,65219014210,2,N, , ,N,N,N
00026429,15,2026,1863605,65219014410,2,N, , ,N,N,N
00026429,15,2026,615099,65219014610,2,N, , ,N,N,N
00026429,15,2026,615100,65219014810,2,N, , ,N,N,N
00026429,15,2026,351209,65219019030,5,N, , ,N,N,N
00026429,15,2026,1795609,65219046450,2,N, , ,N,N,N
00026429,15,2026,1799706,65219053325,2,N, , ,N,N,N
00026429,15,2026,2686050,65219059601,5,N, , ,Y,N,N
00026429,15,2026,2686057,65219059810,5,N, , ,Y,N,N
00026429,15,2026,2717549,65219067001,5,N, , ,Y,N,N
00026429,15,2026,2717555,65219067201,5,N, , ,Y,N,N
00026429,15,2026,2626399,65597040720,5,N, , ,N,N,N
00026429,15,2026,2643060,65597050428,5,N, , ,N,N,N
00026429,15,2026,2643064,65597051128,5,N, , ,N,N,N
00026429,15,2026,1873765,65649000330,4,N, , ,Y,N,N
00026429,15,2026,539789,65649030103,4,N, , ,N,N,N
00026429,15,2026,856666,65649030302,5,N, , ,N,N,N
00026429,15,2026,979115,65649055102,5,N, , ,N,N,N
00026429,15,2026,1244062,65649055103,5,N, , ,N,N,N
00026429,15,2026,637216,65757030001,5,N, , ,N,N,N
00026429,15,2026,1673274,65757040103,5,N, , ,N,N,N
00026429,15,2026,1673278,65757040203,5,N, , ,N,N,N
00026429,15,2026,1673280,65757040303,5,N, , ,N,N,N
00026429,15,2026,1925264,65757040403,5,N, , ,N,N,N
00026429,15,2026,2049343,65757050003,5,N, , ,N,N,N
00026429,15,2026,2570398,65757065142,5,N, , ,N,N,N
00026429,15,2026,2570401,65757065242,5,N, , ,N,N,N
00026429,15,2026,2570404,65757065342,5,N, , ,N,N,N
00026429,15,2026,2570407,65757065442,5,N, , ,N,N,N
00026429,15,2026,861010,65862000905,1,N, , ,N,N,N
00026429,15,2026,312940,65862001105,1,N, , ,N,N,N
00026429,15,2026,312941,65862001205,1,N, , ,N,N,N
00026429,15,2026,312938,65862001305,1,N, , ,N,N,N
00026429,15,2026,308194,65862001501,2,N, , ,N,N,N
00026429,15,2026,308182,65862001605,2,N, , ,N,N,N
00026429,15,2026,283406,65862002106,2,N, , ,N,N,N
00026429,15,2026,283485,65862002306,2,N, , ,N,N,N
00026429,15,2026,756209,65862004824,2,N, , ,N,N,N
00026429,15,2026,312962,65862005090,1,N, , ,N,N,N
00026429,15,2026,311943,65862005724,2,N, , ,N,N,N
00026429,15,2026,313222,65862007930,2,N, , ,N,N,N
00026429,15,2026,309076,65862009520,2,N, , ,N,N,N
00026429,15,2026,309078,65862009620,2,N, , ,N,N,N
00026429,15,2026,198352,65862010701,2,N, , ,N,N,N
00026429,15,2026,315223,65862014636,2,N, , ,N,N,N
00026429,15,2026,313161,65862014736,2,N, , ,N,N,N
00026429,15,2026,313160,65862014836,2,N, , ,N,N,N
00026429,15,2026,854876,65862015901,2,Y,30,30,N,N,N
00026429,15,2026,854873,65862016001,2,Y,30,30,N,N,N
00026429,15,2026,198052,65862018730,2,N, , ,Y,N,N
00026429,15,2026,312086,65862018830,2,N, , ,Y,N,N
00026429,15,2026,979485,65862020199,1,N, , ,N,N,N
00026429,15,2026,979492,65862020299,1,N, , ,N,N,N
00026429,15,2026,979480,65862020399,1,N, , ,N,N,N
00026429,15,2026,248109,65862020768,2,N, , ,N,N,N
00026429,15,2026,309054,65862021801,2,N, , ,N,N,N
00026429,15,2026,476576,65862021960,2,N, , ,N,N,N
00026429,15,2026,197517,65862022660,2,N, , ,N,N,N
00026429,15,2026,312817,65862029084,2,N, , ,N,N,N
00026429,15,2026,310386,65862030612,2,N, , ,N,N,N
00026429,15,2026,904431,65862032904,1,N, , ,N,N,N
00026429,15,2026,309362,65862035705,1,N, , ,N,N,N
00026429,15,2026,198334,65862041901,2,N, , ,N,N,N
00026429,15,2026,198335,65862042005,2,N, , ,N,N,N
00026429,15,2026,198188,65862047501,2,N, , ,N,N,N
00026429,15,2026,198189,65862047605,2,N, , ,N,N,N
00026429,15,2026,261962,65862047705,2,N, , ,N,N,N
00026429,15,2026,313134,65862049647,2,N, , ,N,N,N
00026429,15,2026,617296,65862050220,2,N, , ,N,N,N
00026429,15,2026,562508,65862050320,2,N, , ,N,N,N
00026429,15,2026,313583,65862052790,2,N, , ,N,N,N
00026429,15,2026,313585,65862052890,2,N, , ,N,N,N
00026429,15,2026,617430,65862053401,2,N, , ,N,N,N
00026429,15,2026,199884,65862053650,2,N, , ,N,N,N
00026429,15,2026,199885,65862053750,2,N, , ,N,N,N
00026429,15,2026,311296,65862053820,2,N, , ,N,N,N
00026429,15,2026,251872,65862055990,1,N, , ,N,N,N
00026429,15,2026,200224,65862057490,1,N, , ,N,N,N
00026429,15,2026,898359,65862058501,1,N, , ,N,N,N
00026429,15,2026,562266,65862059601,2,N, , ,N,N,N
00026429,15,2026,260218,65862060130,2,N, , ,Y,N,N
00026429,15,2026,314215,65862065060,2,N, , ,N,N,N
00026429,15,2026,900575,65862068730,2,N, , ,N,N,N
00026429,15,2026,313581,65862069790,2,N, , ,N,N,N
00026429,15,2026,309097,65862069960,2,N, , ,N,N,N
00026429,15,2026,309098,65862070020,2,N, , ,N,N,N
00026429,15,2026,402246,65862071160,2,N, , ,N,N,N
00026429,15,2026,402247,65862071260,2,N, , ,N,N,N
00026429,15,2026,664741,65862071330,2,N, , ,N,N,N
00026429,15,2026,833528,65862073205,1,N, , ,N,N,N
00026429,15,2026,860715,65862074430,2,N, , ,N,N,N
00026429,15,2026,860695,65862074530,2,N, , ,N,N,N
00026429,15,2026,860707,65862074630,2,N, , ,N,N,N
00026429,15,2026,309058,65862075150,2,N, , ,N,N,N
00026429,15,2026,419849,65862075250,2,N, , ,N,N,N
00026429,15,2026,992150,65862078201,2,N, , ,N,N,N
00026429,15,2026,724863,65862080530,2,N, , ,Y,N,N
00026429,15,2026,724859,65862080630,2,N, , ,Y,N,N
00026429,15,2026,724861,65862080730,2,N, , ,Y,N,N
00026429,15,2026,403818,65862084003,2,N, , ,N,N,N
00026429,15,2026,485434,65862084130,2,N, , ,N,N,N
00026429,15,2026,485436,65862084230,2,N, , ,N,N,N
00026429,15,2026,197536,65862084401,2,N, , ,N,N,N
00026429,15,2026,429212,65862084501,2,N, , ,N,N,N
00026429,15,2026,197535,65862084605,2,N, , ,N,N,N
00026429,15,2026,309374,65862084701,2,N, , ,N,N,N
00026429,15,2026,310273,65862085901,2,N, , ,N,N,N
00026429,15,2026,284245,65862086001,2,N, , ,N,N,N
00026429,15,2026,349514,65862091060,2,N, , ,N,N,N
00026429,15,2026,485440,65862096701,2,Y,30,30,N,N,N
00026429,15,2026,861960,65862099830,2,N, , ,Y,N,N
00026429,15,2026,1729053,66215060206,5,Y,60,30,Y,N,N
00026429,15,2026,1729057,66215060406,5,Y,60,30,Y,N,N
00026429,15,2026,1729061,66215060606,5,Y,60,30,Y,N,N
00026429,15,2026,1729065,66215060806,5,Y,60,30,Y,N,N
00026429,15,2026,1729013,66215061006,5,Y,60,30,Y,N,N
00026429,15,2026,1729029,66215061206,5,Y,60,30,Y,N,N
00026429,15,2026,1729033,66215061406,5,Y,60,30,Y,N,N
00026429,15,2026,1729047,66215061606,5,Y,60,30,Y,N,N
00026429,15,2026,1729076,66215062820,5,Y,200,30,Y,N,N
00026429,15,2026,2677771,66215081230,5,N, , ,Y,N,N
00026429,15,2026,2677775,66215081430,5,N, , ,Y,N,N
00026429,15,2026,2602770,66302061002,5,N, , ,N,N,N
00026429,15,2026,2602754,66302061603,5,N, , ,N,N,N
00026429,15,2026,2602758,66302063203,5,N, , ,N,N,N
00026429,15,2026,2602762,66302064803,5,N, , ,N,N,N
00026429,15,2026,2602766,66302066403,5,N, , ,N,N,N
00026429,15,2026,727714,66658023407,5,N, , ,Y,N,N
00026429,15,2026,314230,66689034702,2,N, , ,Y,N,N
00026429,15,2026,213307,66758007138,3,N, , ,N,N,N
00026429,15,2026,2123076,66993001968,2,Y,36,30,N,N,N
00026429,15,2026,1736045,66993010060,4,N, , ,N,N,N
00026429,15,2026,1736048,66993010160,4,N, , ,N,N,N
00026429,15,2026,1011736,66993014130,2,N, , ,N,N,N
00026429,15,2026,1011739,66993014230,2,N, , ,N,N,N
00026429,15,2026,1000153,66993037179,2,N, , ,N,N,N
00026429,15,2026,1488574,66993045630,3,N, , ,N,N,Y
00026429,15,2026,1488569,66993045730,3,N, , ,N,N,Y
00026429,15,2026,198313,66993083102,2,N, , ,N,N,N
00026429,15,2026,198312,66993083202,2,N, , ,N,N,N
00026429,15,2026,351156,67457032325,2,N, , ,N,N,N
00026429,15,2026,859824,67457035959,2,N, , ,N,N,N
00026429,15,2026,1719803,67457040913,2,N, , ,N,N,N
00026429,15,2026,1719862,67457041013,2,N, , ,N,N,N
00026429,15,2026,312821,67457044560,2,N, , ,N,N,N
00026429,15,2026,861363,67457058304,5,N, , ,N,N,N
00026429,15,2026,861365,67457058406,5,N, , ,N,N,N
00026429,15,2026,861356,67457058508,5,N, , ,N,N,N
00026429,15,2026,106351,67877012450,2,N, , ,N,N,N
00026429,15,2026,198241,67877014601,2,N, , ,N,N,N
00026429,15,2026,198242,67877014701,2,N, , ,N,N,N
00026429,15,2026,311880,67877023022,5,N, , ,Y,N,N
00026429,15,2026,312744,67877024210,2,N, , ,N,N,N
00026429,15,2026,317174,67877024601,2,N, , ,N,N,N
00026429,15,2026,312745,67877024760,2,N, , ,N,N,N
00026429,15,2026,616483,67877024801,2,N, , ,N,N,N
00026429,15,2026,616487,67877024910,2,N, , ,N,N,N
00026429,15,2026,312743,67877025001,2,N, , ,N,N,N
00026429,15,2026,636664,67877025930,2,N, , ,N,N,N
00026429,15,2026,312840,67877026118,2,N, , ,N,N,N
00026429,15,2026,314209,67877026218,2,N, , ,N,N,N
00026429,15,2026,596930,67877026410,2,N, , ,N,N,N
00026429,15,2026,199206,67877028660,2,N, , ,N,N,N
00026429,15,2026,197805,67877031905,2,N, , ,N,N,N
00026429,15,2026,860981,67877041401,1,N, , ,N,N,N
00026429,15,2026,311347,67877041920,2,N, , ,N,N,N
00026429,15,2026,602964,67877043003,2,N, , ,N,N,N
00026429,15,2026,349545,67877043203,2,N, , ,N,N,N
00026429,15,2026,349490,67877043303,2,N, , ,N,N,N
00026429,15,2026,349553,67877043403,2,N, , ,N,N,N
00026429,15,2026,349547,67877043503,2,N, , ,N,N,N
00026429,15,2026,897021,67877044460,2,N, , ,Y,N,N
00026429,15,2026,311204,67877045430,2,N, , ,N,N,N
00026429,15,2026,898715,67877045747,2,Y,900,30,N,N,N
00026429,15,2026,349556,67877049005,1,N, , ,N,N,N
00026429,15,2026,1116635,67877049160,2,N, , ,N,N,N
00026429,15,2026,866910,67877050651,2,N, , ,N,N,N
00026429,15,2026,477367,67877052730,2,N, , ,N,N,N
00026429,15,2026,477372,67877052830,2,N, , ,N,N,N
00026429,15,2026,409823,67877058450,2,N, , ,N,N,N
00026429,15,2026,849833,67877063602,5,N, , ,N,N,N
00026429,15,2026,1366192,67877065861,2,N, , ,N,N,N
00026429,15,2026,1923822,67877067584,4,N, , ,N,N,N
00026429,15,2026,1923828,67877067684,5,N, , ,N,N,N
00026429,15,2026,1923826,67877067784,5,N, , ,N,N,N
00026429,15,2026,197499,67877069601,2,N, , ,N,N,N
00026429,15,2026,993856,67877073295,4,N, , ,N,N,N
00026429,15,2026,2586427,67877083347,4,N, , ,N,N,N
00026429,15,2026,2588062,67877088271,2,N, , ,N,N,N
00026429,15,2026,1656354,67877095060,2,N, , ,N,N,N
00026429,15,2026,1597620,67919003001,5,N, , ,N,N,N
00026429,15,2026,1540868,67919004104,5,N, , ,N,N,N
00026429,15,2026,896762,68001038200,2,N, , ,N,N,N
00026429,15,2026,808751,68001049604,4,N, , ,N,N,N
00026429,15,2026,311994,68001060300,2,N, , ,N,N,N
00026429,15,2026,1648755,68001060600,2,N, , ,N,N,N
00026429,15,2026,854252,68001063942,2,N, , ,N,N,N
00026429,15,2026,2046376,68135005890,5,N, , ,Y,N,N
00026429,15,2026,2046380,68135067345,5,N, , ,Y,N,N
00026429,15,2026,2046370,68135075620,5,N, , ,Y,N,N
00026429,15,2026,807832,68180011707,2,N, , ,N,N,N
00026429,15,2026,846378,68180011807,2,N, , ,N,N,N
00026429,15,2026,309112,68180012101,2,N, , ,N,N,N
00026429,15,2026,310274,68180015001,2,N, , ,N,N,N
00026429,15,2026,309049,68180018001,2,N, , ,N,N,N
00026429,15,2026,979468,68180021509,1,N, , ,N,N,N
00026429,15,2026,979464,68180021609,1,N, , ,N,N,N
00026429,15,2026,979471,68180021709,1,N, , ,N,N,N
00026429,15,2026,995599,68180028001,2,N, , ,N,N,N
00026429,15,2026,995607,68180028101,2,N, , ,N,N,N
00026429,15,2026,1482507,68180029006,4,N, , ,N,N,N
00026429,15,2026,1482515,68180029106,4,N, , ,N,N,N
00026429,15,2026,1482521,68180029207,4,N, , ,N,N,N
00026429,15,2026,1482525,68180029306,4,N, , ,N,N,N
00026429,15,2026,616402,68180029706,4,N, , ,N,N,N
00026429,15,2026,835572,68180031406,2,N, , ,Y,N,N
00026429,15,2026,835591,68180031506,2,N, , ,Y,N,N
00026429,15,2026,835589,68180031606,2,N, , ,Y,N,N
00026429,15,2026,835577,68180031706,2,N, , ,Y,N,N
00026429,15,2026,1989081,68180034013,5,N, , ,N,N,N
00026429,15,2026,670026,68180034507,2,N, , ,N,N,N
00026429,15,2026,1359269,68180034606,2,N, , ,N,N,N
00026429,15,2026,686379,68180039507,2,N, , ,N,N,N
00026429,15,2026,309110,68180044001,2,N, , ,N,N,N
00026429,15,2026,309113,68180044101,2,N, , ,N,N,N
00026429,15,2026,898356,68180045901,1,N, , ,N,N,N
00026429,15,2026,200345,68180046509,1,N, , ,N,N,N
00026429,15,2026,197903,68180046707,1,N, , ,N,N,N
00026429,15,2026,197904,68180046803,1,N, , ,N,N,N
00026429,15,2026,898342,68180047201,1,N, , ,N,N,N
00026429,15,2026,898346,68180047301,1,N, , ,N,N,N
00026429,15,2026,311353,68180051202,1,N, , ,N,N,N
00026429,15,2026,311354,68180051303,1,N, , ,N,N,N
00026429,15,2026,197885,68180051802,1,N, , ,N,N,N
00026429,15,2026,197886,68180051902,1,N, , ,N,N,N
00026429,15,2026,197887,68180052002,1,N, , ,N,N,N
00026429,15,2026,1650030,68180065701,2,N, , ,N,N,N
00026429,15,2026,198201,68180065806,2,N, , ,N,N,N
00026429,15,2026,198202,68180065907,2,N, , ,N,N,N
00026429,15,2026,728109,68180067511,2,N, , ,N,N,N
00026429,15,2026,1115698,68180067801,2,N, , ,N,N,N
00026429,15,2026,2059015,68180070909,2,N, , ,N,N,N
00026429,15,2026,200346,68180071160,2,N, , ,N,N,N
00026429,15,2026,308135,68180072103,1,N, , ,N,N,N
00026429,15,2026,898350,68180075501,1,N, , ,N,N,N
00026429,15,2026,898353,68180075601,1,N, , ,N,N,N
00026429,15,2026,672149,68180080136,5,N, , ,Y,N,N
00026429,15,2026,477347,68180081942,4,N, , ,N,N,N
00026429,15,2026,642452,68180082046,4,N, , ,N,N,N
00026429,15,2026,602635,68180082147,4,N, , ,N,N,N
00026429,15,2026,748961,68180087673,2,N, , ,N,N,N
00026429,15,2026,1543553,68180088673,2,N, , ,N,N,N
00026429,15,2026,1597076,68180094111,2,N, , ,N,N,N
00026429,15,2026,848180,68180094702,2,N, , ,N,N,N
00026429,15,2026,892251,68180097501,1,N, , ,N,N,N
00026429,15,2026,892255,68180097601,1,N, , ,N,N,N
00026429,15,2026,314076,68180098003,1,N, , ,N,N,N
00026429,15,2026,314077,68180098103,1,N, , ,N,N,N
00026429,15,2026,205326,68180098201,1,N, , ,N,N,N
00026429,15,2026,2047646,68308076950,4,N, , ,N,N,N
00026429,15,2026,1738511,68382000105,1,N, , ,Y,N,N
00026429,15,2026,197388,68382000301,2,N, , ,Y,N,N
00026429,15,2026,205316,68382000414,2,N, , ,N,N,N
00026429,15,2026,205315,68382000514,2,N, , ,N,N,N
00026429,15,2026,992438,68382004001,2,N, , ,N,N,N
00026429,15,2026,992447,68382004101,2,N, , ,N,N,N
00026429,15,2026,314035,68382008001,2,N, , ,N,N,N
00026429,15,2026,197754,68382008101,2,N, , ,N,N,N
00026429,15,2026,686924,68382009205,1,N, , ,N,N,N
00026429,15,2026,200031,68382009305,1,N, , ,N,N,N
00026429,15,2026,200032,68382009405,1,N, , ,N,N,N
00026429,15,2026,200033,68382009505,1,N, , ,N,N,N
00026429,15,2026,1738483,68382009705,1,N, , ,Y,N,N
00026429,15,2026,1738495,68382009810,1,N, , ,Y,N,N
00026429,15,2026,1738503,68382009905,1,N, , ,Y,N,N
00026429,15,2026,1099596,68382010610,2,N, , ,N,N,N
00026429,15,2026,197412,68382011006,2,N, , ,N,N,N
00026429,15,2026,359229,68382011901,2,N, , ,Y,N,N
00026429,15,2026,359228,68382012001,2,N, , ,Y,N,N
00026429,15,2026,863669,68382013201,1,N, , ,N,N,N
00026429,15,2026,199888,68382013805,2,N, , ,N,N,N
00026429,15,2026,151226,68382013905,2,N, , ,N,N,N
00026429,15,2026,199889,68382014005,2,N, , ,N,N,N
00026429,15,2026,845488,68382014406,2,N, , ,N,N,N
00026429,15,2026,861731,68382018401,1,N, , ,N,N,N
00026429,15,2026,861736,68382018501,1,N, , ,N,N,N
00026429,15,2026,861740,68382018601,1,N, , ,N,N,N
00026429,15,2026,309952,68382018701,2,N, , ,N,N,N
00026429,15,2026,197622,68382018801,2,N, , ,N,N,N
00026429,15,2026,309955,68382018901,2,N, , ,N,N,N
00026429,15,2026,863636,68382025501,2,N, , ,N,N,N
00026429,15,2026,863619,68382025601,2,N, , ,N,N,N
00026429,15,2026,349253,68382044614,2,N, , ,N,N,N
00026429,15,2026,656659,68382044714,2,N, , ,N,N,N
00026429,15,2026,849389,68382051201,2,N, , ,N,N,N
00026429,15,2026,905158,68382052001,2,N, , ,Y,N,N
00026429,15,2026,197419,68382052701,2,N, , ,N,N,N
00026429,15,2026,1801279,68382052960,2,N, , ,N,N,N
00026429,15,2026,199376,68382053601,2,N, , ,N,N,N
00026429,15,2026,199381,68382053701,2,N, , ,N,N,N
00026429,15,2026,686429,68382071119,2,N, , ,N,N,N
00026429,15,2026,284201,68382071586,2,N, , ,N,N,N
00026429,15,2026,351134,68382071782,2,N, , ,N,N,N
00026429,15,2026,314142,68382072116,2,N, , ,N,N,N
00026429,15,2026,311919,68382072216,2,N, , ,N,N,N
00026429,15,2026,1649401,68382078201,2,N, , ,N,N,N
00026429,15,2026,856373,68382080601,1,N, , ,N,N,N
00026429,15,2026,603208,68382091306,5,N, , ,Y,N,N
00026429,15,2026,197973,68382091711,2,N, , ,N,N,N
00026429,15,2026,328161,68382091818,2,N, , ,N,N,N
00026429,15,2026,197971,68382091911,2,N, , ,N,N,N
00026429,15,2026,861512,68382099801,2,N, , ,N,N,N
00026429,15,2026,2054979,68418793906,5,N, , ,N,N,N
00026429,15,2026,2054983,68418794006,5,N, , ,N,N,N
00026429,15,2026,2055016,68418794106,5,N, , ,N,N,N
00026429,15,2026,2055014,68418794206,5,N, , ,N,N,N
00026429,15,2026,197700,68462010430,2,N, , ,N,N,N
00026429,15,2026,754508,68462011233,2,N, , ,Y,N,N
00026429,15,2026,310433,68462012605,2,N, , ,N,N,N
00026429,15,2026,310434,68462012705,2,N, , ,N,N,N
00026429,15,2026,403966,68462012801,2,N, , ,N,N,N
00026429,15,2026,403967,68462012901,2,N, , ,N,N,N
00026429,15,2026,312136,68462013701,2,N, , ,N,N,N
00026429,15,2026,104894,68462015713,2,N, , ,Y,N,N
00026429,15,2026,198014,68462019005,2,N, , ,N,N,N
00026429,15,2026,311355,68462022001,2,N, , ,N,N,N
00026429,15,2026,197891,68462022301,2,N, , ,N,N,N
00026429,15,2026,197892,68462022401,2,N, , ,N,N,N
00026429,15,2026,311265,68462022801,2,N, , ,N,N,N
00026429,15,2026,311264,68462022901,2,N, , ,N,N,N
00026429,15,2026,312847,68462025601,2,N, , ,N,N,N
00026429,15,2026,897649,68462026001,2,N, , ,N,N,N
00026429,15,2026,859747,68462026290,1,N, , ,N,N,N
00026429,15,2026,349592,68462026630,2,N, , ,N,N,N
00026429,15,2026,349594,68462026830,2,N, , ,N,N,N
00026429,15,2026,349595,68462026930,2,N, , ,N,N,N
00026429,15,2026,608143,68462027030,2,N, , ,N,N,N
00026429,15,2026,608139,68462027130,2,N, , ,N,N,N
00026429,15,2026,897659,68462029201,2,N, , ,N,N,N
00026429,15,2026,197818,68462030201,2,N, , ,N,N,N
00026429,15,2026,1000405,68462030450,2,N, , ,N,N,N
00026429,15,2026,198373,68462031065,2,N, , ,N,N,N
00026429,15,2026,855642,68462035594,4,N, , ,N,N,N
00026429,15,2026,348472,68462035601,2,N, , ,N,N,N
00026429,15,2026,313291,68462038001,2,N, , ,N,N,N
00026429,15,2026,200329,68462039710,1,N, , ,N,N,N
00026429,15,2026,864681,68462040201,2,N, , ,N,N,N
00026429,15,2026,864675,68462040467,2,N, , ,N,N,N
00026429,15,2026,259081,68462040560,2,N, , ,N,N,N
00026429,15,2026,197817,68462040601,2,N, , ,N,N,N
00026429,15,2026,1543069,68462041820,2,N, , ,N,N,N
00026429,15,2026,858751,68462047301,2,N, , ,N,N,N
00026429,15,2026,858733,68462047401,2,N, , ,N,N,N
00026429,15,2026,313921,68462050165,2,N, , ,N,N,N
00026429,15,2026,314266,68462053435,2,N, , ,N,N,N
00026429,15,2026,311877,68462056435,2,N, , ,N,N,N
00026429,15,2026,644088,68462058340,2,N, , ,Y,N,N
00026429,15,2026,403810,68462058476,2,N, , ,Y,N,N
00026429,15,2026,1041518,68462062652,2,N, , ,N,N,N
00026429,15,2026,198039,68462063945,2,N, , ,N,N,N
00026429,15,2026,198040,68462064001,2,N, , ,N,N,N
00026429,15,2026,748798,68462072029,2,N, , ,N,N,N
00026429,15,2026,748800,68462073329,2,N, , ,N,N,N
00026429,15,2026,749788,68462089404,2,N, , ,N,N,N
00026429,15,2026,1876920,68546017060,5,N, , ,Y,N,N
00026429,15,2026,1876924,68546017160,5,N, , ,Y,N,N
00026429,15,2026,1876916,68546017260,5,N, , ,Y,N,N
00026429,15,2026,2630157,68546047056,5,N, , ,Y,N,N
00026429,15,2026,2630147,68546047156,5,N, , ,Y,N,N
00026429,15,2026,2630153,68546047256,5,N, , ,Y,N,N
00026429,15,2026,2683285,68546047356,5,N, , ,Y,N,N
00026429,15,2026,2683291,68546047456,5,N, , ,Y,N,N
00026429,15,2026,2683297,68546047556,5,N, , ,Y,N,N
00026429,15,2026,2683303,68546047656,5,N, , ,Y,N,N
00026429,15,2026,2686613,68546047729,5,N, , ,Y,N,N
00026429,15,2026,2686156,68546047956,5,N, , ,Y,N,N
00026429,15,2026,562806,68682011001,4,N, , ,N,N,N
00026429,15,2026,1366550,68682030930,4,N, , ,N,N,N
00026429,15,2026,2721205,68727025001,5,N, , ,N,N,N
00026429,15,2026,1364477,68875010201,5,N, , ,Y,N,N
00026429,15,2026,2265729,68968017203,5,N, , ,Y,N,N
00026429,15,2026,2265732,68968017303,5,N, , ,Y,N,N
00026429,15,2026,2265735,68968017403,5,N, , ,Y,N,N
00026429,15,2026,1809643,68982084001,5,N, , ,N,N,N
00026429,15,2026,1664463,68992301001,4,N, , ,Y,N,N
00026429,15,2026,1664440,68992304001,5,N, , ,Y,N,N
00026429,15,2026,1664458,68992307501,4,N, , ,Y,N,N
00026429,15,2026,1495070,69051030001,5,N, , ,N,N,N
00026429,15,2026,2715459,69097003008,5,N, , ,Y,N,N
00026429,15,2026,2715469,69097003174,5,N, , ,Y,N,N
00026429,15,2026,2715473,69097003274,5,N, , ,Y,N,N
00026429,15,2026,199890,69097012503,2,N, , ,N,N,N
00026429,15,2026,2123111,69097014260,2,Y,13.40,30,N,N,N
00026429,15,2026,668956,69097016887,4,N, , ,Y,N,N
00026429,15,2026,1437702,69097017353,2,N, , ,Y,N,N
00026429,15,2026,904396,69097022316,1,N, , ,N,N,N
00026429,15,2026,349477,69097030102,2,N, , ,N,N,N
00026429,15,2026,252559,69097032187,4,N, , ,Y,N,N
00026429,15,2026,239238,69097036108,2,N, , ,N,N,N
00026429,15,2026,602393,69097036202,2,N, , ,N,N,N
00026429,15,2026,410584,69097043802,4,N, , ,N,N,N
00026429,15,2026,251201,69097045102,4,N, , ,N,N,N
00026429,15,2026,861668,69097050327,5,N, , ,N,N,N
00026429,15,2026,1437968,69097051607,2,N, , ,Y,N,N
00026429,15,2026,1437969,69097051707,2,N, , ,Y,N,N
00026429,15,2026,403875,69097064202,2,N, , ,N,N,N
00026429,15,2026,310430,69097081312,2,N, , ,N,N,N
00026429,15,2026,310459,69097082112,2,N, , ,N,N,N
00026429,15,2026,603103,69097085107,2,N, , ,N,N,N
00026429,15,2026,314285,69097086107,2,N, , ,N,N,N
00026429,15,2026,359296,69097086283,2,N, , ,N,N,N
00026429,15,2026,250820,69097096453,5,N, , ,N,N,N
00026429,15,2026,311892,69097096507,2,N, , ,N,N,N
00026429,15,2026,749206,69097096793,2,N, , ,N,N,N
00026429,15,2026,1731020,69102010501,2,N, , ,N,N,N
00026429,15,2026,751563,69102013710,2,N, , ,N,N,N
00026429,15,2026,2001506,69102015006,2,N, , ,N,N,N
00026429,15,2026,2003798,69102030001,2,N, , ,N,N,N
00026429,15,2026,2001508,69102030101,2,N, , ,N,N,N
00026429,15,2026,2003799,69102030601,2,N, , ,N,N,N
00026429,15,2026,2003797,69102031201,2,N, , ,N,N,N
00026429,15,2026,2003796,69102031901,2,N, , ,N,N,N
00026429,15,2026,2003801,69102032001,2,N, , ,N,N,N
00026429,15,2026,753451,69102035911,2,N, , ,N,N,N
00026429,15,2026,2724466,69102041801,4,N, , ,N,N,N
00026429,15,2026,751139,69102063909,2,N, , ,N,N,N
00026429,15,2026,403930,69238101703,2,N, , ,N,N,N
00026429,15,2026,1251903,69238112601,4,N, , ,N,N,N
00026429,15,2026,197844,69238117503,2,N, , ,N,N,N
00026429,15,2026,197845,69238117603,2,N, , ,N,N,N
00026429,15,2026,904880,69238120202,2,Y,4,28,N,N,N
00026429,15,2026,904870,69238120302,2,Y,4,28,N,N,N
00026429,15,2026,1432969,69238120402,2,Y,4,28,N,N,N
00026429,15,2026,904876,69238120502,2,Y,4,28,N,N,N
00026429,15,2026,312122,69238126601,2,N, , ,N,N,N
00026429,15,2026,197316,69238134401,2,N, , ,N,N,N
00026429,15,2026,197318,69238134501,2,N, , ,N,N,N
00026429,15,2026,314182,69238145802,2,N, , ,N,N,N
00026429,15,2026,312515,69238145902,2,N, , ,N,N,N
00026429,15,2026,197417,69238148901,2,N, , ,N,N,N
00026429,15,2026,197418,69238149001,2,N, , ,N,N,N
00026429,15,2026,1542997,69238150502,2,Y,4,28,N,N,N
00026429,15,2026,198250,69238152201,2,N, , ,N,N,N
00026429,15,2026,198252,69238152301,2,N, , ,N,N,N
00026429,15,2026,242446,69238161503,2,N, , ,N,N,N
00026429,15,2026,1373497,69238162603,2,Y,60,30,N,N,N
00026429,15,2026,903843,69238173102,4,N, , ,N,N,N
00026429,15,2026,861490,69238173208,2,N, , ,N,N,N
00026429,15,2026,197606,69238199201,2,N, , ,N,N,N
00026429,15,2026,309332,69238203107,2,N, , ,N,N,N
00026429,15,2026,308724,69238208806,5,N, , ,Y,N,N
00026429,15,2026,1744001,69238209203,2,N, , ,N,N,N
00026429,15,2026,1744005,69238209303,2,N, , ,N,N,N
00026429,15,2026,1744009,69238209403,2,N, , ,N,N,N
00026429,15,2026,308962,69292052801,2,N, , ,N,N,N
00026429,15,2026,197979,69292056201,2,N, , ,N,N,N
00026429,15,2026,311671,69292056401,2,N, , ,N,N,N
00026429,15,2026,1243585,69292072225,2,N, , ,N,N,N
00026429,15,2026,310429,69315011610,1,N, , ,N,N,N
00026429,15,2026,313988,69315011710,1,N, , ,N,N,N
00026429,15,2026,885219,69315013601,2,N, , ,N,N,N
00026429,15,2026,885213,69315013701,2,N, , ,N,N,N
00026429,15,2026,885209,69315013810,2,N, , ,N,N,N
00026429,15,2026,198032,69315021101,2,N, , ,N,N,N
00026429,15,2026,198033,69315021201,2,N, , ,N,N,N
00026429,15,2026,646456,69315030660,2,N, , ,N,N,N
00026429,15,2026,992395,69315033102,2,N, , ,N,N,N
00026429,15,2026,197900,69315090405,2,N, , ,N,N,N
00026429,15,2026,197901,69315090510,2,N, , ,N,N,N
00026429,15,2026,197902,69315090601,2,N, , ,N,N,N
00026429,15,2026,1190572,69315091001,2,N, , ,N,N,N
00026429,15,2026,206969,69344010233,5,N, , ,N,N,N
00026429,15,2026,1099681,69452015020,2,N, , ,N,N,N
00026429,15,2026,308867,69452020720,2,N, , ,N,N,N
00026429,15,2026,308868,69452020820,2,N, , ,N,N,N
00026429,15,2026,198037,69452020913,2,N, , ,N,N,N
00026429,15,2026,903891,69452028820,2,N, , ,N,N,N
00026429,15,2026,205324,69452034313,2,N, , ,Y,N,N
00026429,15,2026,2706378,69489013130,5,N, , ,N,N,N
00026429,15,2026,835593,69584042510,2,N, , ,Y,N,N
00026429,15,2026,2107518,69616021103,5,N, , ,Y,N,N
00026429,15,2026,1790126,69616029038,5,N, , ,Y,N,N
00026429,15,2026,1437713,69639012001,5,N, , ,N,N,N
00026429,15,2026,861232,70010003401,2,N, , ,N,N,N
00026429,15,2026,1091145,70010004201,2,Y,60,30,N,N,N
00026429,15,2026,1091225,70010004301,2,Y,90,30,N,N,N
00026429,15,2026,861007,70010006310,1,N, , ,N,N,N
00026429,15,2026,315183,70010014701,2,N, , ,N,N,N
00026429,15,2026,860975,70010049105,1,N, , ,N,N,N
00026429,15,2026,197943,70010075401,2,N, , ,Y,N,N
00026429,15,2026,197944,70010077001,2,N, , ,Y,N,N
00026429,15,2026,1923432,70069005101,1,N, , ,N,N,N
00026429,15,2026,1659929,70069007110,2,N, , ,N,N,N
00026429,15,2026,313415,70069013101,2,N, , ,N,N,N
00026429,15,2026,1000647,70069018101,2,N, , ,N,N,N
00026429,15,2026,1000862,70069019101,2,N, , ,N,N,N
00026429,15,2026,1000897,70069020101,2,N, , ,N,N,N
00026429,15,2026,861200,70069023101,1,N, , ,N,N,N
00026429,15,2026,2058906,70127010010,5,N, , ,Y,N,N
00026429,15,2026,2049133,70255001002,5,N, , ,Y,N,N
00026429,15,2026,2049121,70255002501,5,N, , ,Y,N,N
00026429,15,2026,1855072,70301100201,5,N, , ,N,N,N
00026429,15,2026,2541513,70370106001,5,N, , ,Y,N,N
00026429,15,2026,1986331,70370108001,5,N, , ,Y,N,N
00026429,15,2026,1918230,70370204001,5,N, , ,Y,N,N
00026429,15,2026,2054269,70370204806,5,N, , ,Y,N,N
00026429,15,2026,2701401,70370502501,5,N, , ,N,N,N
00026429,15,2026,2701405,70370505001,5,N, , ,N,N,N
00026429,15,2026,2701397,70370510001,5,N, , ,N,N,N
00026429,15,2026,2701413,70370525001,5,N, , ,N,N,N
00026429,15,2026,998189,70377001022,5,N, , ,Y,N,N
00026429,15,2026,845515,70377001122,5,N, , ,Y,N,N
00026429,15,2026,1119400,70377001222,5,N, , ,Y,N,N
00026429,15,2026,845507,70377001322,5,N, , ,Y,N,N
00026429,15,2026,432402,70436000704,2,N, , ,N,N,N
00026429,15,2026,432401,70436000804,2,N, , ,N,N,N
00026429,15,2026,432400,70436000904,2,N, , ,N,N,N
00026429,15,2026,993541,70436001002,2,N, , ,N,N,N
00026429,15,2026,993557,70436001102,2,N, , ,N,N,N
00026429,15,2026,1874553,70436001304,2,N, , ,N,N,N
00026429,15,2026,1668238,70436001982,2,N, , ,N,N,N
00026429,15,2026,1607617,70436003604,2,N, , ,N,N,N
00026429,15,2026,198116,70436015301,2,N, , ,N,N,N
00026429,15,2026,141963,70436022236,2,N, , ,N,N,N
00026429,15,2026,465355,70436023039,5,N, , ,N,N,N
00026429,15,2026,1940654,70437024018,5,N, , ,Y,N,N
00026429,15,2026,2602122,70510232102,5,N, , ,Y,N,N
00026429,15,2026,1807632,70512084111,2,N, , ,N,N,N
00026429,15,2026,799040,70515071101,3,N, , ,N,N,N
00026429,15,2026,799037,70515071201,3,N, , ,N,N,N
00026429,15,2026,1117522,70594002304,5,N, , ,N,N,N
00026429,15,2026,1426600,70700010185,2,N, , ,N,N,N
00026429,15,2026,260243,70700016201,2,N, , ,N,N,N
00026429,15,2026,312641,70700016301,2,N, , ,N,N,N
00026429,15,2026,889614,70700018501,2,N, , ,N,N,N
00026429,15,2026,808917,70700026894,2,N, , ,N,N,N
00026429,15,2026,1607784,70700027030,2,N, , ,N,N,N
00026429,15,2026,835829,70700028822,2,N, , ,N,N,N
00026429,15,2026,2696255,70700032650,2,N, , ,N,N,N
00026429,15,2026,2569480,70709001303,5,N, , ,N,N,N
00026429,15,2026,2719722,70709011260,5,N, , ,N,N,N
00026429,15,2026,2702682,70709012130,5,N, , ,N,N,N
00026429,15,2026,2702684,70709012390,5,N, , ,N,N,N
00026429,15,2026,866144,70710111001,2,N, , ,N,N,N
00026429,15,2026,197698,70710113803,2,N, , ,N,N,N
00026429,15,2026,1300791,70710115903,4,N, , ,N,N,N
00026429,15,2026,1300801,70710116003,4,N, , ,N,N,N
00026429,15,2026,197383,70710116701,1,N, , ,N,N,N
00026429,15,2026,197382,70710116801,1,N, , ,N,N,N
00026429,15,2026,722122,70710117903,2,N, , ,N,N,N
00026429,15,2026,722116,70710118003,2,N, , ,N,N,N
00026429,15,2026,856783,70710122501,2,N, , ,Y,N,N
00026429,15,2026,1607796,70710127503,2,N, , ,N,N,N
00026429,15,2026,1607792,70710127703,2,N, , ,N,N,N
00026429,15,2026,198318,70710128901,2,N, , ,N,N,N
00026429,15,2026,1490026,70710138909,4,N, , ,Y,N,N
00026429,15,2026,1490034,70710139009,4,N, , ,Y,N,N
00026429,15,2026,1490038,70710139109,4,N, , ,Y,N,N
00026429,15,2026,198317,70710152101,2,N, , ,N,N,N
00026429,15,2026,2716710,70710174901,5,N, , ,Y,N,N
00026429,15,2026,2716704,70710175003,5,N, , ,Y,N,N
00026429,15,2026,2716706,70710175103,5,N, , ,Y,N,N
00026429,15,2026,2716708,70710175203,5,N, , ,Y,N,N
00026429,15,2026,665038,70710189903,3,N, , ,N,N,N
00026429,15,2026,665042,70710190003,3,N, , ,N,N,N
00026429,15,2026,665033,70710190103,3,N, , ,N,N,N
00026429,15,2026,801957,70710207802,2,N, , ,N,N,N
00026429,15,2026,1872458,70720012585,5,N, , ,N,N,N
00026429,15,2026,2719335,70748023806,5,N, , ,N,N,N
00026429,15,2026,2719337,70748023906,5,N, , ,N,N,N
00026429,15,2026,1376336,70748033202,2,N, , ,N,N,N
00026429,15,2026,755497,70752010212,2,N, , ,N,N,N
00026429,15,2026,1085741,70752012905,2,N, , ,N,N,N
00026429,15,2026,198175,70752017110,2,N, , ,N,N,N
00026429,15,2026,351133,70756021490,2,N, , ,N,N,N
00026429,15,2026,857297,70756040511,2,N, , ,Y,N,N
00026429,15,2026,857301,70756040611,2,N, , ,Y,N,N
00026429,15,2026,857305,70756040711,2,N, , ,Y,N,N
00026429,15,2026,863664,70954000520,2,N, , ,N,N,N
00026429,15,2026,313362,70954001410,2,N, , ,N,N,N
00026429,15,2026,313364,70954001510,2,N, , ,N,N,N
00026429,15,2026,313366,70954001610,2,N, , ,N,N,N
00026429,15,2026,313361,70954001710,2,N, , ,N,N,N
00026429,15,2026,312593,70954001910,2,N, , ,N,N,N
00026429,15,2026,312594,70954002010,2,N, , ,N,N,N
00026429,15,2026,198141,70954002110,2,N, , ,N,N,N
00026429,15,2026,197558,70954013510,2,N, , ,N,N,N
00026429,15,2026,197557,70954013610,2,N, , ,N,N,N
00026429,15,2026,315134,70954013910,2,N, , ,N,N,N
00026429,15,2026,311913,70954015110,2,N, , ,N,N,N
00026429,15,2026,1307427,70954016810,2,N, , ,Y,N,N
00026429,15,2026,307730,70954018810,2,N, , ,N,N,N
00026429,15,2026,905283,70954021110,2,N, , ,N,N,N
00026429,15,2026,905269,70954021210,2,N, , ,N,N,N
00026429,15,2026,197949,70954022810,2,N, , ,N,N,N
00026429,15,2026,308976,70954024010,2,N, , ,N,N,N
00026429,15,2026,312242,70954031910,4,N, , ,Y,N,N
00026429,15,2026,311727,70954044310,2,N, , ,N,N,N
00026429,15,2026,317128,70954044410,2,N, , ,N,N,N
00026429,15,2026,198181,70954048430,2,N, , ,N,N,N
00026429,15,2026,197448,70954049210,2,N, , ,N,N,N
00026429,15,2026,198332,70954054110,2,N, , ,N,N,N
00026429,15,2026,617333,71297024035,3,N, , ,N,N,N
00026429,15,2026,237178,71321050010,2,N, , ,N,N,N
00026429,15,2026,346574,71321050110,2,N, , ,N,N,N
00026429,15,2026,2044928,71332000101,5,N, , ,Y,N,N
00026429,15,2026,2044932,71332000201,5,N, , ,Y,N,N
00026429,15,2026,2623654,71332000501,5,N, , ,Y,N,N
00026429,15,2026,2394947,71332000660,5,N, , ,Y,N,N
00026429,15,2026,2594744,71334020505,5,N, , ,N,N,N
00026429,15,2026,2594742,71334021020,5,N, , ,N,N,N
00026429,15,2026,2594795,71334021550,5,N, , ,N,N,N
00026429,15,2026,2594746,71334022011,5,N, , ,N,N,N
00026429,15,2026,2594748,71334022512,5,N, , ,N,N,N
00026429,15,2026,2594750,71334023013,5,N, , ,N,N,N
00026429,15,2026,2045959,71369002010,5,N, , ,Y,N,N
00026429,15,2026,2045961,71369002015,5,N, , ,Y,N,N
00026429,15,2026,2045958,71369002030,5,N, , ,Y,N,N
00026429,15,2026,2721891,71558000130,5,N, , ,N,N,N
00026429,15,2026,2721895,71558000230,5,N, , ,N,N,N
00026429,15,2026,2059189,71558059028,5,N, , ,Y,N,N
00026429,15,2026,2283527,71699002530,5,N, , ,Y,N,N
00026429,15,2026,2265701,71699005030,5,N, , ,Y,N,N
00026429,15,2026,2283505,71699010030,5,N, , ,Y,N,N
00026429,15,2026,2283518,71699010356,5,N, , ,Y,N,N
00026429,15,2026,2540432,71699010456,5,N, , ,Y,N,N
00026429,15,2026,2283509,71699015030,5,N, , ,Y,N,N
00026429,15,2026,2283513,71699020030,5,N, , ,Y,N,N
00026429,15,2026,2283538,71699020128,4,N, , ,Y,N,N
00026429,15,2026,2283536,71699020228,5,N, , ,Y,N,N
00026429,15,2026,2283540,71699020328,5,N, , ,Y,N,N
00026429,15,2026,2059280,71715000221,5,N, , ,N,N,N
00026429,15,2026,861004,71717010611,1,N, , ,N,N,N
00026429,15,2026,311944,71740000110,2,N, , ,N,N,N
00026429,15,2026,1999316,71770012030,5,N, , ,N,N,N
00026429,15,2026,2714922,71779062301,5,N, , ,Y,N,N
00026429,15,2026,208083,71837584305,5,N, , ,N,N,N
00026429,15,2026,2701428,71860010101,5,N, , ,N,N,N
00026429,15,2026,905390,71863011460,5,N, , ,N,N,N
00026429,15,2026,2716556,71863011616,5,N, , ,N,N,N
00026429,15,2026,2636548,71881040012,5,N, , ,Y,N,N
00026429,15,2026,2046591,71921025096,5,N, , ,Y,N,N
00026429,15,2026,1091341,71930002452,2,N, , ,N,N,N
00026429,15,2026,2197890,72028004503,5,N, , ,Y,N,N
00026429,15,2026,2197894,72028017803,5,N, , ,Y,N,N
00026429,15,2026,2607531,72060011040,5,N, , ,Y,N,N
00026429,15,2026,2607535,72060012140,5,N, , ,Y,N,N
00026429,15,2026,2275613,72060014240,5,N, , ,Y,N,N
00026429,15,2026,2272118,72064011030,5,N, , ,Y,N,N
00026429,15,2026,2272122,72064012030,5,N, , ,Y,N,N
00026429,15,2026,2559725,72064012530,5,N, , ,Y,N,N
00026429,15,2026,2272126,72064013030,5,N, , ,Y,N,N
00026429,15,2026,2559729,72064015030,5,N, , ,Y,N,N
00026429,15,2026,2628484,72187010103,5,N, , ,Y,N,N
00026429,15,2026,2628489,72187010203,5,N, , ,Y,N,N
00026429,15,2026,859751,72205000490,1,N, , ,N,N,N
00026429,15,2026,313472,72205000891,5,N, , ,N,N,N
00026429,15,2026,483442,72205001190,2,Y,90,30,N,N,N
00026429,15,2026,483448,72205001290,2,Y,90,30,N,N,N
00026429,15,2026,483450,72205001390,2,Y,90,30,N,N,N
00026429,15,2026,483440,72205001590,2,Y,90,30,N,N,N
00026429,15,2026,483446,72205001690,2,Y,90,30,N,N,N
00026429,15,2026,577127,72205001790,2,Y,90,30,N,N,N
00026429,15,2026,483444,72205001890,2,Y,90,30,N,N,N
00026429,15,2026,859424,72205002790,1,N, , ,N,N,N
00026429,15,2026,834241,72205002930,2,N, , ,N,N,N
00026429,15,2026,1100075,72205003092,2,N, , ,N,N,N
00026429,15,2026,310003,72205003960,2,N, , ,N,N,N
00026429,15,2026,310004,72205004060,2,N, , ,N,N,N
00026429,15,2026,310005,72205004160,2,N, , ,N,N,N
00026429,15,2026,728113,72205004311,2,N, , ,N,N,N
00026429,15,2026,199672,72205005108,2,N, , ,N,N,N
00026429,15,2026,1790122,72205007179,5,N, , ,Y,N,N
00026429,15,2026,1299911,72205008430,4,N, , ,N,N,N
00026429,15,2026,1299917,72205008530,4,N, , ,N,N,N
00026429,15,2026,2001319,72205020132,4,N, , ,N,N,N
00026429,15,2026,1086778,72205026130,4,N, , ,Y,N,N
00026429,15,2026,1086784,72205026230,4,N, , ,Y,N,N
00026429,15,2026,1656340,72205028060,2,N, , ,N,N,N
00026429,15,2026,1656349,72205028160,2,N, , ,N,N,N
00026429,15,2026,2382990,72237010103,5,N, , ,Y,N,N
00026429,15,2026,2178407,72237010104,5,N, , ,Y,N,N
00026429,15,2026,2548766,72237010202,5,N, , ,Y,N,N
00026429,15,2026,2548767,72237010206,5,N, , ,Y,N,N
00026429,15,2026,2548742,72237010305,5,N, , ,Y,N,N
00026429,15,2026,2548736,72237010401,5,N, , ,Y,N,N
00026429,15,2026,2730156,72237010501,5,N, , ,Y,N,N
00026429,15,2026,2708339,72237010601,5,N, , ,Y,N,N
00026429,15,2026,310385,72241000811,1,N, , ,N,N,N
00026429,15,2026,313989,72241000910,1,N, , ,N,N,N
00026429,15,2026,2272630,72252050505,3,N, , ,N,N,N
00026429,15,2026,2272622,72252051005,3,N, , ,N,N,N
00026429,15,2026,2272636,72252051510,3,N, , ,N,N,N
00026429,15,2026,2272624,72252052010,3,N, , ,N,N,N
00026429,15,2026,828755,72266010601,4,N, , ,N,N,N
00026429,15,2026,828539,72266010701,4,N, , ,N,N,N
00026429,15,2026,2282414,72426011803,4,N, , ,N,N,N
00026429,15,2026,2283236,72426081803,4,N, , ,Y,N,N
00026429,15,2026,2595254,72482010012,5,N, , ,Y,N,N
00026429,15,2026,1665900,72511076002,4,N, , ,Y,N,N
00026429,15,2026,2699354,72526010611,5,N, , ,N,N,N
00026429,15,2026,2699350,72526010711,5,N, , ,N,N,N
00026429,15,2026,2699351,72526010811,5,N, , ,N,N,N
00026429,15,2026,2699352,72526010911,5,N, , ,N,N,N
00026429,15,2026,2699348,72526011011,5,N, , ,N,N,N
00026429,15,2026,2694294,72542012401,5,N, , ,Y,N,N
00026429,15,2026,2694298,72542014701,5,N, , ,Y,N,N
00026429,15,2026,2694302,72542016201,5,N, , ,Y,N,N
00026429,15,2026,2694306,72542019301,5,N, , ,Y,N,N
00026429,15,2026,197310,72578000201,2,N, , ,N,N,N
00026429,15,2026,349351,72578008601,2,N, , ,N,N,N
00026429,15,2026,197405,72578009306,2,N, , ,N,N,N
00026429,15,2026,2719223,72579012201,5,N, , ,Y,N,N
00026429,15,2026,2675749,72606002502,5,N, , ,N,N,N
00026429,15,2026,2675757,72606002510,5,N, , ,N,N,N
00026429,15,2026,2717873,72606003801,5,N, , ,Y,N,N
00026429,15,2026,2274390,72607010000,5,N, , ,Y,N,N
00026429,15,2026,2282320,72618300002,5,Y,16,30,Y,N,N
00026429,15,2026,1591943,72626260101,5,Y,30,30,Y,N,N
00026429,15,2026,1799212,72626270101,5,N, , ,Y,N,N
00026429,15,2026,2049884,72694061760,5,N, , ,Y,N,N
00026429,15,2026,2690663,72694072840,5,N, , ,Y,N,N
00026429,15,2026,2690659,72694087910,5,N, , ,Y,N,N
00026429,15,2026,1247658,72887016003,2,N, , ,N,N,N
00026429,15,2026,1867544,72888002407,2,N, , ,N,N,N
00026429,15,2026,834348,72888006130,2,N, , ,N,N,N
00026429,15,2026,756059,72888017246,4,N, , ,N,N,N
00026429,15,2026,2667941,72888046602,4,N, , ,N,N,N
00026429,15,2026,2714664,72964001101,5,N, , ,N,N,N
00026429,15,2026,2714668,72964001201,5,N, , ,N,N,N
00026429,15,2026,2714672,72964001301,5,N, , ,N,N,N
00026429,15,2026,2714676,72964001401,5,N, , ,N,N,N
00026429,15,2026,2472789,72974012001,5,N, , ,Y,N,N
00026429,15,2026,2058520,73116021556,5,N, , ,N,N,N
00026429,15,2026,2058525,73116022556,5,N, , ,N,N,N
00026429,15,2026,2369403,73207010130,5,N, , ,Y,N,N
00026429,15,2026,2705412,73207030240,5,N, , ,Y,N,N
00026429,15,2026,2705416,73207030340,5,N, , ,Y,N,N
00026429,15,2026,2705420,73207030440,5,N, , ,Y,N,N
00026429,15,2026,245248,73308043530,5,N, , ,N,N,N
00026429,15,2026,2719470,73352011960,5,N, , ,N,N,N
00026429,15,2026,2712088,73475122101,5,N, , ,N,N,N
00026429,15,2026,2587070,73536050001,5,N, , ,N,N,N
00026429,15,2026,2698345,73555050000,5,N, , ,Y,N,N
00026429,15,2026,2698337,73555050100,5,N, , ,Y,N,N
00026429,15,2026,2698341,73555050200,5,N, , ,Y,N,N
00026429,15,2026,2572111,73556016801,5,N, , ,Y,N,N
00026429,15,2026,1595462,73562011001,3,N, , ,N,N,N
00026429,15,2026,1595473,73562011101,3,N, , ,N,N,N
00026429,15,2026,1595478,73562011201,3,N, , ,N,N,N
00026429,15,2026,1595292,73562011301,3,N, , ,N,N,N
00026429,15,2026,1995479,73562011401,3,N, , ,N,N,N
00026429,15,2026,1595457,73562011501,3,N, , ,N,N,N
00026429,15,2026,1594673,73562011601,3,N, , ,N,N,N
00026429,15,2026,2669472,73562011701,5,N, , ,N,N,N
00026429,15,2026,763457,73604091404,5,N, , ,N,N,N
00026429,15,2026,602399,74157001390,5,N, , ,N,N,N
00026429,15,2026,2691103,74157010160,5,N, , ,N,N,N
00026429,15,2026,602407,74157011190,5,N, , ,N,N,N
00026429,15,2026,905059,74676590201,4,N, , ,N,N,N
00026429,15,2026,905064,74676590401,4,N, , ,N,N,N
00026429,15,2026,905057,74676590601,4,N, , ,N,N,N
00026429,15,2026,199167,75826013910,2,N, , ,N,N,N
00026429,15,2026,199168,75826014110,2,N, , ,N,N,N
00026429,15,2026,197500,75834011001,2,N, , ,N,N,N
00026429,15,2026,897640,75834015801,2,N, , ,N,N,N
00026429,15,2026,808753,75834021730,4,N, , ,N,N,N
00026429,15,2026,835956,75907000530,2,N, , ,N,N,N
00026429,15,2026,310154,75907007601,2,N, , ,N,N,N
00026429,15,2026,197980,75907016601,5,N, , ,N,N,N
00026429,15,2026,284191,75907016911,5,N, , ,N,N,N
00026429,15,2026,751970,75987011111,5,N, , ,N,N,N
00026429,15,2026,1809436,76125090001,5,N, , ,N,N,N
00026429,15,2026,351137,76204001055,2,N, , ,Y,N,N
00026429,15,2026,351136,76204001155,2,N, , ,Y,N,N
00026429,15,2026,630208,76204020025,2,N, , ,Y,N,N
00026429,15,2026,1191250,76329336901,2,N, , ,N,N,N
00026429,15,2026,207373,76336008060,5,N, , ,N,N,N
00026429,15,2026,1245268,76346007302,5,Y,120,30,Y,N,N
00026429,15,2026,1922763,76385012701,2,N, , ,N,N,N
00026429,15,2026,1536144,78206011201,4,N, , ,N,N,N
00026429,15,2026,1536148,78206011301,4,N, , ,N,N,N
00026429,15,2026,1111011,78206014501,3,N, , ,N,N,N
00026429,15,2026,2673205,78670015001,5,N, , ,N,N,N
00026429,15,2026,2712467,79378021030,5,N, , ,N,N,N
00026429,15,2026,2712479,79378021530,5,N, , ,N,N,N
00026429,15,2026,2712471,79378022030,5,N, , ,N,N,N
00026429,15,2026,2712475,79378023030,5,N, , ,N,N,N
00026429,15,2026,2564037,79802020030,5,N, , ,Y,N,N
00026429,15,2026,197894,80005011402,2,N, , ,Y,N,N
00026429,15,2026,197896,80005011502,2,N, , ,Y,N,N
00026429,15,2026,197895,80005011602,5,N, , ,Y,N,N
00026429,15,2026,863606,80005016108,2,N, , ,N,N,N
00026429,15,2026,205646,80725014318,5,N, , ,N,N,N
00026429,15,2026,207347,80725025001,5,N, , ,N,N,N
00026429,15,2026,105553,80725061025,5,N, , ,N,N,N
00026429,15,2026,105590,80725063025,5,N, , ,Y,N,N
00026429,15,2026,213282,80725082060,4,N, , ,N,N,N
00026429,15,2026,213283,80725083060,4,N, , ,N,N,N
00026429,15,2026,213284,80725084060,4,N, , ,N,N,N
00026429,15,2026,2625923,80739081218,5,N, , ,Y,N,N
00026429,15,2026,2685012,80777034563,6,N, , ,N,N,N
00026429,15,2026,2685223,80789000315,5,N, , ,N,N,N
00026429,15,2026,2717850,81153010001,5,N, , ,N,N,N
00026429,15,2026,1293864,81279010420,4,N, , ,N,N,N
00026429,15,2026,2714182,81279012360,5,N, , ,N,N,N
00026429,15,2026,2714184,81279012460,5,N, , ,N,N,N
00026429,15,2026,2604700,81583010001,5,N, , ,N,N,N
00026429,15,2026,311192,81665010210,2,N, , ,N,N,N
00026429,15,2026,311197,81665010310,2,N, , ,N,N,N
00026429,15,2026,311166,81665010710,2,N, , ,N,N,N
00026429,15,2026,197832,81665010810,2,N, , ,N,N,N
00026429,15,2026,2602306,81672505101,5,N, , ,Y,N,N
00026429,15,2026,2665224,81864010130,5,N, , ,Y,N,N
00026429,15,2026,2665220,81864010230,5,N, , ,Y,N,N
00026429,15,2026,2665216,81864010330,5,N, , ,Y,N,N
00026429,15,2026,2699837,81927020101,5,N, , ,Y,N,N
00026429,15,2026,2671462,81927020401,4,N, , ,N,N,N
00026429,15,2026,2644512,81942012501,5,N, , ,N,N,N
00026429,15,2026,313888,81948625001,4,N, , ,N,N,N
00026429,15,2026,1361574,81952011606,2,N, , ,N,N,N
00026429,15,2026,2611266,81968004530,5,N, , ,N,N,N
00026429,15,2026,197361,82009002710,1,N, , ,N,N,N
00026429,15,2026,352297,82154044901,5,N, , ,N,N,N
00026429,15,2026,731328,82154045104,5,N, , ,N,N,N
00026429,15,2026,1862595,82154078301,5,N, , ,Y,N,N
00026429,15,2026,1921589,82154078401,5,N, , ,Y,N,N
00026429,15,2026,1862590,82154078501,5,N, , ,Y,N,N
00026429,15,2026,2698324,82228071228,5,N, , ,N,N,N
00026429,15,2026,993470,82293000410,2,N, , ,N,N,N
00026429,15,2026,993462,82293000510,2,N, , ,N,N,N
00026429,15,2026,2680364,82448010014,5,N, , ,N,N,N
00026429,15,2026,2705623,82448013042,5,N, , ,Y,N,N
00026429,15,2026,2705635,82448013484,5,N, , ,Y,N,N
00026429,15,2026,2680370,82448015014,5,N, , ,N,N,N
00026429,15,2026,2705628,82448026084,5,N, , ,Y,N,N
00026429,15,2026,2677909,82576006030,5,N, , ,Y,N,N
00026429,15,2026,2677913,82576008030,5,N, , ,Y,N,N
00026429,15,2026,2677905,82576010030,5,N, , ,Y,N,N
00026429,15,2026,1601373,82625880201,4,N, , ,N,N,N
00026429,15,2026,207100,82667001205,3,N, , ,N,N,N
00026429,15,2026,2590613,82667001401,5,N, , ,N,N,N
00026429,15,2026,2717955,82928030004,5,N, , ,N,N,N
00026429,15,2026,2690858,82950000116,5,N, , ,N,N,N
00026429,15,2026,2690860,82950000120,5,N, , ,N,N,N
00026429,15,2026,2690862,82950000124,5,N, , ,N,N,N
00026429,15,2026,2682445,82950001201,5,N, , ,N,N,N
00026429,15,2026,2687226,83034000360,5,N, , ,Y,N,N
00026429,15,2026,2712644,83076102503,5,N, , ,Y,N,N
00026429,15,2026,2712640,83076110006,5,N, , ,Y,N,N
00026429,15,2026,2048025,83257000541,5,N, , ,N,N,N
00026429,15,2026,2563976,83257001411,2,N, , ,N,N,N
00026429,15,2026,2563971,83257001532,2,N, , ,N,N,N
00026429,15,2026,2705597,83257002341,3,N, , ,N,N,N
00026429,15,2026,2705603,83257002411,3,N, , ,N,N,N
00026429,15,2026,2705600,83257002541,3,N, , ,N,N,N
00026429,15,2026,310027,83634011120,2,N, , ,N,N,N
00026429,15,2026,2710443,83787010331,5,N, , ,N,N,N
00026429,15,2026,2693623,83853010101,5,N, , ,N,N,N
00026429,15,2026,2711562,83860002501,5,N, , ,N,N,N
00026429,15,2026,2711568,83860007501,5,N, , ,N,N,N
00026429,15,2026,2711556,83860015001,5,N, , ,N,N,N
00026429,15,2026,2716931,84651020030,5,N, , ,Y,N,N
00026429,15,2026,2720345,85043002502,5,N, , ,N,N,N
00026429,15,2026,2723399,85043003003,5,N, , ,N,N,N
00026429,15,2026,2720348,85043004504,5,N, , ,N,N,N
